,Accuracy,F1 (micro)
Global,0.5014041514041513,0.5014041514041513
