ACC imiting Annotator,CE imiting Annotator
0.6678978028144652,0.7074609814726702
