,Accuracy,F1 (micro)
Global,0.6286935286935288,0.6286935286935288
