,Accuracy,F1 (micro)
Global,0.5764957264957264,0.5764957264957264
