Groups,Entropy,Diag Mean,KL to I,I similar % (JS),Accuracy,F1 (micro)
0.0,0.5204931557178497,0.5559187784790993,1.6694830485585022,0.6482335542462863,0.5836385836385835,0.5836385836385835
1.0,0.46540011614561083,0.5954297289252282,1.5964070843041047,0.6714584938612439,0.5614774114774114,0.5614774114774114
2.0,0.49373446255922315,0.5678957499563694,1.6137356563076692,0.6521783737002587,0.5587912087912087,0.5587912087912087
