ACC imiting Annotator,CE imiting Annotator
0.636546596627203,0.7306533700871423
