,Accuracy,F1 (micro)
Global,0.5863247863247861,0.5863247863247861
