Groups,Entropy,Diag Mean,KL to I,I similar % (JS),Accuracy,F1 (micro)
0.0,0.2891130303964019,0.7091620072722435,1.0193834817019625,0.764212648382917,0.6115995115995115,0.6115995115995115
1.0,0.2781559806317091,0.6612458303570747,1.299118671397784,0.7144414529623709,0.6987789987789987,0.6987789987789987
2.0,0.3401311969384551,0.6964107193052769,0.9653861730157471,0.7618868278467582,0.6937118437118436,0.6937118437118436
