ACC imiting Annotator,CE imiting Annotator
0.7107860705293843,0.7395506839930307
