,Accuracy,F1 (micro),Average KL,Average PearsonCorr
Global,0.5571632071632071,0.5571632071632071,0.2620229847282579,0.8419793754135461
