,Accuracy,F1 (micro),Average KL,Average PearsonCorr,Average RMSE
Global,0.5594831094831095,0.5594831094831095,0.942451101152745,0.41103796388176167,0.23057552085061878
