,Accuracy,F1 (micro)
Global,0.6198412698412697,0.6198412698412697
