,Accuracy,F1 (micro),Average KL,Average PearsonCorr
Global,0.5948310948310949,0.5948310948310949,2.256261692192149,0.4958455440276016
