,Accuracy,F1 (micro),Average KL,Average PearsonCorr
Global,0.8511599511599511,0.8511599511599511,0.8208712404651445,
