,Accuracy,F1 (micro),Average KL,Average PearsonCorr
Global,0.5571632071632071,0.5571632071632071,1.9924197110472714,0.4989128543841403
