,Accuracy,F1 (micro)
Global,0.8645909645909647,0.8645909645909647
