,Accuracy,F1 (micro),Average KL,Average PearsonCorr,Average RMSE
Global,0.48329263329263333,0.48329263329263333,1.0416040228755605,0.4065631582212251,0.23611894178615672
