,Accuracy,F1 (micro),Average KL,Average PearsonCorr,Average RMSE
Global,0.7728530728530727,0.7728530728530727,0.1517882742627415,0.8481815419725212,0.22285889385025098
