,Accuracy,F1 (micro)
Global,0.9312169312169312,0.9312169312169312
