,Accuracy,F1 (micro),Average KL,Average PearsonCorr,Average RMSE
Global,0.6115384615384615,0.6115384615384615,1.002964269746531,0.4590033376219158,0.1953773904203633
