Groups,Entropy,Diag Mean,KL to I,I similar % (JS),Accuracy,F1 (micro)
0.0,0.3828858777880669,0.7177132502198219,0.873547083964618,0.7898841077184351,0.6045177045177044,0.6045177045177044
1.0,0.35020335093140603,0.6936170682311058,0.9948701217058253,0.7581105127736544,0.5985958485958485,0.5985958485958485
2.0,0.37024988867342473,0.6860839761793613,0.9994679117774588,0.7586233794351687,0.5978632478632477,0.5978632478632477
