,Accuracy,F1 (micro),Average KL,Average PearsonCorr
Global,0.5948310948310949,0.5948310948310949,0.28178129747110237,0.8231696915483262
