,Accuracy,F1 (micro)
Global,0.783943833943834,0.783943833943834
