ACC imiting Annotator,CE imiting Annotator
0.6160737401700991,0.7495830162382411
