,Accuracy,F1 (micro),F1 (macro),(R) NormF mean,(R) JS mean,(G) NormF,(G) JS
All,0.6423067705212704,0.6423067705212704,0.6270914979256218,0.20112546385196234,0.16609052456959922,0.14340674193181696,0.06365476823914432
