,Accuracy,F1 (micro),F1 (macro)
All,0.6031852472757753,0.6031852472757753,0.5839924729074883
