,Accuracy,F1 (micro),F1 (macro)
All,0.6105316728535504,0.6105316728535504,0.5763405234295763
