,Accuracy,F1 (micro),F1 (macro)
All,0.004782426747804912,0.004782426747804912,0.009251198194153421
