,Accuracy,F1 (micro),F1 (macro),(R) NormF mean,(R) JS mean,(G) NormF,(G) JS
All,0.005632755595051519,0.005632755595051519,0.012235762463545338,0.012965652899932208,0.01768797434413328,0.011794846465173025,0.015016024569923889
