,Accuracy,F1 (micro),F1 (macro),(R) NormF mean,(R) JS mean,(G) NormF,(G) JS
All,0.0039798421267543075,0.0039798421267543075,0.006870286627648532,0.0017099916615667633,0.0036912919400080785,0.002127843196340949,0.004713151152327014
