,Accuracy,F1 (micro),F1 (macro),(R) NormF mean,(R) JS mean,(R) NormF w,(R) JS w,(G) NormF,(G) JS
All,0.0043841190595171635,0.0043841190595171635,0.009428890304632473,5.551115123125783e-17,1.3877787807814457e-16,5.551115123125783e-17,4.163336342344337e-17,1.3877787807814457e-17,3.469446951953614e-18
