Groups,Prob,Entropy,Diag mean,Isim (JS),S_raykar,S_bias,C_bias,Iner JS,Iner NormF,Accuracy,F1 (micro)
0.0,0.007275413822424246,0.022242323309243542,0.0037682743699897717,0.0049154441556670085,0.005024365826653023,0.012188784833643957,0.0,0.008249808361839401,0.007763459823313977,0.008478878548139179,0.008478878548139179
0.0,0.010562016786351073,0.011164508282889242,0.0029038641665061716,0.0014789302630280848,0.0038718188886748845,0.0029691927482740415,0.3,0.008249808361839401,0.007763459823313977,0.005149515567008525,0.005149515567008525
0.0,0.00655818526815387,0.010461856218830877,0.010343796822479287,0.00822988891998024,0.01379172909663905,0.014629524056829494,0.0,0.008249808361839401,0.007763459823313977,0.014558307577554275,0.014558307577554275
