,Accuracy,F1 (micro),F1 (macro)
All,0.0047884383036416785,0.0047884383036416785,0.00827970956219283
