,Accuracy,F1 (micro),F1 (macro),(R) NormF mean,(R) JS mean,(G) NormF,(G) JS
All,0.0033314708301969654,0.0033314708301969654,0.007115427615874027,0.005941114413841679,0.008969426029100697,0.008664450873956108,0.012114242075736971
