,Accuracy,F1 (micro),F1 (macro),(R) NormF mean,(R) JS mean,(G) NormF,(G) JS
All,0.0025754105167347155,0.0025754105167347155,0.006883374369301265,0.0006365506653480211,0.0005269362717076701,0.0004337137185326129,0.00028384604139022673
