,Accuracy,F1 (micro),F1 (macro)
All,0.6977231875374476,0.6977231875374476,0.6857540964833102
