,Accuracy,F1 (micro),F1 (macro)
All,0.5922763740869358,0.5922763740869358,0.5089136929432518
