,Accuracy,F1 (micro),F1 (macro)
All,0.0036526056397165802,0.0036526056397165802,0.0060498551727824505
