,Accuracy,F1 (micro),F1 (macro)
All,0.6267931984193511,0.6267931984193511,0.6092025414442117
