,Accuracy,F1 (micro),F1 (macro)
All,0.0047901299161174,0.0047901299161174,0.0131121167719548
