,Accuracy,F1 (micro)
Global,0.8004208754208754,0.8004208754208754
