,Accuracy,F1 (micro),Mean NormF,Mean JS,Wmean NormF,Wmean JS
Global,0.7734000000000001,0.7734000000000001,0.19083263666662922,0.24644127053127302,0.14913048871992196,0.14996406842987622
