,Accuracy,F1 (micro)
Global,0.8072109988776653,0.8072109988776653
