,Accuracy,F1 (micro),Mean NormF,Mean JS,Wmean NormF,Wmean JS
Global,0.7766666666666667,0.7766666666666667,0.18965182048141177,0.24853089517251128,0.14484858083251842,0.15004654497357622
