Groups,Prob,T(g),Entropy,Diag Mean,KL to I,I sim %(JS),Spammer,Accuracy,F1 (micro)
0.0,0.9951997637748718,58.0,0.855954639116923,0.7303617854913076,0.33806711930514827,0.7744025779897635,0.6918420334657033,0.8084175084175083,0.8084175084175083
1.0,0.0032354318303987385,0.0,2.0768667221069337,0.13332489430904387,2.0156706033572203,-0.015585236812419578,0.009514163465549548,0.5164983164983166,0.5164983164983166
2.0,0.0015648041618987918,0.0,2.079016860326131,0.12846461981534957,2.0521590021334144,-0.026411956716828323,0.0039595641195774075,0.5106902356902359,0.5106902356902359
