,Accuracy,F1 (micro)
Global,0.7736531986531987,0.7736531986531987
