,Accuracy,F1 (micro)
Global,0.9259259259259259,0.9259259259259259
