,Accuracy,F1 (micro),Mean NormF,Mean JS,Wmean NormF,Wmean JS
Global,0.8108666666666667,0.8108666666666667,0.1394344217191308,0.1530202422628418,0.09834164364938415,0.08577791115099812
