,Accuracy,F1 (micro)
Global,0.7589225589225588,0.7589225589225588
