,Accuracy,F1 (micro),Mean NormF,Mean JS,Wmean NormF,Wmean JS,Mean RMSE,Wmean RMSE
Global,0.7960999999999999,0.7960999999999999,0.18539403340868693,0.3111516152443817,0.1566692102479129,0.2628376156790197,0.06324416905624404,0.05611830912184268
