,Accuracy,F1 (micro),Mean NormF,Mean JS,Wmean NormF,Wmean JS,Mean RMSE,Wmean RMSE
Global,0.8181333333333334,0.8181333333333334,0.16357133266052204,0.21555856817035482,0.1196838393307802,0.1351496825897431,0.13651102759113867,0.09259259259259256
