Mean ACC imiting Annot,Mean cross-entropy,Wmean ACC imiting Annot,wMean cross entropy
0.7275068055367562,0.7931781275137122,0.7522968197879858,0.7567915912012546
