,Accuracy,F1 (micro)
Global,0.7886644219977553,0.7886644219977553
