Mean ACC imiting Annot,Mean cross-entropy,Wmean ACC imiting Annot,wMean cross entropy
0.8156455358484759,1.149951021392698,0.7893992932862192,0.9503989197457121
