Mean ACC imiting Annot,Mean cross-entropy,Wmean ACC imiting Annot,wMean cross entropy
0.38037421542010325,1.7936937583964585,0.380424340668872,1.7935740688746935
