,Accuracy,F1 (micro)
Global,0.5055799999999999,0.5055799999999999
