,Accuracy,F1 (micro)
Global,0.48685999999999996,0.48685999999999996
