,Accuracy,F1 (micro)
Global,0.74538,0.7453799999999999
