Groups,Prob,T(g),Entropy,Diag Mean,KL to I,I sim %(JS),Spammer,Accuracy,F1 (micro)
0.0,0.32384846210479734,31.8,0.9754266381263733,0.7336415350437164,0.3558480342883803,0.7685292003863358,0.7040461838245392,0.74334,0.7433400000000001
1.0,0.16859036087989807,16.4,1.1136344432830811,0.6503114104270935,0.9447609565954327,0.6427701141278399,0.6114571213722229,0.6712,0.6712
2.0,0.3364907741546631,33.0,0.8678825497627258,0.7709269762039185,0.3051153361177589,0.8021441750640627,0.7454743981361389,0.6848599999999999,0.68486
3.0,0.1710704118013382,16.6,1.541039776802063,0.4729653000831604,0.9618936521362871,0.4696666059676578,0.4144058883190155,0.6225400000000001,0.6225400000000001
