,Accuracy,F1 (micro),Mean NormF,Mean JS,Wmean NormF,Wmean JS,Mean RMSE,Wmean RMSE
Global,0.837032,0.837032,0.1108641448177042,0.12498221099084757,0.11084816719202006,0.12494054067821403,0.3591202155571568,0.35897322398814835
