,Accuracy,F1 (micro),Mean NormF,Mean JS,Wmean NormF,Wmean JS
Global,0.797784,0.797784,0.15656559301664166,0.23687322974766448,0.15659622961893516,0.2369114977794436
