,Accuracy,F1 (micro)
Global,0.7638199999999999,0.7638199999999999
