,Accuracy,F1 (micro)
Global,0.7036800000000001,0.7036800000000001
