,Accuracy,F1 (micro),Mean NormF,Mean JS,Wmean NormF,Wmean JS
Global,0.56552,0.56552,0.13745038421623737,0.21196533569641182,0.13745051578030232,0.21197201047481307
