Mean ACC imiting Annot,Mean cross-entropy,Wmean ACC imiting Annot,wMean cross entropy
0.39598740397955834,1.697261958766258,0.39620551048161134,1.6969055077142332
