,Accuracy,F1 (micro),Mean NormF,Mean JS,Wmean NormF,Wmean JS,Mean RMSE,Wmean RMSE
Global,0.8099360000000001,0.8099360000000001,0.05829218878603308,0.05691539801618005,0.05819674618255225,0.05678826775771802,0.16098118779414813,0.16081583189015589
