,Accuracy,F1 (micro),Mean NormF,Mean JS,Wmean NormF,Wmean JS,Mean RMSE,Wmean RMSE
Global,0.826624,0.826624,0.013035222161922003,0.004174879703789323,0.013032440310170382,0.004173001438842331,0.21766322868275845,0.2176069440800476
