Mean ACC imiting Annot,Mean cross-entropy,Wmean ACC imiting Annot,wMean cross entropy
0.3703497968282071,1.8869478714932424,0.3704588549860327,1.88675436382172
