,Accuracy,F1 (micro),Mean NormF,Mean JS,Wmean NormF,Wmean JS,Mean RMSE,Wmean RMSE
Global,0.808948,0.808948,0.05591326925739929,0.04753111644824163,0.05582096727916902,0.04739029270071309,0.25345360848815074,0.2537613826463369
