,Accuracy,F1 (micro),Average KL,Average PearsonCorr,Average RMSE
Global,0.629224,0.629224,0.18968025767117327,0.4502269898570918,0.0587185789636457
