,Accuracy,F1 (micro)
Global,0.41041000000000005,0.41041000000000005
