ACC imiting Annotator,CE imiting Annotator
0.35663828576733075,1.77443882756384
