ACC imiting Annotator,CE imiting Annotator
0.3449133024552283,1.8435758290721491
