Groups,Entropy,Diag Mean,KL to I,I similar % (JS),Accuracy,F1 (micro)
0.0,1.0760317236185073,0.7025017291307449,0.3973768378179429,0.8200828764751467,0.64774,0.64774
1.0,1.3285384774208069,0.5903934836387634,0.6288955396852691,0.7320679651455908,0.59467,0.59467
2.0,1.1110366582870483,0.672715750336647,0.47476336701448363,0.7939068105848788,0.57603,0.57603
3.0,1.194695571064949,0.6101827323436737,0.6283094206644904,0.7398830281988639,0.49355000000000004,0.49355000000000004
