,Accuracy,F1 (micro),Average KL,Average PearsonCorr
Global,0.41573000000000004,0.41573000000000004,0.20789928532322394,0.9362609297984223
