,Accuracy,F1 (micro)
Global,0.5961599999999999,0.5961599999999999
