Groups,Entropy,Diag Mean,KL to I,I similar % (JS),Accuracy,F1 (micro)
0.0,1.1863091349601746,0.667730838060379,0.4563636388765831,0.7958067406791823,0.6423699999999999,0.6423699999999999
1.0,1.304059761762619,0.5999425232410431,0.608914925172345,0.7406726835184897,0.5651900000000001,0.5651900000000001
2.0,1.0930343210697173,0.6529246345162392,0.6030922699008439,0.7645485212077026,0.5432400000000001,0.5432400000000001
3.0,1.3315151393413545,0.5615060865879059,0.7373863714740655,0.7041772309579597,0.5042199999999999,0.5042199999999999
