,Accuracy,F1 (micro),Average KL,Average PearsonCorr,Average RMSE
Global,0.6835239999999999,0.6835239999999999,0.6813615211805999,-0.2856917526910251,0.04070367816340422
