,Accuracy,F1 (micro)
Global,0.6090899999999999,0.6090899999999999
