ACC imiting Annotator,CE imiting Annotator
0.34200142985396226,1.8882727184798604
