,Accuracy,F1 (micro),Average KL,Average PearsonCorr,Average RMSE
Global,0.668012,0.668012,0.4815928520576385,-0.09377564257489959,0.050845675834700524
