,Accuracy,F1 (micro),Average KL,Average PearsonCorr
Global,0.62263,0.62263,0.09307247415394512,0.9363153053401513
