Groups,Entropy,Diag Mean,KL to I,I similar % (JS),Accuracy,F1 (micro)
0.0,1.594417154788971,0.4981530874967575,0.7365002924696368,0.6778148347254047,0.6184000000000001,0.6184000000000001
1.0,1.677811825275421,0.4377382308244705,0.9085165712742184,0.6228021343840298,0.5588599999999999,0.5588599999999999
2.0,1.6725844383239745,0.42895257472991943,0.9453656493193808,0.6133349985227331,0.52519,0.52519
3.0,1.667618727684021,0.39592317342758176,1.104957314387959,0.577401189326874,0.5054099999999999,0.5054099999999999
