,Accuracy,F1 (micro),Average KL,Average PearsonCorr
Global,0.41573000000000004,0.41573000000000004,2.051159691892511,0.6526586201873474
