,Accuracy,F1 (micro)
Global,0.6159199999999999,0.6159199999999999
