ACC imiting Annotator,CE imiting Annotator
0.35041005071915654,1.8406987460044835
