,Accuracy,F1 (micro),Average KL,Average PearsonCorr,Average RMSE
Global,0.7772479999999999,0.7772479999999999,0.012662151089379629,0.9778872214463371,0.057881347029288176
