,Accuracy,F1 (micro),F1 (macro),(R) NormF mean,(R) JS mean,(G) NormF,(G) JS
All,0.6462624816008274,0.6462624816008274,0.6297443184523736,0.3708593474072977,0.3688899797088872,0.24715961146258364,0.2187385465929504
