,Accuracy,F1 (micro),F1 (macro),(R) NormF mean,(R) JS mean,(G) NormF,(G) JS
All,0.0031038695174557067,0.0031038695174557067,0.006063205310624149,0.0027598769253003265,0.0031633710169921454,0.0034712759854927185,0.004869005626270427
