,Accuracy,F1 (micro),F1 (macro)
All,0.7333333333333333,0.7333333333333333,0.6851993926571407
