,Accuracy,F1 (micro),F1 (macro)
All,0.008096028787847216,0.008096028787847228,0.0097520012377114
