,Accuracy,F1 (micro),F1 (macro)
All,0.7911585365853658,0.7911585365853658,0.7528571444940764
