,Accuracy,F1 (micro),F1 (macro),(R) NormF mean,(R) JS mean,(G) NormF,(G) JS
All,0.0033259484391417373,0.0033259484391417373,0.003850590398965343,0.0018426080864005518,0.0029846151968019345,0.001405959130087588,0.0037624417052840335
