,Accuracy,F1 (micro),F1 (macro)
All,0.005525491176186856,0.005525491176186846,0.00950090693456478
