Groups,Prob,Entropy,Diag mean,Isim (JS),S_raykar,S_bias,C_bias,Iner JS,Iner NormF,Accuracy,F1 (micro)
0.0,0.8777789504961501,0.021918499522299403,0.9969786744050774,0.9984875451491882,0.9959715658734366,0.0009736617211632298,0.3,0.05013120217754148,0.1100445920615559,0.7333333333333333,0.7333333333333333
1.0,0.05619038375005947,0.304512283417771,0.8684583331552445,0.9205592504357722,0.8246111108736593,0.0967923571630612,3.0,0.05013120217754148,0.1100445920615559,0.480640243902439,0.480640243902439
2.0,0.06603066575379063,0.1646655120886985,0.9672021694423911,0.983301914553266,0.9562695592565216,0.012469805061231373,0.15,0.05013120217754148,0.1100445920615559,0.7359502032520326,0.7359502032520326
