,Accuracy,F1 (micro),F1 (macro)
All,0.6806699287902296,0.6806699287902296,0.6678083175504925
