Groups,Prob,Entropy,Diag mean,Isim (JS),S_raykar,S_bias,C_bias,Iner JS,Iner NormF,Accuracy,F1 (micro)
0.0,0.004456994887368474,0.006142188477103514,0.0013236746405699152,0.0006686809797931729,0.001764899520759872,0.001398969447585772,0.4582575694955839,0.013108938449307713,0.02302207497957805,0.008078469306507002,0.008078469306507016
0.0,0.0042888086891139125,0.015608770814337824,0.022822196793744504,0.018561686774969152,0.030429595724992695,0.022057010323260826,0.0,0.013108938449307713,0.02302207497957805,0.06541588200870488,0.06541588200870488
0.0,0.001236596853685864,0.016716310034432552,0.00581261477216438,0.003087714625887896,0.007750153029552491,0.006533943935112714,0.653834841531101,0.013108938449307713,0.02302207497957805,0.007874008070757495,0.007874008070757495
