ACC imiting Annot mean,Cross-entropy mean,ACC imiting Annot wmean,Cross entropy wmean
0.8450352080039382,1.1634376565615336,0.8259782750948829,0.9302581984769639
