ACC imiting Annot mean,Cross-entropy mean,ACC imiting Annot wmean,Cross entropy wmean
0.8084913297710937,0.5101668663738796,0.8458186101295642,0.437074794868077
