,Accuracy,F1 (micro),F1 (macro)
All,0.8304152637485969,0.8304152637485969,0.8249256299066872
