ACC imiting Annot mean,Cross-entropy mean,ACC imiting Annot wmean,Cross entropy wmean
0.8276450775713358,0.500796854490382,0.8570475068708284,0.39881596527607965
