,Accuracy,F1 (micro),Mean KL,Mean JS,Wmean KL,Wmean JS
Global,0.8075999999999998,0.8075999999999998,2.3059154458128863,0.4274038041810202,1.1660193804505827,0.3620106313640474
