,Accuracy,F1 (micro),F1 (macro)
All,0.010952972299668554,0.010952972299668552,0.013286565006422968
