,Accuracy,F1 (micro)
Global,0.9284511784511784,0.9284511784511784
