Groups,Prob,T(g),Entropy,Diag Mean,KL to I,I sim %(JS),Spammer,Accuracy,F1 (micro)
0.0,0.9977973312139511,58.0,0.5262480333447457,0.8509443283081055,0.17216365051848856,0.881325703217734,0.8296506583690644,0.8180555555555555,0.8180555555555555
1.0,0.0013009936024900525,0.0,2.0789923667907715,0.13009194731712342,2.0396821898542297,-0.02275489335546107,0.005819368734955787,0.6497474747474747,0.6497474747474747
2.0,0.0009016730706207454,0.0,2.0793097257614135,0.12780281752347947,2.0572899155517232,-0.02790604295418412,0.003203220060095191,0.6469276094276094,0.6469276094276094
