Groups,Prob,T(g),Entropy,Diag Mean,KL to I,I sim %(JS),Spammer,Accuracy,F1 (micro)
0.0,0.9974354883035024,58.0,0.44772328237692516,0.8902923047542572,0.11973255012218481,0.915854461299094,0.8746197700500489,0.830948372615039,0.830948372615039
1.0,0.0016573840383595476,0.0,2.0785210291544596,0.1325897475083669,2.02085926742167,-0.017181690677773805,0.008673996447275083,0.6209034792368125,0.6209034792368125
2.0,0.0009071210826126238,0.0,2.079300371805827,0.1280052110552788,2.0557096237065493,-0.02744778946214314,0.003434529062360525,0.6353254769921435,0.6353254769921435
