Mean ACC imiting Annot,Mean cross-entropy,Wmean ACC imiting Annot,wMean cross entropy
0.7778373992996549,0.6141442399287222,0.8033896086899619,0.5662822022830145
