Mean ACC imiting Annot,Mean cross-entropy,Wmean ACC imiting Annot,wMean cross entropy
0.7766120528485972,0.6189241429018106,0.8019630938358852,0.569724426197677
