,Accuracy,F1 (micro)
Global,0.8298260381593712,0.8298260381593712
