,Accuracy,F1 (micro)
Global,0.8077441077441077,0.8077441077441077
