,Accuracy,F1 (micro),Mean NormF,Mean JS,Wmean NormF,Wmean JS,Mean RMSE,Wmean RMSE
Global,0.8455,0.8455,0.18843811797902005,0.2346363187970197,0.13770481720154037,0.13756417207899235,0.14954046883163874,0.11090171443528334
