,Accuracy,F1 (micro)
All,0.8171156004489336,0.8171156004489336
