,Accuracy,F1 (micro),Mean NormF,Mean JS,Wmean NormF,Wmean JS
Global,0.8339999999999999,0.8339999999999999,0.1716862918342044,0.2158258835685768,0.11671680135220333,0.10667841894343674
