,Accuracy,F1 (micro),(R) NormF mean,(R) JS mean,(R) NormF w,(R) JS w,(G) NormF,(G) JS,RMSE mean,RMSE w
All,0.7995333333333335,0.7995333333333338,0.2066072667241995,0.2652509104843818,0.15595941344257097,0.1673611990542709,0.11486998530015913,0.1036854758657325,0.09792271622910653,0.06402303363434102
