,Accuracy,F1 (micro),F1 (macro)
All,0.8269079685746351,0.8269079685746351,0.8203420528192408
