,Accuracy,F1 (micro),F1 (macro),(R) NormF mean,(R) JS mean,(R) NormF w,(R) JS w,(G) NormF,(G) JS,RMSE mean,RMSE w
All,0.8546666666666668,0.8546666666666668,0.8516016473862537,0.17612294951653754,0.2948523538634985,0.14007413685692338,0.23703455238167398,0.16808968616533493,0.2591168926303425,0.07033876392896254,0.06213846355189111
