,Accuracy,F1 (micro),F1 (macro),(R) NormF mean,(R) JS mean,(R) NormF w,(R) JS w,(G) NormF,(G) JS,RMSE mean,RMSE w
All,0.01445102841399956,0.014451028413999553,0.016748247286571236,0.002213865061790966,0.0030506160704426694,0.0021341962564152806,0.003161003050090021,0.003774301642090853,0.004242606974814178,0.011347100193908154,0.010851441037509466
