,Accuracy,F1 (micro),F1 (macro)
All,0.8377946127946125,0.8377946127946125,0.8343381588851976
