,Accuracy,F1 (micro)
All,0.9385521885521886,0.9385521885521887
