,Accuracy,F1 (micro)
All,0.8349887766554429,0.834988776655443
