,Accuracy,F1 (micro),(R) NormF mean,(R) JS mean,(R) NormF w,(R) JS w,(G) NormF,(G) JS,RMSE mean,RMSE w
All,0.8275666666666667,0.8275666666666667,0.1799637500915598,0.22789352430042858,0.1348632981873728,0.1421103069427416,0.08914502658523599,0.06556777761583785,0.10908462247157663,0.07730663525716527
