Groups,Prob,T(g),Entropy,Diag Mean,KL to I,I sim %(JS),Spammer,Accuracy,F1 (micro)
0.0,0.9975377996762593,58.0,0.44110257824261984,0.8936028778553009,0.115703823558036,0.9185931670149444,0.8784032901128133,0.8324354657687988,0.8324354657687988
1.0,0.001563213913080593,0.0,2.0786524295806883,0.13209931055704752,2.0244971553606774,-0.018268874997759442,0.0081134971541663,0.6636924803591471,0.6636924803591471
2.0,0.0008989972857913624,0.0,2.079304051399231,0.12798350701729458,2.055876220864947,-0.027496596251438268,0.0034097201811770597,0.6593995510662177,0.6593995510662177
