,Accuracy,F1 (micro),(R) NormF mean,(R) JS mean,(R) NormF w,(R) JS w,(G) NormF,(G) JS,RMSE mean,RMSE w
All,0.8458000000000002,0.8458000000000002,0.1880280385098954,0.23409824231018278,0.13736269420793124,0.13717491479332847,0.08544141825574005,0.05412361732205594,0.14904134327161597,0.11152990446276666
