,Accuracy,F1 (micro),F1 (macro)
All,0.005145019121190626,0.005145019121190621,0.00567063550140359
