,Accuracy,F1 (micro)
Global,0.8005892255892256,0.8005892255892256
