,Accuracy,F1 (micro),F1 (macro),(R) NormF mean,(R) JS mean,(R) NormF w,(R) JS w,(G) NormF,(G) JS
All,0.8062000000000001,0.8062000000000001,0.8034379738026456,0.18120660963537913,0.22515910792808483,0.13060394452285962,0.1267700989423193,0.07360907504598987,0.03469416409026062
