Groups,Prob,T(g),Entropy,Diag mean,Isim (JS),S_raykar,S_bias,C_bias,Iner JS,Iner NormF,Accuracy,F1 (micro)
0.0,0.5204479098320007,30.3,0.6414794839612076,0.7901247989231773,0.8668284338577593,0.760142627340774,0.09500683805122065,1.0,0.07635694262813185,0.12617746025397336,0.7571268237934905,0.7571268237934905
1.0,0.4795520842075348,27.7,0.3290409812257545,0.9384542859340699,0.9683514952284674,0.9296620410675087,0.00903506531738471,2.966666666666667,0.07635694262813185,0.12617746025397336,0.8325196408529739,0.8325196408529739
