,Accuracy,F1 (micro)
All,0.7995230078563413,0.7995230078563413
