,Accuracy,F1 (micro)
All,0.838019079685746,0.838019079685746
