,Accuracy,F1 (micro),F1 (macro)
All,0.013710436286388517,0.013710436286388536,0.017741965182809183
