,Accuracy,F1 (micro),F1 (macro)
All,0.8019640852974187,0.8019640852974187,0.7954316851769658
