,Accuracy,F1 (micro),Mean KL,Mean JS,Wmean KL,Wmean JS
Global,0.8251000000000002,0.8251000000000002,2.2510758843714265,0.42120202260775874,1.1526940772397265,0.3600295963091211
