Mean ACC imiting Annot,Mean cross-entropy,Wmean ACC imiting Annot,wMean cross entropy
0.8345789249657483,1.1790015161037446,0.810895170789164,0.9531476017021878
