,Accuracy,F1 (micro),F1 (macro),(R) NormF mean,(R) JS mean,(R) NormF w,(R) JS w,(G) NormF,(G) JS,RMSE mean,RMSE w
All,0.8384666666666665,0.8384666666666665,0.8354467263061214,0.18585211130465448,0.23543953183781183,0.13510307275005404,0.14646926685074327,0.0851083677628938,0.06208400718342306,0.13323887137707427,0.09642716921868863
