,Accuracy,F1 (micro)
All,0.8169472502805835,0.8169472502805835
