,Accuracy,F1 (micro)
Global,0.8199494949494948,0.8199494949494948
