,Accuracy,F1 (micro),Mean KL,Mean JS,Wmean KL,Wmean JS
Global,0.85025,0.85025,1.6721526080332072,0.16081033824053395,1.0842465991348111,0.08504740992984422
