Groups,Prob,T(g),Entropy,Diag mean,Isim (JS),S_raykar,S_bias,C_bias,Iner JS,Iner NormF,Accuracy,F1 (micro)
0.0,0.9978366184026,58.0,0.5013352554510627,0.8641974193400811,0.9264008789448163,0.8447970506743787,0.02127287644805085,1.5,0.34724392962014394,0.18902144592732212,0.8297138047138045,0.8297138047138045
1.0,0.001281430071219232,0.0,2.0790149056266105,0.13020307694933245,0.2912553340651919,0.005946373656379919,0.0010737557167032582,6.433333333333334,0.34724392962014394,0.18902144592732212,0.6621492704826035,0.6621492704826035
2.0,0.000881951526180788,0.0,2.0793184701571032,0.12780233617816875,0.2875093656068918,0.0032026699179071357,0.0005881506343507157,6.433333333333334,0.34724392962014394,0.18902144592732212,0.6666666666666666,0.6666666666666666
