,Accuracy,F1 (micro),F1 (macro)
All,0.8331649831649829,0.8331649831649829,0.8305237168018036
