,Accuracy,F1 (micro)
All,0.9284511784511784,0.9284511784511784
