,Accuracy,F1 (micro)
All,0.8310325476992141,0.8310325476992141
