ACC imiting Annot mean,Cross-entropy mean,ACC imiting Annot wmean,Cross entropy wmean
0.005297157500060087,0.004499458308849832,0.003626408152314262,0.00448384813515067
