,Accuracy,F1 (micro)
All,0.936026936026936,0.936026936026936
