Mean ACC imiting Annot,Mean cross-entropy,Wmean ACC imiting Annot,wMean cross entropy
0.7683336675835128,0.6482215519397603,0.7901648998822143,0.6079777600848943
