,Accuracy,F1 (micro),Mean NormF,Mean JS,Wmean NormF,Wmean JS
Global,0.8460333333333335,0.8460333333333335,0.12701252304901522,0.16081033824053395,0.09648577064498064,0.0850474099298442
