ACC imiting Annot mean,Cross-entropy mean,ACC imiting Annot wmean,Cross entropy wmean
0.005316009996962271,0.010089649258844185,0.0033845519094017813,0.009368380662372151
