ACC imiting Annot mean,Cross-entropy mean,ACC imiting Annot wmean,Cross entropy wmean
0.8032146839324223,0.5582888764314996,0.8289098285564714,0.511454542934805
