,Accuracy,F1 (micro),F1 (macro)
All,0.010836668066122199,0.0108366680661222,0.011650845407149503
