,Accuracy,F1 (micro)
All,0.8312570145903477,0.8312570145903477
