Groups,Prob,T(g),Entropy,Diag mean,Isim (JS),S_raykar,S_bias,C_bias,Iner JS,Iner NormF,Accuracy,F1 (micro)
0.0,0.3352828621864319,19.233333333333334,0.6004068649118267,0.8659891952871185,0.9287622071840792,0.8468447946138499,0.015650677210198704,2.4,0.009106338321103706,0.029015537938926927,0.835998877665544,0.835998877665544
1.0,0.3234629799922307,18.566666666666666,0.5404863416981265,0.8854062592531592,0.9397318846646089,0.8690357248607535,0.011843668466841172,2.6666666666666665,0.009106338321103706,0.029015537938926927,0.8354657687991018,0.8354657687991018
2.0,0.34125416378180184,19.533333333333335,0.6079431471619188,0.8591167636698281,0.9245890027476363,0.8389905870512321,0.027765672968610704,1.3,0.009106338321103706,0.029015537938926927,0.8363636363636361,0.8363636363636362
