,Accuracy,F1 (micro),(R) NormF mean,(R) JS mean,(R) NormF w,(R) JS w,(G) NormF,(G) JS,RMSE mean,RMSE w
All,0.8518333333333334,0.8518333333333334,0.1761852987615739,0.29502146792709455,0.14012743539726946,0.23720527698704563,0.16816744352480614,0.2592817561930152,0.06896532430396181,0.06149718623216856
