,Accuracy,F1 (micro)
All,0.8298821548821547,0.8298821548821547
