Mean ACC imiting Annot,Mean cross-entropy,Wmean ACC imiting Annot,wMean cross entropy
0.8429953683133059,1.1625621755917868,0.8252846486062035,0.9305253878623897
