,Accuracy,F1 (micro)
All,0.8307239057239055,0.8307239057239054
