Groups,Prob,T(g),Entropy,Diag mean,Isim (JS),Spammer,Iner JS,Iner NormF,Accuracy,F1 (micro)
0.0,0.9973150650660197,58.0,0.44970523516337074,0.8892831424872081,0.9150279971556423,0.8734664301077525,0.3543037469731424,0.19401991342892871,0.8336980920314253,0.8336980920314253
1.0,0.001748605848600467,0.0,2.078392744064331,0.13321753094593683,-0.01578491261375085,0.009391462989151477,0.3543037469731424,0.19401991342892871,0.6438271604938273,0.6438271604938273
2.0,0.0009363182703964412,0.0,2.0792842308680215,0.12818401058514914,-0.027043298904779738,0.003638866761078437,0.3543037469731424,0.19401991342892871,0.6764029180695845,0.6764029180695845
