,Accuracy,F1 (micro),Mean KL,Mean JS,Wmean KL,Wmean JS,Mean RMSE,Wmean RMSE
Global,0.8384499999999999,0.8384499999999999,0.7172180715758922,0.2970493026191969,0.5505617580143644,0.23974863332213192,0.06537330597174887,0.05339615233608167
