Groups,Prob,T(g),Entropy,Diag mean,Isim (JS),S_raykar,S_bias,C_bias,Iner JS,Iner NormF,Accuracy,F1 (micro)
0.0,0.406779154141744,23.0,1.1771407036095993,0.6794347792924317,0.816045443938967,0.6336397477627791,0.008203260775418445,3.1666666666666665,0.06331724508705786,0.09338507187407687,0.8312570145903476,0.8312570145903476
1.0,0.32203416923681893,19.0,0.3647903633010801,0.9284035691178057,0.9630399054384466,0.9181755075632061,0.010463612068004747,2.6666666666666665,0.06331724508705786,0.09338507187407687,0.8363355780022442,0.8363355780022445
2.0,0.27118651469548544,16.0,0.7809154530911508,0.7778054504651549,0.8706237049209355,0.7460633719601769,0.07190537801054801,1.0,0.06331724508705786,0.09338507187407687,0.7568181818181821,0.7568181818181821
