,Accuracy,F1 (micro),Mean KL,Mean JS,Wmean KL,Wmean JS,Mean RMSE,Wmean RMSE
Global,0.852,0.852,0.7099409889408762,0.2946234898812649,0.5430821794654285,0.23694966640347603,0.0705259979281346,0.06084282162020676
