,Accuracy,F1 (micro)
Global,0.8335858585858583,0.8335858585858583
