,Accuracy,F1 (micro),Mean KL,Mean JS,Wmean KL,Wmean JS,Mean RMSE,Wmean RMSE
Global,0.8471666666666666,0.8471666666666666,0.9017095062321762,0.23524260892658216,0.5085048402026909,0.13814094623016315,0.14988147909569186,0.11167386467739823
