,Accuracy,F1 (micro)
Global,0.8175084175084174,0.8175084175084174
