,Accuracy,F1 (micro)
Global,0.9250841750841751,0.9250841750841751
