,Accuracy,F1 (micro),Mean KL,Mean JS,Mean PearsonCorr,Average RMSE
Global,0.6993259999999999,0.6993259999999999,0.27259232359478186,0.055600475320732104,0.4733380772844626,0.05031855793835832
