,Accuracy,F1 (micro),Mean KL,Mean JS,Mean PearsonCorr,Average RMSE
Global,0.747238,0.747238,0.2677894564826946,0.05491425130342231,0.4505716060244649,0.05225457299278924
