,Accuracy,F1 (micro),Mean KL,Mean JS,Mean PearsonCorr
Global,0.9117680000000001,0.9117680000000001,1.0332622648649137,0.25791188352094896,0.5083563010708929
