,Accuracy,F1 (micro),Mean KL,Mean JS,Mean PearsonCorr,Average RMSE
Global,0.7572899999999999,0.7572899999999999,0.0814705190928183,0.021909906391642642,0.8731936792571011,0.07704419246810315
