,Accuracy,F1 (micro),Mean KL,Mean JS,Mean PearsonCorr,Average RMSE
Global,0.8090619999999997,0.8090619999999997,0.012248667693078936,0.0032315487412953197,0.9809848555574602,0.05375265808251671
