,Accuracy,F1 (micro)
Global,0.7323999999999999,0.7323999999999999
