Groups,Prob,T(g),Entropy,Diag Mean,KL to I,I sim %(JS),Spammer,Accuracy,F1 (micro)
0.0,0.25793372467160225,25.2,1.5367827653884887,0.5144000202417374,0.7184249322288727,0.6887954661725477,0.4144000083208084,0.6808299999999999,0.6808299999999999
1.0,0.2672853983938694,26.1,1.5328308463096618,0.5027976155281066,0.7691668364343793,0.6754999688434686,0.4027976244688034,0.6665500000000001,0.6665500000000001
2.0,0.23173244595527648,22.8,1.461734938621521,0.535962450504303,0.7228223805862604,0.7006884245542552,0.4359624445438385,0.6641600000000001,0.66416
3.0,0.24304841756820678,23.7,1.4884739160537719,0.5335560441017151,0.6812624288867913,0.7034719348238568,0.4335560411214828,0.67024,0.67024
