ACC imiting Annotator,CE imiting Annotator
0.36297611284908904,1.8157559391933802
