,Accuracy,F1 (micro)
Global,0.6539699999999999,0.65397
