,Accuracy,F1 (micro)
Global,0.7096899999999999,0.7096899999999999
