,Accuracy,F1 (micro),Mean KL,Mean JS,Mean PearsonCorr
Global,0.699584,0.699584,0.5178708768562542,0.1992586949426562,0.7402389415846728
