,Accuracy,F1 (micro)
Global,0.72946,0.7294600000000001
