Groups,Prob,T(g),Entropy,Diag Mean,KL to I,I sim %(JS),Spammer,Accuracy,F1 (micro)
0.0,0.23033574000000953,22.5,1.3354623556137084,0.5736922204494477,0.6739692047730432,0.7200297301784755,0.4736922323703766,0.6260700000000001,0.6260700000000001
1.0,0.2854490473866463,27.9,1.308776080608368,0.5565419271588326,0.8352271058732734,0.6946297242370749,0.45654194355010985,0.6163400000000001,0.6163400000000001
2.0,0.25498765259981154,25.1,1.3302926301956177,0.568960377573967,0.7415406212044563,0.712430884318551,0.4689603880047798,0.62485,0.62485
3.0,0.22922757193446158,22.5,1.1840000987052917,0.6362585484981537,0.5890016570015228,0.7643872019269822,0.5362585604190826,0.60841,0.60841
