,Accuracy,F1 (micro),Mean KL,Mean JS,Mean PearsonCorr
Global,0.634932,0.634932,0.6610062754704336,0.23745748615819315,0.5849605422914438
