,Accuracy,F1 (micro)
Global,0.9117680000000001,0.9117680000000001
