,Accuracy,F1 (micro),Mean KL,Mean JS,Mean PearsonCorr,Average RMSE
Global,0.824596,0.8245959999999999,0.4833525234245991,0.09815288307829276,-0.11497651223090946,0.02720081013237787
