,Accuracy,F1 (micro),Mean KL,Mean JS,Mean PearsonCorr
Global,0.732338,0.732338,0.6489492055755369,0.23859293013050623,0.5310415149203211
