,Accuracy,F1 (micro),Mean KL,Mean JS,Mean PearsonCorr,Average RMSE
Global,0.664512,0.664512,0.26893638617170507,0.059250632364981716,0.37461445256172177,0.053150496707854676
