,Accuracy,F1 (micro),Mean KL,Mean JS,Mean PearsonCorr,Average RMSE
Global,0.728824,0.728824,0.4449666415150098,0.08635660479650485,0.20347329733626127,0.04551360911115332
