Groups,Prob,T(g),Entropy,Diag Mean,KL to I,I sim %(JS),Spammer,Accuracy,F1 (micro)
0.0,0.25160339623689654,24.7,1.6051018118858338,0.4863618463277817,0.7838993652759864,0.6635452201722264,0.3863618433475494,0.7434299999999999,0.7434299999999999
1.0,0.2543924033641815,24.8,1.289963537454605,0.6291813254356384,0.5140691715637921,0.7711025010143641,0.529181319475174,0.7331900000000001,0.7331900000000001
2.0,0.220220085978508,21.5,1.0926360130310058,0.7042431533336639,0.3899488178830882,0.8225090133556119,0.6042431563138961,0.73817,0.73817
3.0,0.27378411740064623,26.9,1.3255286514759064,0.6177260994911193,0.5399224157449777,0.7619946101537513,0.5177260875701905,0.7139200000000001,0.7139200000000001
