,Accuracy,F1 (micro),Mean KL,Mean JS,Mean PearsonCorr
Global,0.730246,0.730246,0.01615563291045257,0.00362323158116788,0.9780755986741978
