,Accuracy,F1 (micro),Mean KL,Mean JS,Mean PearsonCorr
Global,0.820036,0.820036,0.7344304979979852,0.26000020480235503,0.5661424765173066
