ACC imiting Annotator,CE imiting Annotator
0.3678675831037639,1.875272164517123
