,Accuracy,F1 (micro)
Global,0.6952800000000001,0.6952800000000001
