,Accuracy,F1 (micro),Mean KL,Mean JS,Mean PearsonCorr,Average RMSE
Global,0.7199199999999999,0.7199199999999999,0.7087676214641252,0.12958117167140096,-0.0046754282726930605,0.03675352098007495
