,Accuracy,F1 (micro)
Global,0.7607400000000001,0.7607400000000001
