,Accuracy,F1 (micro),Mean KL,Mean JS,Mean PearsonCorr,Average RMSE
Global,0.7733800000000001,0.7733800000000001,0.4780096006063026,0.08897113067619779,0.05918169003028282,0.042144745975980426
