,Accuracy,F1 (micro)
Global,0.7978000000000001,0.7978000000000001
