,Accuracy,F1 (micro),Mean KL,Mean JS,Mean PearsonCorr,Average RMSE
Global,0.76594,0.76594,0.373180258008676,0.06757757207369067,-0.3168509125897828,0.020957756766964004
