,Accuracy,F1 (micro),Mean KL,Mean JS,Mean PearsonCorr
Global,0.770106,0.770106,0.014492947156824688,0.0030529387533430176,0.9805884002478805
