Groups,Prob,T(g),Entropy,Diag Mean,KL to I,I sim %(JS),Spammer,Accuracy,F1 (micro)
0.0,0.275008175522089,27.0,1.1420864641666413,0.6890331149101258,0.4101121362091451,0.8134908666868148,0.5890331238508224,0.7414099999999999,0.7414099999999999
1.0,0.4201922625303268,41.4,1.4612405002117157,0.5561582624912262,0.6434667012932722,0.7179878840536033,0.4561582744121552,0.7368899999999999,0.7368899999999999
2.0,0.178825743496418,17.4,1.2991963088512422,0.6074871599674225,0.5875291389379301,0.7478253478483899,0.5074871778488159,0.6931099999999999,0.6931099999999999
3.0,0.12597383558750153,12.2,1.2513400554656982,0.6346744388341904,0.512354139484242,0.7730102887783983,0.5346744358539581,0.7020900000000001,0.7020900000000001
