,Accuracy,F1 (micro),Mean KL,Mean JS,Mean PearsonCorr
Global,0.732338,0.732338,0.09314933827730057,0.022754271714284742,0.8617297799494601
