,Accuracy,F1 (micro)
Global,0.76543,0.7654299999999999
