,Accuracy,F1 (micro),Mean KL,Mean JS,Mean PearsonCorr,Average RMSE
Global,0.720086,0.720086,0.5563096393768051,0.11156011363090483,-0.08573546715090333,0.03062543377874382
