Groups,Prob,T(g),Entropy,Diag Mean,KL to I,I sim %(JS),Spammer,Accuracy,F1 (micro)
0.0,0.35901199877262113,35.3,1.4174181997776032,0.5526615351438522,0.6763487071852075,0.7099812685732061,0.4526615351438522,0.63198,0.63198
1.0,0.29913029074668884,29.4,1.190815168619156,0.6538038969039917,0.485596141264348,0.7849695403608349,0.5538038909435272,0.66267,0.66267
2.0,0.17812271043658257,17.4,1.0600427985191345,0.715755307674408,0.37170823513184914,0.8306450478839341,0.6157553374767304,0.69018,0.69018
3.0,0.16373500674962999,15.8,1.1161607772111892,0.681930136680603,0.4324249961482985,0.8060227545682105,0.5819301307201385,0.62568,0.62568
