,Accuracy,F1 (micro),Mean KL,Mean JS,Mean PearsonCorr
Global,0.512368,0.512368,1.5212865568902465,0.28921036096179054,0.656403046411978
