ACC imiting Annotator,CE imiting Annotator
0.37658201051693696,1.8299338297841898
