,Accuracy,F1 (micro)
Global,0.6777500000000001,0.6777500000000001
