Groups,Prob,T(g),Entropy,Diag Mean,KL to I,I sim %(JS),Spammer,Accuracy,F1 (micro)
0.0,0.2311205357313156,461.7,1.5650377511978149,0.5157354593276977,0.6879192041974853,0.6949617568535077,0.41573546826839447,0.71411,0.71411
1.0,0.27283134013414384,545.3,1.559349739551544,0.5106474310159683,0.7096924130663103,0.6883014182378429,0.41064742505550383,0.68899,0.68899
2.0,0.2342317670583725,468.0,1.544831931591034,0.5302519917488098,0.6580087433800985,0.7063769759619337,0.43025198876857756,0.7385999999999999,0.7385999999999999
3.0,0.26181635558605193,523.1,1.5881177067756653,0.5047854572534561,0.7132964602904156,0.6855310315265639,0.4047854423522949,0.7228500000000001,0.72285
