Groups,Prob,T(g),Entropy,Diag Mean,KL to I,I sim %(JS),Spammer,Accuracy,F1 (micro)
0.0,0.2726428180932999,26.7,1.342878657579422,0.580883938074112,0.6628878450786103,0.7254799522785975,0.4808839499950409,0.68382,0.68382
1.0,0.2603550709784031,25.6,1.1066028624773026,0.6736918210983276,0.493480939918353,0.7930274186001658,0.5736918047070503,0.69078,0.69078
2.0,0.226877661049366,22.1,1.3501940369606018,0.5763014256954193,0.6806554415032607,0.7248036390041237,0.4763014197349548,0.68553,0.68553
3.0,0.24012444019317628,23.4,1.2394826591014863,0.6176940053701401,0.5970130498853065,0.7517787907601439,0.5176939845085144,0.7041100000000001,0.7041100000000001
