,Accuracy,F1 (micro)
Global,0.4109999999999999,0.4109999999999999
