,Accuracy,F1 (micro),Mean KL,Mean JS,Mean PearsonCorr
Global,0.41594999999999993,0.41594999999999993,1.9593829511332501,0.2708320805501745,0.6487606444523762
