,Accuracy,F1 (micro),Mean KL,Mean JS,Mean PearsonCorr
Global,0.559552,0.559552,1.3214532254761768,0.28116667995962846,0.6678915044390901
