,Accuracy,F1 (micro)
Global,0.8083499999999999,0.8083499999999999
