Groups,Prob,T(g),Entropy,Diag Mean,KL to I,I sim %(JS),Spammer,Accuracy,F1 (micro)
0.0,0.26845226287841795,26.2,1.0493145540356636,0.7134909152984619,0.37971850919480526,0.8275684504874345,0.6134909003973007,0.74604,0.74604
1.0,0.40266536772251127,39.5,1.3707557678222657,0.590029039978981,0.5860248815199995,0.741863456768421,0.49002904295921323,0.7369699999999999,0.7369699999999999
2.0,0.19603329673409461,19.0,1.301312470436096,0.6166845560073853,0.5686977246365796,0.7552677367346672,0.5166845411062241,0.69865,0.69865
3.0,0.1328490599989891,12.8,1.2275927126407624,0.6288003832101822,0.5633856709151337,0.7606287488897644,0.5288003951311111,0.6315600000000001,0.6315600000000001
