,Accuracy,F1 (micro),Mean KL,Mean JS,Mean PearsonCorr,Average RMSE
Global,0.7444520000000001,0.7444520000000001,0.22818716156558846,0.04430540530344516,0.028849233640404502,0.026439253711672116
