ACC imiting Annotator,CE imiting Annotator
0.38733802514765137,1.7780001991447256
