,Accuracy,F1 (micro)
Global,0.7343299999999998,0.7343299999999998
