,Accuracy,F1 (micro),Mean KL,Mean JS,Mean PearsonCorr,Average RMSE
Global,0.80289,0.80289,0.4178732236711723,0.08885640948565085,-0.12895009356615011,0.02863566879242274
