,Accuracy,F1 (micro),Mean KL,Mean JS,Mean PearsonCorr
Global,0.711576,0.711576,0.682115478807338,0.262062466539974,0.6090588951008129
