,Accuracy,F1 (micro),F1 (macro),(R) NormF mean,(R) JS mean,(R) NormF w,(R) JS w,(G) NormF,(G) JS
All,0.8402466718872356,0.8402466718872356,0.5510567306643844,0.29756813578092633,0.20109457716121346,0.21809812002194562,0.12156528719403929,0.10038896348104935,0.015535932578839085
