,Accuracy,F1 (micro),F1 (macro)
All,0.9249442655437206,0.9249442655437206,0.9195869863830938
