Groups,Prob,Entropy,Diag mean,Isim (JS),S_raykar,S_bias,C_bias,Iner JS,Iner NormF,Accuracy,F1 (micro)
0.0,0.009307920677230712,0.02873062439491727,0.0006055354245905586,0.0019494224610272037,0.0009083031368858542,0.02021538141268973,0.0,0.010468808118057817,0.010463403196498602,0.0026018552954830926,0.0026018552954830926
0.0,0.0030590167313024347,0.010578566939953824,0.03261803527570333,0.028113886941859203,0.048927052913554994,0.06423758001505088,0.0,0.010468808118057817,0.010463403196498602,0.00017689939134363835,0.00017689939134363838
0.0,0.007471722177039881,0.017965351499059114,0.005464772271143197,0.0028369371021855815,0.008197158406714809,0.006492674677249122,0.0,0.010468808118057817,0.010463403196498602,0.0019018398633582146,0.0019018398633582146
