,Accuracy,F1 (micro),F1 (macro)
All,0.9182685162249195,0.9182685162249195,0.821188234293482
