,Accuracy,F1 (micro),F1 (macro),(R) NormF mean,(R) JS mean,(R) NormF w,(R) JS w,(G) NormF,(G) JS
All,0.002140377101814398,0.0021403771018144125,0.0024406652372798553,2.7755575615628914e-17,0.0,2.7755575615628914e-17,0.0,4.163336342344337e-17,3.469446951953614e-18
