,Accuracy,F1 (micro),F1 (macro)
All,0.009405194466614584,0.009405194466614588,0.12930310133994732
