,Accuracy,F1 (micro),F1 (macro)
All,0.0024014971489950657,0.0024014971489950687,0.12145333724410472
