,Accuracy,F1 (micro),F1 (macro),(R) NormF mean,(R) JS mean,(G) NormF,(G) JS
All,0.8456460454189505,0.8456460454189507,0.5598853030132455,0.17328165276091453,0.09768782477364524,0.13287800137069763,0.035059692343955784
