,Accuracy,F1 (micro),F1 (macro)
All,0.0027320764302707287,0.0027320764302707287,0.13924386010110645
