,Accuracy,F1 (micro),Mean NormF,Mean JS,Wmean NormF,Wmean JS,Mean RMSE,Wmean RMSE
Global,0.8376666666666664,0.8376666666666664,0.19168940160835599,0.236803834056135,0.14596663315257444,0.15007072187449425,0.1355747039517982,0.09819395367098546
