Groups,Prob,T(g),Entropy,Diag Mean,KL to I,I sim %(JS),Spammer,Accuracy,F1 (micro)
0.0,0.6616937716801962,38.56666666666667,0.35883349974950157,0.9292814195156097,0.07394765976265659,0.9473414037236918,0.9191787699858348,0.8389730639730638,0.8389730639730638
1.0,0.17133046289285023,9.8,1.0189547518889108,0.7133413453896841,0.35085409863929956,0.7626043270349236,0.6723901112874349,0.8388888888888886,0.8388888888888887
2.0,0.16697576393683752,9.233333333333333,1.0382226447264353,0.705668302377065,0.3624572634591454,0.7552815685921919,0.6636209090550741,0.8383277216610546,0.8383277216610546
