Mean ACC imiting Annot,Mean cross-entropy,Wmean ACC imiting Annot,wMean cross entropy
0.8041163479483827,0.5432214191357314,0.8301923831959168,0.49644688168901113
