,Accuracy,F1 (micro)
All,0.9499389499389499,0.9499389499389499
