,Accuracy,F1 (micro)
All,0.9365079365079365,0.9365079365079365
