,Accuracy,F1 (micro)
All,0.9344729344729344,0.9344729344729344
