,Accuracy,F1 (micro)
All,0.945054945054945,0.945054945054945
