,Accuracy,F1 (micro)
All,0.9377289377289377,0.9377289377289377
