Mean ACC imiting Annot,Mean cross-entropy,Wmean ACC imiting Annot,wMean cross entropy
0.41437520259497074,1.6846952986994732,0.4144940346442584,1.68416755680192
