,Accuracy,F1 (micro),Mean KL,Mean JS,Wmean KL,Wmean JS,Mean RMSE,Wmean RMSE
Global,0.79484,0.79484,0.7985390291349546,0.19903821493200735,0.7992056168293713,0.1991650539707011,0.3958753789111353,0.39574405964155873
