,Accuracy,F1 (micro),Mean KL,Mean JS,Wmean KL,Wmean JS
Global,0.5453239999999999,0.5453239999999999,1.2345653790681077,0.4080098780264983,1.2343420923611332,0.40824127644810926
