,Accuracy,F1 (micro),Mean KL,Mean JS,Wmean KL,Wmean JS
Global,0.444852,0.444852,1.7842012026083196,0.3915896598425941,1.7847632461975067,0.3916879321427177
