,Accuracy,F1 (micro),Mean KL,Mean JS,Wmean KL,Wmean JS
Global,0.7373999999999999,0.7374,1.3731284129942107,0.09475628439573922,1.3664653910197773,0.09438824658998002
