Mean ACC imiting Annot,Mean cross-entropy,Wmean ACC imiting Annot,wMean cross entropy
0.34087209263512075,1.911992603020948,0.34112328624636445,1.9117123944599854
