,Accuracy,F1 (micro),Mean KL,Mean JS,Wmean KL,Wmean JS,Mean RMSE,Wmean RMSE
Global,0.7981800000000001,0.7981800000000001,0.1554254672939926,0.05916492108451075,0.15498793834340524,0.058997343105726616,0.1529710112061119,0.15323947944295754
