,Accuracy,F1 (micro)
All,0.932030932030932,0.932030932030932
