,Accuracy,F1 (micro)
All,0.9462759462759462,0.9462759462759462
