,Accuracy,F1 (micro)
Global,0.8594017094017096,0.8594017094017096
