ACC imiting Annotator,CE imiting Annotator
0.6773577059005642,0.7347388327388206
