,Accuracy,F1 (micro),Average KL,Average PearsonCorr,Average RMSE
Global,0.865873015873016,0.865873015873016,0.6502840402940036,0.33256856539921625,0.18166121505323868
