,Accuracy,F1 (micro)
Global,0.8607448107448109,0.8607448107448109
