Groups,Prob,T(g),Entropy,Diag Mean,KL to I,I similar % (JS),Accuracy,F1 (micro)
0.0,0.33384412080049514,3337.75,0.3590420842170715,0.808187036216259,0.39969850066011364,0.8728778755980697,0.6884615384615382,0.6884615384615382
1.0,0.3455408222973347,3454.85,0.3656911998987198,0.8083841443061829,0.38905563017139866,0.8739116851189672,0.7004273504273504,0.7004273504273504
2.0,0.3206150487065315,3205.5,0.36788743287324904,0.8064960360527038,0.4069316749603577,0.8727591961843425,0.6874236874236872,0.6874236874236872
