ACC imiting Annotator,CE imiting Annotator
0.6622134059430944,0.7560354413023818
