ACC imiting Annotator,CE imiting Annotator
0.6664813293817857,0.6789611917584052
