ACC imiting Annotator,CE imiting Annotator
0.6413081764281066,0.7858196957109755
