Groups,Prob,T(g),Entropy,Diag Mean,KL to I,I similar % (JS),Accuracy,F1 (micro)
0.0,0.3389795236289501,3389.1,0.2810058254748583,0.7505214840173722,0.7329057815164676,0.8033194212230577,0.7122100122100121,0.7122100122100121
1.0,0.2857741553336382,2857.05,0.24445406328886748,0.8319985002279282,0.5172899319930785,0.8701420396102011,0.7862637362637364,0.7862637362637364
2.0,0.37524632066488267,3751.75,0.24729877896606922,0.8961327821016312,0.16614290262032683,0.9359848396951909,0.8644078144078146,0.8644078144078146
