,Accuracy,F1 (micro)
Global,0.9298534798534799,0.9298534798534799
