,Accuracy,F1 (micro)
Global,0.8443833943833946,0.8443833943833946
