Groups,Prob,T(g),Entropy,Diag Mean,KL to I,I similar % (JS),Accuracy,F1 (micro)
0.0,0.32110220938920975,31.65,0.36721443235874174,0.8361049115657806,0.20966062824376483,0.9039322733741058,0.71007326007326,0.71007326007326
1.0,0.3069521144032478,30.25,0.3849617876112461,0.8107492297887802,0.25677546309231736,0.8853078195999748,0.6841880341880342,0.6841880341880342
2.0,0.3719456821680069,36.8,0.3395475950092077,0.8621455639600754,0.16704375447388,0.9216217232476641,0.725152625152625,0.725152625152625
