Groups,Prob,T(g),Entropy,Diag Mean,KL to I,I similar % (JS),Accuracy,F1 (micro)
0.0,0.3266768082976341,3266.0,0.34264883026480675,0.8578055292367935,0.17778774074913278,0.917657291532336,0.7067765567765565,0.7067765567765565
1.0,0.35074030309915544,3506.65,0.3223779335618019,0.8519508212804794,0.2030589155593196,0.9102887323123365,0.7147741147741148,0.7147741147741148
2.0,0.3225828856229782,3225.25,0.3422610327601433,0.8449493974447251,0.20546944190349348,0.9071054014199065,0.6923687423687422,0.6923687423687422
