,Accuracy,F1 (micro),Average KL,Average PearsonCorr,Average RMSE
Global,0.8847781847781848,0.8847781847781848,0.5411357558721644,0.4946206052443408,0.08904071130284665
