ACC imiting Annotator,CE imiting Annotator
0.6320178034761713,0.7927915332283698
