Groups,Prob,T(g),Entropy,Diag Mean,KL to I,I similar % (JS),Accuracy,F1 (micro)
0.0,0.34818659722805023,695.8,0.3196706768125296,0.8530460238456726,0.27004099286851757,0.9088938129496986,0.7275335775335776,0.7275335775335776
1.0,0.31715689301490785,633.8,0.364583233743906,0.8194297149777412,0.32980337597212506,0.8868727083918012,0.6991452991452991,0.6991452991452991
2.0,0.33465651497244836,668.75,0.34426894020289184,0.8269263073801995,0.32273136474392794,0.8910579235460873,0.7246031746031746,0.7246031746031746
