,Accuracy,F1 (micro)
Global,0.8905982905982908,0.8905982905982908
