ACC imiting Annotator,CE imiting Annotator
0.6193140687040467,0.8034564335966492
