ACC imiting Annotator,CE imiting Annotator
0.6767001212444541,0.7350615182402547
