,Accuracy,F1 (micro)
Global,0.9214489214489214,0.9214489214489214
