,Accuracy,F1 (micro)
Global,0.5344932844932845,0.5344932844932845
