ACC imiting Annotator,CE imiting Annotator
0.6605026961184118,0.7351631533422482
