,Accuracy,F1 (micro)
Global,0.9023809523809525,0.9023809523809525
