,Accuracy,F1 (micro)
Global,0.8712454212454214,0.8712454212454214
