,Accuracy,F1 (micro),Average KL,Average PearsonCorr
Global,0.5071225071225071,0.5071225071225071,0.20577084020325506,0.930153173218972
