ACC imiting Annotator,CE imiting Annotator
0.6136910017580227,0.8070406426383133
