Groups,Prob,T(g),Entropy,Diag Mean,KL to I,I similar % (JS),Accuracy,F1 (micro)
0.0,0.3467319205403328,1733.15,0.23516089618206024,0.7177434414625168,0.9484357819422679,0.7635043563558687,0.6717948717948716,0.6717948717948716
1.0,0.2796625465154648,1397.9,0.2105953825637698,0.9086001247167588,0.19408166473230115,0.9408681567322527,0.8423687423687424,0.8423687423687424
2.0,0.37360553368926047,1867.45,0.25936966203153133,0.8541575774550438,0.3529460635667446,0.9004459112792489,0.8481684981684982,0.8481684981684982
