,Accuracy,F1 (micro),Average KL,Average PearsonCorr,Average RMSE
Global,0.8516076516076518,0.8516076516076518,0.6836368805060008,0.41729484499027203,0.1400141709019407
