,Accuracy,F1 (micro)
Global,0.9048229548229549,0.9048229548229549
