,Accuracy,F1 (micro),Average KL,Average PearsonCorr,Average RMSE
Global,0.8585877085877085,0.8585877085877085,0.5675428503525709,0.3469887952412272,0.14906690178489485
