,Accuracy,F1 (micro)
Global,0.8745421245421247,0.8745421245421247
