,Accuracy,F1 (micro),Average KL,Average PearsonCorr,Average RMSE
Global,0.5801180301180302,0.5801180301180302,0.7304614164109123,0.5497466590336453,0.2253955896737033
