,Accuracy,F1 (micro),Average KL,Average PearsonCorr
Global,0.5045177045177044,0.5045177045177044,2.0529782959203673,0.5606456439514232
