Groups,Prob,T(g),Entropy,Diag Mean,KL to I,I similar % (JS),Accuracy,F1 (micro)
0.0,0.3569654680788517,35.2,0.3210704267024994,0.805815190076828,0.3389536967039239,0.8684029410597691,0.7578144078144077,0.7578144078144077
1.0,0.2611438982188702,25.55,0.3550223018974066,0.7985731363296509,0.3953197938250149,0.861758237792581,0.7385225885225885,0.7385225885225885
2.0,0.38189063891768454,37.75,0.27817001901566984,0.8804067522287369,0.17445296605937075,0.9271358271024811,0.8192307692307693,0.8192307692307693
