Groups,Prob,T(g),Entropy,Diag Mean,KL to I,I similar % (JS),Accuracy,F1 (micro)
0.0,0.29161480739712714,1457.6,0.36625715531408787,0.8242257922887802,0.23671179626271616,0.8939649059805888,0.7112332112332111,0.7112332112332111
1.0,0.4157568722963333,2078.3,0.3186045825481415,0.8526279360055924,0.192837608520601,0.9123555937231318,0.747130647130647,0.747130647130647
2.0,0.2926283165812492,1462.6,0.3545331709086895,0.8354012817144394,0.21398242539313977,0.902350523437911,0.7038461538461538,0.7038461538461538
