ACC imiting Annotator,CE imiting Annotator
0.6158815136305761,0.8038746215312612
