,Accuracy,F1 (micro)
Global,0.8902319902319904,0.8902319902319904
