,Accuracy,F1 (micro),Average KL,Average PearsonCorr,Average RMSE
Global,0.8374643874643874,0.8374643874643874,0.6703153633486945,0.2908184596700133,0.14113265224218047
