,Accuracy,F1 (micro)
Global,0.5916971916971916,0.5916971916971916
