ACC imiting Annotator,CE imiting Annotator
0.663457575916201,0.7072557927147334
