,Accuracy,F1 (micro)
Global,0.6484737484737485,0.6484737484737483
