,Accuracy,F1 (micro)
Global,0.8669719169719172,0.8669719169719172
