Groups,Prob,T(g),Entropy,Diag Mean,KL to I,I similar % (JS),Accuracy,F1 (micro)
0.0,0.29141084253787997,28.6,0.33372412584722044,0.6989313215017319,0.9046333785485994,0.7622697759170649,0.5866300366300365,0.5866300366300365
1.0,0.3577506445348263,35.25,0.3069257944822311,0.7277128532528877,0.9189358844979674,0.7823050050459275,0.5977411477411477,0.5977411477411477
2.0,0.3508385181427002,34.55,0.3445508763194084,0.7298490464687347,0.8515352424242553,0.7923380609457094,0.6420024420024418,0.642002442002442
