,Accuracy,F1 (micro),Average KL,Average PearsonCorr,Average RMSE
Global,0.8605006105006104,0.8605006105006104,0.5524803256524422,0.30961031552531093,0.06005610462702292
