Groups,Prob,T(g),Entropy,Diag Mean,KL to I,I similar % (JS),Accuracy,F1 (micro)
0.0,0.3880669839680195,38.3,0.35633421391248704,0.7798057287931442,0.4179606035066096,0.8473821687611149,0.723015873015873,0.723015873015873
1.0,0.30541442185640333,30.1,0.33230611234903334,0.7875686049461365,0.4479473912266094,0.8480122476193926,0.7460927960927961,0.7460927960927961
2.0,0.3065185934305191,30.25,0.3195601187646389,0.8232241094112396,0.3539124439119844,0.8776940505082766,0.7868131868131869,0.7868131868131869
