,Accuracy,F1 (micro),Average KL,Average PearsonCorr,Average RMSE
Global,0.8367521367521364,0.8367521367521364,0.6196639816075781,0.29922238465575735,0.18778750820398135
