,Accuracy,F1 (micro),Average KL,Average PearsonCorr
Global,0.9184167684167687,0.9184167684167687,0.015857924274865272,0.9909444680766999
