Groups,Prob,T(g),Entropy,Diag Mean,KL to I,I similar % (JS),Accuracy,F1 (micro)
0.0,0.35291863679885865,705.3,0.39095245823264124,0.8077859714627266,0.32817488525294236,0.8797797158296154,0.7192307692307691,0.7192307692307691
1.0,0.31903136521577835,637.6,0.39869236275553704,0.7996864423155785,0.35300061056487586,0.8740944463786832,0.6961538461538459,0.6961538461538459
2.0,0.3280500039458275,655.75,0.3896115332841873,0.8210959360003471,0.30826134231042135,0.8905873156078512,0.74004884004884,0.74004884004884
