ACC imiting Annotator,CE imiting Annotator
0.6500627731547622,0.765463405729765
