,Accuracy,F1 (micro),Average KL,Average PearsonCorr,Average RMSE
Global,0.8940577940577941,0.8940577940577941,0.33903771813359673,0.604106575147293,0.07895493187769438
