ACC imiting Annotator,CE imiting Annotator
0.6523417689759909,0.7530075117255497
