Groups,Prob,T(g),Entropy,Diag Mean,KL to I,I similar % (JS),Accuracy,F1 (micro)
0.0,0.2966623228043318,1482.8,0.4057094261050224,0.797153289616108,0.35715411754033866,0.8744159501305212,0.6812576312576313,0.6812576312576313
1.0,0.40440005585551264,2021.6,0.3880243770778179,0.812075063586235,0.3322532869281261,0.8845656789073839,0.7057997557997557,0.7057997557997557
2.0,0.29893761649727824,1494.2,0.40435186922550204,0.7932343363761902,0.36775446817104634,0.8710660934840082,0.6772893772893773,0.6772893772893773
