Groups,Prob,T(g),Entropy,Diag Mean,KL to I,I similar % (JS),Accuracy,F1 (micro)
0.0,0.3961510509252548,39.1,0.2766142897307873,0.810509979724884,0.4529577830237015,0.8608715277108321,0.7238705738705739,0.7238705738705739
1.0,0.21360104102641345,20.8,0.38259143605828283,0.8017301753163337,0.3908413250102606,0.8677624282166008,0.7750305250305252,0.7750305250305252
2.0,0.39024790599942205,38.45,0.3174851141870022,0.8333953745663166,0.3252508956484793,0.8909694478853332,0.8159951159951161,0.8159951159951161
