,Accuracy,F1 (micro)
Global,0.8667887667887669,0.8667887667887669
