,Accuracy,F1 (micro)
Global,0.5341269841269841,0.5341269841269841
