,Accuracy,F1 (micro),Average KL,Average PearsonCorr,Average RMSE
Global,0.8923076923076924,0.8923076923076924,0.6101600948398148,0.3841721768471004,0.14267555252689193
