,Accuracy,F1 (micro),Average KL,Average PearsonCorr,Average RMSE
Global,0.8892348392348394,0.8892348392348394,0.5589955490688137,0.3487684524528129,0.09267616035485873
