,Accuracy,F1 (micro)
Global,0.8050671550671551,0.8050671550671551
