,Accuracy,F1 (micro)
Global,0.8600122100122102,0.8600122100122102
