,Accuracy,F1 (micro),Average KL,Average PearsonCorr,Average RMSE
Global,0.8164835164835165,0.8164835164835165,0.6735309095449769,0.2867379558446864,0.1953465884195014
