Groups,Prob,T(g),Entropy,Diag Mean,KL to I,I similar % (JS),Accuracy,F1 (micro)
0.0,0.2941442787647247,28.9,0.38995143622159956,0.6250647649168968,1.2359566508021618,0.6974850871061362,0.5832722832722832,0.5832722832722832
1.0,0.3551463268697262,35.0,0.34496636018157006,0.6571942858397961,1.280594028292738,0.7159333834914265,0.5766788766788766,0.5766788766788766
2.0,0.35070940256118777,34.55,0.3968196615576744,0.6577056139707566,1.1810422499982196,0.7300154930625515,0.6015873015873016,0.6015873015873016
