ACC imiting Annotator,CE imiting Annotator
0.633908272570036,0.7827031278434766
