,Accuracy,F1 (micro),Average KL,Average PearsonCorr
Global,0.5071225071225071,0.5071225071225071,1.7524978869333807,0.5642823466662663
