,Accuracy,F1 (micro)
Global,0.81996336996337,0.81996336996337
