ACC imiting Annotator,CE imiting Annotator
0.6248955755680984,0.8008738599821049
