Groups,Prob,T(g),Entropy,Diag Mean,KL to I,I similar % (JS),Accuracy,F1 (micro)
0.0,0.3068859837949276,30.2,0.32196466326713563,0.687270176410675,1.2177560844684898,0.7393727607431672,0.6103785103785104,0.6103785103785104
1.0,0.35564089119434356,35.1,0.29207994118332864,0.6752465084195137,1.259087581495766,0.7264484340321,0.6525641025641026,0.6525641025641026
2.0,0.3374731283634901,33.25,0.286925532668829,0.611337423324585,1.4606281014755167,0.6626373033003894,0.5719780219780219,0.5719780219780219
