,Accuracy,F1 (micro),Average KL,Average PearsonCorr,Average RMSE
Global,0.8678062678062679,0.8678062678062679,0.44531677805570463,0.5120605363606254,0.07362860239022757
