,Accuracy,F1 (micro),Average KL,Average PearsonCorr,Average RMSE
Global,0.8497761497761497,0.8497761497761497,0.43520229973118674,0.4709342872016437,0.08899742599296231
