ACC imiting Annotator,CE imiting Annotator
0.6305158241033408,0.7901393630885183
