,Accuracy,F1 (micro),Average KL,Average PearsonCorr,Average RMSE
Global,0.559035409035409,0.559035409035409,1.0246561485779824,0.48484443565516855,0.218368936702073
