ACC imiting Annotator,CE imiting Annotator
0.609041299525378,0.8063660613832905
