Groups,Prob,T(g),Entropy,Diag Mean,KL to I,I similar % (JS),Accuracy,F1 (micro)
0.0,0.3873371884226799,38.25,0.2792291287332773,0.8172567456960678,0.38424175644108693,0.8679703136628782,0.7456043956043955,0.7456043956043955
1.0,0.2959569726139307,29.05,0.2658554963767529,0.8409971624612809,0.3612666625997828,0.8842173069215022,0.7733821733821735,0.7733821733821735
2.0,0.31670584753155706,31.1,0.24732440002262593,0.8512319505214692,0.3059280376605912,0.8936544958096411,0.7695360195360195,0.7695360195360195
