,Accuracy,F1 (micro)
Global,0.5770451770451771,0.5770451770451771
