,Accuracy,F1 (micro),Average KL,Average PearsonCorr,Average RMSE
Global,0.8814814814814815,0.8814814814814815,0.6678600440452049,0.3564312135567058,0.12341156495882197
