Groups,Prob,T(g),Entropy,Diag Mean,KL to I,I similar % (JS),Accuracy,F1 (micro)
0.0,0.3189937710762024,31.4,0.4119598910212517,0.8244754046201705,0.21525576986078168,0.8994101027627395,0.7064102564102563,0.7064102564102563
1.0,0.3073715202510357,30.15,0.42466743737459184,0.8070090621709823,0.24397659036296665,0.8871938010175002,0.6714285714285714,0.6714285714285714
2.0,0.37363470867276194,36.95,0.40727550387382505,0.830388942360878,0.20474058531187028,0.9036552117167493,0.7108058608058606,0.7108058608058606
