,Accuracy,F1 (micro),Average KL,Average PearsonCorr
Global,0.5045177045177044,0.5045177045177044,0.24015923585521293,0.8924500036456336
