ACC imiting Annotator,CE imiting Annotator
0.697207722573643,0.7101657539606094
