,Accuracy,F1 (micro),Average KL,Average PearsonCorr,Average RMSE
Global,0.6332519332519333,0.6332519332519333,0.7234575745941292,0.564681538385903,0.22223032672045667
