,Accuracy,F1 (micro),Average KL,Average PearsonCorr,Average RMSE
Global,0.7949735449735449,0.7949735449735449,0.018192867458165136,0.990967195195523,0.21416683918418303
