,Accuracy,F1 (micro),Average KL,Average PearsonCorr,Average RMSE
Global,0.8532763532763532,0.8532763532763532,0.6132037878090268,0.32362455570148685,0.16918674769269224
