,Accuracy,F1 (micro)
Global,0.8991452991452993,0.8991452991452993
