,Accuracy,F1 (micro)
Global,0.8416971916971919,0.8416971916971919
