ACC imiting Annotator,CE imiting Annotator
0.656950561205434,0.6927078336885146
