ACC imiting Annotator,CE imiting Annotator
0.666710653942633,0.7405420398433363
