,Accuracy,F1 (micro),Average KL,Average PearsonCorr
Global,0.9237281237281237,0.9237281237281237,0.08878359868251805,0.9836308918691913
