,Accuracy,F1 (micro),Average KL,Average PearsonCorr
Global,0.6549247049247049,0.6549247049247049,0.20676755920032583,0.9623434697579357
