,Accuracy,F1 (micro),Average KL,Average PearsonCorr
Global,0.9287749287749287,0.9287749287749287,0.01233054623417467,0.9901552141294602
