,Accuracy,F1 (micro)
Global,0.9381359381359381,0.9381359381359381
