Groups,Entropy,Diag Mean,KL to I,I similar % (JS),Accuracy,F1 (micro)
0.0,0.3021497204899788,0.7615273728966713,0.6427478328456089,0.8147130672580969,0.702075702075702,0.702075702075702
1.0,0.3192654773592949,0.7863613680005074,0.56894917528064,0.8383125756958341,0.7335164835164836,0.7335164835164836
2.0,0.30176299400627615,0.8244082435965538,0.44476630375493925,0.8757249946840598,0.7944444444444445,0.7944444444444445
