,Accuracy,F1 (micro)
Global,0.9078144078144079,0.9078144078144079
