,Accuracy,F1 (micro),Average KL,Average PearsonCorr,Average RMSE
Global,0.6038665038665038,0.6038665038665038,0.8421481237069097,0.428536820337669,0.08924690266482582
