,Accuracy,F1 (micro)
Global,0.9394383394383394,0.9394383394383394
