ACC imiting Annotator,CE imiting Annotator
0.6225435007138045,0.8494340332409035
