,Accuracy,F1 (micro)
Global,0.6689255189255188,0.6689255189255188
