ACC imiting Annotator,CE imiting Annotator
0.6248427024759009,0.8230730562467091
