ACC imiting Annotator,CE imiting Annotator
0.6654832980973684,0.7238603967979039
