,Accuracy,F1 (micro),Average KL,Average PearsonCorr,Average RMSE
Global,0.7535002035002035,0.7535002035002035,0.016637408479408873,0.9888509487346214,0.11756078328312995
