ACC imiting Annotator,CE imiting Annotator
0.649021487347053,0.7558838385413085
