Groups,Entropy,Diag Mean,KL to I,I similar % (JS),Accuracy,F1 (micro)
0.0,0.29090384505689143,0.8040714204311371,0.45571856210755995,0.855902276194441,0.773199023199023,0.7731990231990231
1.0,0.3738246947526932,0.8039298698306083,0.36204628510354925,0.8707434659424527,0.7370573870573871,0.7370573870573871
2.0,0.30715245455503465,0.7560017347335816,0.6442703468884283,0.808871831511798,0.7329670329670331,0.7329670329670331
