,Accuracy,F1 (micro)
Global,0.7303418803418802,0.7303418803418802
