,Accuracy,F1 (micro)
Global,0.8256410256410257,0.8256410256410257
