,Accuracy,F1 (micro),Average KL,Average PearsonCorr,Average RMSE
Global,0.901933251933252,0.901933251933252,0.5123460312909764,0.30646688430542157,0.08791038874732597
