,Accuracy,F1 (micro)
Global,0.9367521367521368,0.9367521367521368
