,Accuracy,F1 (micro)
Global,0.8753968253968255,0.8753968253968255
