,Accuracy,F1 (micro),Average KL,Average PearsonCorr,Average RMSE
Global,0.8277574277574278,0.8277574277574278,0.7118336966732034,0.3225393654704517,0.10118104949863074
