,Accuracy,F1 (micro),Average KL,Average PearsonCorr,Average RMSE
Global,0.8589743589743588,0.8589743589743588,0.45998043137715544,0.5447358250171114,0.09907477383531484
