,Accuracy,F1 (micro),Average KL,Average PearsonCorr,Average RMSE
Global,0.8931623931623932,0.8931623931623932,0.49893358281249645,0.427406830589108,0.07483297538382927
