ACC imiting Annotator,CE imiting Annotator
0.6464359566215414,0.774329640460289
