ACC imiting Annotator,CE imiting Annotator
0.6456189467186377,0.7577866853017388
