,Accuracy,F1 (micro),Average KL,Average PearsonCorr,Average RMSE
Global,0.7770451770451771,0.7770451770451771,0.01692371211307253,0.9897593553493417,0.12487986669125628
