Groups,Entropy,Diag Mean,KL to I,I similar % (JS),Accuracy,F1 (micro)
0.0,0.3122103590518236,0.8386497020721435,0.2746668652553739,0.8925874037206125,0.7753357753357755,0.7753357753357755
1.0,0.3131103076040745,0.8174722135066986,0.34287814875925743,0.8728149524945998,0.7716727716727718,0.7716727716727718
2.0,0.3242050655186176,0.8178890705108642,0.3356174883320442,0.87384283061734,0.7980463980463981,0.7980463980463981
