,Accuracy,F1 (micro),Average KL,Average PearsonCorr
Global,0.7217134717134719,0.7217134717134719,0.15051849058062597,0.9656100243244785
