,Accuracy,F1 (micro)
Global,0.6466422466422468,0.6466422466422468
