,Accuracy,F1 (micro),Average KL,Average PearsonCorr,Average RMSE
Global,0.8687220187220186,0.8687220187220186,0.5290514418933168,0.2792379542199498,0.07148706727100654
