Groups,Entropy,Diag Mean,KL to I,I similar % (JS),Accuracy,F1 (micro)
0.0,0.3940455839037895,0.7052265956997872,0.7337951721867804,0.7779144019389449,0.7885836385836387,0.7885836385836387
1.0,0.3988828182220459,0.7403049238026143,0.5911172824712188,0.8105522055172478,0.7897435897435898,0.7897435897435898
2.0,0.3998980179429054,0.7185880150645971,0.64086593106274,0.7907194671377978,0.7649572649572649,0.7649572649572649
