Groups,Entropy,Diag Mean,KL to I,I similar % (JS),Accuracy,F1 (micro)
0.0,0.39387644454836845,0.7955807983875275,0.2979808566691754,0.871500742639828,0.6881562881562884,0.6881562881562884
1.0,0.31777151953428984,0.8527343660593033,0.24154964378359334,0.9059896343263073,0.7940781440781441,0.7940781440781441
2.0,0.3743151158094406,0.8132037818431854,0.2611884339658024,0.8845084297562298,0.7199023199023199,0.7199023199023199
