,Accuracy,F1 (micro),Average KL,Average PearsonCorr
Global,0.6423076923076924,0.6423076923076924,0.21110991015539143,0.9612893969542995
