,Accuracy,F1 (micro)
Global,0.8338827838827841,0.8338827838827841
