,Accuracy,F1 (micro),Average KL,Average PearsonCorr
Global,0.8765771265771265,0.8765771265771265,0.13446552144775392,0.9750141160147873
