,Accuracy,F1 (micro)
Global,0.9426129426129426,0.9426129426129426
