,Accuracy,F1 (micro)
Global,0.7595848595848598,0.7595848595848598
