,Accuracy,F1 (micro)
Global,0.6075091575091576,0.6075091575091576
