,Accuracy,F1 (micro)
Global,0.7261294261294263,0.7261294261294263
