,Accuracy,F1 (micro),Average KL,Average PearsonCorr,Average RMSE
Global,0.642144892144892,0.642144892144892,0.7817192206407643,0.41289696764900585,0.09234062127401496
