,Accuracy,F1 (micro)
Global,0.8365689865689868,0.8365689865689868
