,Accuracy,F1 (micro),Average KL,Average PearsonCorr,Average RMSE
Global,0.822140822140822,0.822140822140822,0.4532562843350664,0.430767486652942,0.07043274347802767
