,Accuracy,F1 (micro),Average KL,Average PearsonCorr,Average RMSE
Global,0.8188644688644686,0.8188644688644688,0.6073120657539726,0.33718230157661494,0.09031119466178229
