Groups,Entropy,Diag Mean,KL to I,I similar % (JS),Accuracy,F1 (micro)
0.0,0.3908287987112999,0.5718360682949424,1.3031848553669056,0.6521388019339617,0.7257020757020756,0.7257020757020756
1.0,0.39054692536592484,0.6021346002817154,1.2773608222839907,0.6755246808698685,0.7474969474969475,0.7474969474969474
2.0,0.4213693231344223,0.566622943431139,1.2629514511275104,0.6539469406935583,0.756166056166056,0.7561660561660563
