,Accuracy,F1 (micro),Average KL,Average PearsonCorr,Average RMSE
Global,0.7242165242165243,0.7242165242165243,0.016880719408817513,0.9893391493948427,0.12747381904053878
