ACC imiting Annotator,CE imiting Annotator
0.6566359117032906,0.7596175172122572
