ACC imiting Annotator,CE imiting Annotator
0.6408478942502127,0.7629053238009325
