,Accuracy,F1 (micro),Average KL,Average PearsonCorr
Global,0.753947903947904,0.753947903947904,0.14846579496227652,0.9645709134622276
