,Accuracy,F1 (micro)
Global,0.8656288156288159,0.8656288156288159
