ACC imiting Annotator,CE imiting Annotator
0.6636157013195817,0.7290099241481038
