,Accuracy,F1 (micro)
Global,0.6576312576312575,0.6576312576312575
