Groups,Entropy,Diag Mean,KL to I,I similar % (JS),Accuracy,F1 (micro)
0.0,0.34938142225146296,0.7901957362890244,0.4140135065037337,0.8529262253701294,0.7094017094017093,0.7094017094017093
1.0,0.3161179807037115,0.8220139443874359,0.34198938204188245,0.8761170114497121,0.7456654456654458,0.7456654456654458
2.0,0.3638584651052952,0.8014425978064537,0.34378466053847667,0.8677299502739597,0.7465201465201464,0.7465201465201464
