,Accuracy,F1 (micro)
Global,0.8761904761904764,0.8761904761904764
