,Accuracy,F1 (micro),Average KL,Average PearsonCorr
Global,0.7308302808302807,0.7308302808302807,0.19569141390436703,0.9655655033961142
