ACC imiting Annotator,CE imiting Annotator
0.6524872810363933,0.7491119375707818
