,Accuracy,F1 (micro),Average KL,Average PearsonCorr
Global,0.9271062271062271,0.9271062271062271,0.0848087533704783,0.9839683411871798
