Groups,Entropy,Diag Mean,KL to I,I similar % (JS),Accuracy,F1 (micro)
0.0,0.3251065768301487,0.7607738494873046,0.5590455527528222,0.8218308235520034,0.7057997557997557,0.7057997557997557
1.0,0.30336463265120983,0.8474846631288528,0.261002402178734,0.8988310446326929,0.8010378510378512,0.8010378510378512
2.0,0.3023932870477438,0.8673095732927323,0.21692991868482445,0.9167243596266541,0.8189865689865691,0.8189865689865691
