,Accuracy,F1 (micro)
Global,0.7357753357753356,0.7357753357753356
