Groups,Entropy,Diag Mean,KL to I,I similar % (JS),Accuracy,F1 (micro)
0.0,0.412940526008606,0.5238043319433927,1.5344311486075966,0.6102504808544573,0.7122100122100123,0.7122100122100123
1.0,0.42659965753555296,0.5526951730251313,1.3620512691622664,0.6379072250787695,0.7465201465201464,0.7465201465201466
2.0,0.39198470786213874,0.5503680201247334,1.405753939007599,0.6256320847538441,0.7386446886446886,0.7386446886446886
