ACC imiting Annotator,CE imiting Annotator
0.6171589388347108,0.8224811007461914
