,Accuracy,F1 (micro)
Global,0.9037851037851039,0.9037851037851039
