Raykar exec,Raykar init,MV exec,DS exec,DL exec,Our exec,Our init,Our Indiv1 exec,Our Indiv1 init,Our Indiv2 exec,Our Indiv2 init,Our Indiv3 exec,Our Indiv3 init,Our Indiv3 exec E,Our Indiv3 init E
0.05077023506164551,0.005659842491149902,0.0006020069122314453,0.13489680290222167,0.04747552871704101,0.053320527076721184,0.1896190881729126,0.17695975303649902,0.8542495965957642,0.1225726842880249,0.8298600196838379,0.1580646276473999,0.7747030258178711,0.1621302604675293,0.8418652534484863
0.08221659660339356,0.09603447914123536,0.00025010108947753906,0.918373680114746,0.04967596530914307,0.05115070343017578,0.1634155511856079,0.31336112022399903,0.9673553705215454,0.4839707374572754,0.8797583818435669,0.16008975505828854,0.8974047660827636,0.15603787899017335,0.9028691530227662
0.16086602210998535,0.23885252475738525,0.0002105236053466797,2.1392022132873536,0.0502206563949585,0.050858712196350096,0.1683736562728882,0.4535171747207642,1.5166961431503296,1.0255752086639405,0.8883973836898804,0.16715505123138427,1.1490126848220823,0.16340792179107666,1.1912107944488526
0.24881653785705565,0.4563508749008179,0.00020360946655273438,3.7441806554794312,0.04946727752685546,0.05175206661224365,0.14886026382446288,0.6636388301849365,3.2485832452774046,1.7991734504699708,0.8631423473358154,0.16739921569824218,2.028053641319275,0.1643146753311157,1.9610905647277832
0.3047757387161255,0.5909231424331665,0.0002002716064453125,4.945683264732361,0.048153948783874516,0.05157957077026367,0.15800352096557618,0.7934662103652954,5.336503505706787,2.359101986885071,0.9482016563415528,0.16200711727142333,2.7405122756958007,0.1734868288040161,2.819160151481628
0.3792593002319336,0.7789627075195312,0.00020051002502441406,6.358235239982605,0.0499457597732544,0.05225725173950195,0.16411232948303225,0.9775510787963868,9.339866828918456,2.98225474357605,0.9641860485076904,0.16023595333099366,3.990445446968079,0.17297108173370362,3.9715357303619374
0.4339832305908203,0.8839107990264893,0.00019216537475585938,7.407220792770387,0.05095207691192627,0.053781557083129886,0.1629236936569214,1.1387284755706788,13.362023162841798,3.473915839195252,0.9728370189666748,0.16840817928314208,5.126561999320983,0.1802180290222168,5.209197974205017
