DS exec,MV exec,Our Indiv1 exec,Our Indiv1 init,Our Indiv2 exec,Our Indiv2 init,Our Indiv3 exec,Our Indiv3 init,Our exec,Our init,Raykar exec,Raykar init
0.13014819622039794,0.06858458518981933,0.3266558885574341,0.8552804470062256,0.11681151390075684,0.9393979787826539,0.2492729663848877,0.825402307510376,0.07191319465637207,0.14533050060272218,0.052983880043029785,0.005496358871459961
0.9069730758666992,0.06510984897613525,0.43988986015319825,0.8054376602172851,0.29561777114868165,0.8996302127838135,0.2565501928329468,0.8087130308151245,0.06432638168334961,0.13437416553497314,0.10199966430664062,0.09385077953338623
2.085634708404541,0.0627899408340454,0.6427333354949951,0.8749851703643798,0.5863276720046997,0.9557312250137329,0.24985318183898925,0.8646384239196777,0.0672067642211914,0.1353743076324463,0.16804265975952148,0.2427065372467041
3.7289822816848757,0.06720156669616699,0.9890635967254638,0.9802644729614258,0.9725337505340577,0.9840630292892456,0.26267495155334475,0.8529367923736573,0.06929161548614501,0.1472097635269165,0.2843583345413208,0.4273399829864502
4.905640888214111,0.07111895084381104,1.1172693490982055,0.9741358757019043,1.247861647605896,0.9341318607330322,0.2765433073043823,0.8412701606750488,0.07333900928497314,0.1476571798324585,0.3810427188873291,0.5630113363265992
6.259042191505432,0.07373111248016358,1.555615448951721,0.9005169630050659,1.5364338636398316,0.9869066715240479,0.2607868671417236,0.8501839399337768,0.06798708438873291,0.14248781204223632,0.44248261451721194,0.7299777746200562
7.281857252120972,0.06809980869293213,2.18252854347229,0.913816261291504,1.8368483543395997,0.9700486898422241,0.27085649967193604,0.8754087924957276,0.07270481586456298,0.16221265792846679,0.5180939197540283,0.8581315994262695
