DS exec,MV exec,Our Indiv1 exec,Our Indiv1 init,Our Indiv2 exec,Our Indiv2 init,Our Indiv3 exec,Our Indiv3 init,Our exec,Our init,Raykar exec,Raykar init
0.1315013885498047,0.06824004650115967,0.29576084613800047,3.5665518045425415,0.14427709579467773,1.0072536230087281,0.2655271291732788,3.270630383491516,0.0680527925491333,0.14608864784240722,0.06115283966064453,0.005501985549926758
1.0613362073898316,0.06505756378173828,0.4620071887969971,4.732461047172547,0.3121823787689209,0.9439434289932251,0.266525936126709,3.249623942375183,0.06692399978637695,0.13603272438049316,0.1021388053894043,0.09450654983520508
2.1459614276885985,0.0715632677078247,0.7393201351165771,5.8008485555648805,0.6068436622619628,1.026802659034729,0.27937803268432615,3.190988373756409,0.06604337692260742,0.14536888599395753,0.16826024055480956,0.2315284252166748
3.832257342338562,0.06923043727874756,1.0851662397384643,7.760563826560974,1.0373560667037964,1.0450546026229859,0.2959007263183594,3.262085509300232,0.06858088970184326,0.13173694610595704,0.26322929859161376,0.4265000581741333
4.998327732086182,0.07028217315673828,1.4256173849105835,8.546283388137818,1.3013457298278808,1.0711772203445435,0.2977492332458496,3.443405199050903,0.07368524074554443,0.14888477325439453,0.3494284152984619,0.5642658710479737
6.418122076988221,0.06643474102020264,1.819682741165161,10.503494453430175,1.6525039196014404,1.0053518056869506,0.3036274671554565,3.3230173587799072,0.07009699344635009,0.13559355735778808,0.3962657928466797,0.734333086013794
7.322133851051331,0.06733527183532714,1.9509676456451417,11.23998727798462,1.893293809890747,0.9718978643417359,0.31294281482696534,3.0956190824508667,0.06679179668426513,0.13223142623901368,0.45951099395751954,0.8640391826629639
