DS exec,MV exec,Our Indiv1 exec,Our Indiv1 init,Our Indiv2 exec,Our Indiv2 init,Our Indiv3 exec,Our Indiv3 init,Our exec,Our init,Raykar exec,Raykar init
0.13229084014892578,0.06500961780548095,0.2874859571456909,3.7367995738983155,0.12646305561065674,0.9695287227630616,0.2532144546508789,3.2303545236587525,0.07399559020996094,0.14944195747375488,0.058902192115783694,0.00545797348022461
0.9759535312652587,0.06695370674133301,0.40676703453063967,4.852424669265747,0.3198603630065918,0.9428468942642212,0.2595290899276733,3.253574800491333,0.0693286657333374,0.13883512020111083,0.10705633163452148,0.09469664096832275
2.133535957336426,0.06878015995025635,0.6272567749023438,5.8518003702163695,0.623293137550354,0.9972346782684326,0.26570687294006345,3.238368201255798,0.06607165336608886,0.14242713451385497,0.17688682079315185,0.23296287059783935
3.8277592182159426,0.0717890977859497,0.9150092363357544,7.570264148712158,0.9932296752929688,1.008135485649109,0.2822165250778198,3.3664310455322264,0.06924340724945069,0.14287893772125243,0.27304668426513673,0.4266692876815796
5.0093296527862545,0.06765351295471192,1.1383573770523072,8.517405724525451,1.2431524753570558,0.9740310192108155,0.2883557558059692,3.276838779449463,0.0728318452835083,0.14796183109283448,0.3471689701080322,0.566787838935852
6.343680787086487,0.06998450756072998,1.4913544416427613,10.125022840499877,1.6016067743301392,0.9785796403884888,0.30085437297821044,3.3362873554229737,0.06714911460876465,0.14637768268585205,0.4474364757537842,0.729550051689148
7.418802738189697,0.07158453464508056,1.9688305854797363,11.311561346054077,1.8412534236907958,0.9477075815200806,0.31829147338867186,3.3185050964355467,0.07263436317443847,0.1366370439529419,0.46344153881072997,0.8764758825302124
