DS exec,MV exec,Our exec,Our init,Raykar exec,Raykar init
0.2505999326705933,0.07920005321502685,0.29850168228149415,0.00935192108154297,0.1716853618621826,0.010271215438842773
1.703964638710022,0.06796789169311523,0.3000402688980103,0.009354567527770996,0.2789167881011963,0.1705183744430542
2.341948914527893,0.06779122352600098,0.14055776596069336,0.004773068428039551,0.22557337284088136,0.282067608833313
4.215936875343322,0.06934711933135987,0.14101288318634034,0.004900598526000976,0.2958609819412231,0.4791706562042236
5.414651107788086,0.06895029544830322,0.13725731372833253,0.004480051994323731,0.37489335536956786,0.6388042449951172
6.890443277359009,0.06334352493286133,0.1420527696609497,0.004648232460021972,0.4198881149291992,0.8303949117660523
8.005406212806701,0.06802690029144287,0.14138975143432617,0.005151033401489258,0.4647608995437622,0.9616611242294312
