DS exec,MV exec,Our Indiv1 exec,Our Indiv1 init,Our Indiv2 exec,Our Indiv2 init,Our Indiv3 exec,Our Indiv3 init,Our exec,Our init,Raykar exec,Raykar init
0.14469544887542723,0.0672652244567871,0.3351320266723633,2.542546105384827,0.12802538871765137,0.9559765338897706,0.26055948734283446,1.9610435247421265,0.07251348495483398,0.13426969051361085,0.05319356918334961,0.005536961555480957
0.9306632041931152,0.057535982131958006,0.43793201446533203,2.7364237785339354,0.28731117248535154,0.909771203994751,0.25877857208251953,1.8611957550048828,0.06853442192077637,0.13709137439727784,0.09727950096130371,0.09658505916595458
2.0892192363739013,0.06500990390777588,0.6876882314682007,3.2130078792572023,0.5465539216995239,1.0127621650695802,0.26631224155426025,1.8616671562194824,0.0693425178527832,0.13214831352233886,0.16316075325012208,0.23566360473632814
3.768215775489807,0.06734790802001953,0.99343421459198,3.79796302318573,0.950557804107666,1.0208341360092164,0.2729929447174072,1.9674953937530517,0.06596441268920898,0.13860912322998048,0.2777590751647949,0.42907891273498533
4.955970978736877,0.07416656017303466,1.1454058408737182,4.114063119888305,1.216628336906433,0.9520078659057617,0.27463972568511963,1.8656796932220459,0.07105441093444824,0.14576969146728516,0.32514104843139646,0.5725888729095459
6.320129537582398,0.07099215984344483,1.4770705699920654,4.70976755619049,1.5342082977294922,0.9654536724090577,0.2681582927703857,1.9221490621566772,0.07268495559692383,0.14316842555999756,0.4282865524291992,0.7567945718765259
7.3411404371261595,0.07021656036376953,2.123285341262817,4.984897494316101,1.7467469692230224,1.000244402885437,0.2644051551818848,1.907562828063965,0.06768193244934081,0.13759925365447997,0.49153690338134765,0.868395471572876
