DS exec,MV exec,Our exec,Our init,Raykar exec,Raykar init
0.14921250343322753,0.06808273792266846,0.14455077648162842,0.004793238639831543,0.09906814098358155,0.00590062141418457
1.0798528432846068,0.06411893367767334,0.15513961315155028,0.004565548896789551,0.12976453304290772,0.10503621101379394
2.325446915626526,0.06612753868103027,0.14505605697631835,0.004490113258361817,0.2093139410018921,0.2610324382781982
4.21583046913147,0.06741049289703369,0.14743244647979736,0.004879164695739746,0.29440324306488036,0.4811224937438965
5.521845984458923,0.06616852283477784,0.14285192489624024,0.004921650886535645,0.370989990234375,0.6530699491500854
6.832782578468323,0.06610236167907715,0.14183192253112792,0.00463712215423584,0.44855759143829343,0.8247183084487915
8.044564151763916,0.06524031162261963,0.14316251277923583,0.004705166816711426,0.4942844152450562,0.9635934591293335
