,Accuracy,F1 (micro),F1 (macro)
All,0.009341719687343514,0.009341719687343519,0.009997693447947757
