,Accuracy,F1 (micro),F1 (macro)
All,0.6694514062935115,0.6694514062935115,0.6458259141289459
