Groups,Prob,Entropy,Diag mean,Isim (JS),S_raykar,S_bias,C_bias,Iner JS,Iner NormF,Accuracy,F1 (micro)
0.0,0.0,0.0033075396933223387,0.0005735226650389523,0.0002880691817194884,0.0007646968867186181,0.0005721629754938333,0.8529361054615993,,,0.009302909863251857,0.009302909863251857
