,Accuracy,F1 (micro),F1 (macro)
All,0.7936991869918699,0.7936991869918699,0.7443369720094342
