Groups,Prob,Entropy,Diag mean,Isim (JS),S_raykar,S_bias,C_bias,Iner JS,Iner NormF,Accuracy,F1 (micro)
0.0,1.0,0.024258115405589847,0.9966941806318997,0.9983461272937302,0.9955922408425334,0.001011901988202335,0.85,,,0.7292936991869918,0.7292936991869917
