,Accuracy,F1 (micro),F1 (macro),(R) NormF mean,(R) JS mean,(G) NormF,(G) JS
All,0.004090401638472367,0.004090401638472367,0.0035235407427060376,0.000246716253214126,0.0008564321458348245,0.0003271280091841491,0.0013875334598073266
