,Accuracy,F1 (micro),F1 (macro),(R) NormF mean,(R) JS mean,(G) NormF,(G) JS
All,0.6457652066674624,0.6457652066674624,0.6312031958831003,0.37859354115119664,0.38692642505973407,0.252298853155486,0.238571757412062
