,Accuracy,F1 (micro),F1 (macro)
All,0.7291158536585366,0.7291158536585367,0.682775823583308
