,Accuracy,F1 (micro),F1 (macro),(R) NormF mean,(R) JS mean,(G) NormF,(G) JS
All,0.6249482464685827,0.6249482464685827,0.48779480584954726,0.18434422589741548,0.20762461060583512,0.18773804371125893,0.17988071759059154
