,Accuracy,F1 (micro),F1 (macro)
All,0.6052745219000617,0.6052745219000617,0.4619683858725562
