Groups,Prob,Entropy,Diag mean,Isim (JS),S_raykar,S_bias,C_bias,Iner JS,Iner NormF,Accuracy,F1 (micro)
0.0,0.002308560807707384,0.02685370343442318,0.011280748186717364,0.006481755100404854,0.01353689782406084,0.005974886206458085,1.2,0.009165244178375699,0.010621717071955214,0.0060415545931064045,0.0060415545931064045
0.0,0.005308247239835371,0.013772980394158524,0.0033285510623611487,0.0016967539891307236,0.003994261274833382,0.0022989037832140983,1.6000000000000003,0.009165244178375699,0.010621717071955214,0.004465437135102257,0.004465437135102257
0.0,0.003545661226110903,0.08661660666165592,0.027295528764814843,0.018640069171760743,0.03275463451777779,0.02107062962233345,2.449489742783178,0.009165244178375699,0.010621717071955214,0.05431624602236,0.05431624602236
