,Accuracy,F1 (micro),F1 (macro)
All,0.5885256014805675,0.5885256014805675,0.48014020582322015
