,Accuracy,F1 (micro),F1 (macro)
All,0.002078469289201888,0.002078469289201888,0.007197582836147743
