,Accuracy,F1 (micro),F1 (macro)
All,0.5965144972239359,0.5965144972239359,0.4444616844048558
