,Accuracy,F1 (micro),F1 (macro)
All,0.01164905252927137,0.01164905252927137,0.007617650065604871
