,Accuracy,F1 (micro),Mean KL,Mean JS,Wmean KL,Wmean JS,Mean RMSE,Wmean RMSE
Global,0.9095238095238095,0.9095238095238095,0.017141688841187257,0.007382898810266966,0.017058825533901534,0.007349372495155578,0.10854414601422166,0.10892893545888205
