Mean ACC imiting Annot,Mean cross-entropy,Wmean ACC imiting Annot,wMean cross entropy
0.6422534071630909,0.7198657362293337,0.6420311734943692,0.7193292227010468
