,Accuracy,F1 (micro),Mean KL,Mean JS,Wmean KL,Wmean JS
Global,0.6223036223036222,0.6223036223036222,1.5272160294803767,0.13324617259520583,1.5230851578751907,0.13289847187717163
