,Accuracy,F1 (micro)
Global,0.732783882783883,0.732783882783883
