,Accuracy,F1 (micro),Mean KL,Mean JS,Wmean KL,Wmean JS
Global,0.7483109483109484,0.7483109483109484,0.3775752411000216,0.12374670549177935,0.37652903477713207,0.12352095772050224
