,Accuracy,F1 (micro),Mean KL,Mean JS,Mean PearsonCorr,Average RMSE
Global,0.6664835164835166,0.6664835164835166,1.0674703203186167,0.1288309026788433,0.7208868460919797,0.18077237405816382
