Mean ACC imiting Annot,Mean cross-entropy,Wmean ACC imiting Annot,wMean cross entropy
0.6779643414868286,0.724584802039237,0.675296805515891,0.727023378399905
