,Accuracy,F1 (micro),Mean KL,Mean JS,Wmean KL,Wmean JS
Global,0.548107448107448,0.548107448107448,2.044418483054718,0.2019104048119178,2.0448019650897975,0.20202946067970537
