,Accuracy,F1 (micro)
Global,0.6521367521367522,0.6521367521367522
