Groups,Prob,T(g),Entropy,Diag Mean,KL to I,I sim %(JS),Spammer,Accuracy,F1 (micro)
0.0,0.091909958422184,183.3,0.46036665737628935,0.7544424951076507,0.47798810593516966,0.7558420270816568,0.6316637426614762,0.688034188034188,0.688034188034188
1.0,0.7393662393093109,1478.2,0.34748096764087677,0.8091545611619949,0.3426945724255184,0.8203669413449116,0.7137318521738052,0.8562881562881565,0.8562881562881562
2.0,0.16872381865978242,336.9,0.3524149179458618,0.5383863061666488,1.2439896870214788,0.4550295492666316,0.3075794756412506,0.6008547008547009,0.6008547008547009
