,Accuracy,F1 (micro),Mean KL,Mean JS,Wmean KL,Wmean JS,Mean RMSE,Wmean RMSE
Global,0.7455026455026454,0.7455026455026454,0.2704065232545191,0.11210610035276347,0.2609463977521688,0.10809864247127887,0.12661759878256829,0.1254325118328709
