Mean ACC imiting Annot,Mean cross-entropy,Wmean ACC imiting Annot,wMean cross entropy
0.6803004355461154,0.8491056025028229,0.6740473114807041,0.8495755850913864
