Groups,Prob,T(g),Entropy,Diag Mean,KL to I,I sim %(JS),Spammer,Accuracy,F1 (micro)
0.0,0.3761251769959927,37.1,0.23239807020872832,0.6556280696764588,1.4663795490728304,0.6951308740505407,0.4834420983999735,0.6681318681318681,0.6681318681318681
1.0,0.2717413078993559,26.65,0.34759548045694827,0.5729669526219368,1.4201007819377613,0.6503379578505719,0.3594504189357394,0.49285714285714277,0.49285714285714277
2.0,0.3521335102617741,34.75,0.21929726153612136,0.5875190317630767,1.6137528188033272,0.6382475125877503,0.38127854308113457,0.5758241758241758,0.5758241758241759
