Groups,Prob,T(g),Entropy,Diag Mean,KL to I,I sim %(JS),Spammer,Accuracy,F1 (micro)
0.0,0.15219845548272132,14.7,0.33687131106853485,0.4895965665578842,1.456327126731528,0.38519069210356593,0.234394858032465,0.33369963369963374,0.33369963369963374
1.0,0.6196396350860596,61.4,0.1950204536318779,0.9496309399604798,0.05304084957537306,0.9623091750193409,0.9244464337825775,0.6211233211233212,0.6211233211233212
2.0,0.22816190719604493,22.5,0.23244105279445648,0.6313566982746124,1.236971028943746,0.5310193539881715,0.44703503251075744,0.5937728937728938,0.5937728937728938
