Groups,Prob,T(g),Entropy,Diag Mean,KL to I,I sim %(JS),Spammer,Accuracy,F1 (micro)
0.0,0.6726464092731476,66.7,0.24593014717102052,0.9329675674438477,0.070766542317927,0.9497519032026572,0.899451345205307,0.8931623931623932,0.8931623931623932
1.0,0.12416805550456048,12.0,0.3236472889780998,0.5388890445232392,1.4314274037759123,0.4330896720778677,0.3083335902541876,0.3875457875457876,0.3875457875457876
2.0,0.20318555682897568,19.8,0.29974975883960725,0.5991758882999421,1.2719603723937047,0.5076381689094996,0.3987638086080551,0.6271062271062273,0.6271062271062273
