,Accuracy,F1 (micro),Mean KL,Mean JS,Wmean KL,Wmean JS
Global,0.7749287749287749,0.7749287749287749,0.39354883417029024,0.11880797873598307,0.3935439384290298,0.11858055988434095
