,Accuracy,F1 (micro),Mean KL,Mean JS,Wmean KL,Wmean JS,Mean RMSE,Wmean RMSE
Global,0.8963369963369964,0.8963369963369964,0.3321623755997654,0.1386123885756799,0.30874684329447055,0.12920994810612188,0.12442193817546854,0.13314728050519453
