ACC imiting Annotator,CE imiting Annotator
0.6503918183431787,0.8677719225013893
