,Accuracy,F1 (micro)
Global,0.6549450549450548,0.6549450549450548
