,Accuracy,F1 (micro)
Global,0.7963369963369963,0.7963369963369962
