Mean ACC imiting Annot,Mean cross-entropy,Wmean ACC imiting Annot,wMean cross entropy
0.7492028998244672,0.7642663657665253,0.745911539089277,0.7604718170298854
