,Accuracy,F1 (micro),Mean KL,Mean JS,Wmean KL,Wmean JS,Mean RMSE,Wmean RMSE
Global,0.9126577126577124,0.9126577126577124,0.18441051448268525,0.07397301301753799,0.17531483593125807,0.07022046920186246,0.14719862784126253,0.14577345389956403
