Mean ACC imiting Annot,Mean cross-entropy,Wmean ACC imiting Annot,wMean cross entropy
0.7331927595854046,0.7884265184402466,0.7277426461588674,0.7864920616785807
