,Accuracy,F1 (micro)
Global,0.9258852258852259,0.9258852258852259
