,Accuracy,F1 (micro),Mean KL,Mean JS,Wmean KL,Wmean JS
Global,0.5472527472527472,0.5472527472527472,1.903302107040135,0.18813589128568287,1.9037559001396107,0.18815726054702236
