,Accuracy,F1 (micro),Mean KL,Mean JS,Wmean KL,Wmean JS,Mean RMSE,Wmean RMSE
Global,0.9013431013431014,0.9013431013431014,0.5485063314017277,0.1257118203014523,0.5711441739096113,0.12714614094570814,0.18584204825278056,0.18826848645345284
