,Accuracy,F1 (micro),Mean KL,Mean JS,Wmean KL,Wmean JS,Mean RMSE,Wmean RMSE
Global,0.9186406186406186,0.9186406186406186,0.01362102874711683,0.005442642183106397,0.013591543543225573,0.005428755874357246,0.10629787679479505,0.1051309868209579
