,Accuracy,F1 (micro),Mean KL,Mean JS,Wmean KL,Wmean JS
Global,0.5640618640618641,0.5640618640618641,2.2321244917059007,0.20118949876932085,2.2324651109805425,0.2012997382300848
