Mean ACC imiting Annot,Mean cross-entropy,Wmean ACC imiting Annot,wMean cross entropy
0.6509043953980633,0.7627159522779549,0.6489706119812692,0.7654504474107142
