,Accuracy,F1 (micro)
Global,0.9295482295482296,0.9295482295482296
