,Accuracy,F1 (micro)
Global,0.9402930402930403,0.9402930402930403
