,Accuracy,F1 (micro)
Global,0.6300366300366301,0.6300366300366301
