,Accuracy,F1 (micro)
Global,0.747008547008547,0.747008547008547
