,Accuracy,F1 (micro)
Global,0.9111111111111112,0.9111111111111112
