,Accuracy,F1 (micro),Mean KL,Mean JS,Mean PearsonCorr,Average RMSE
Global,0.7248677248677249,0.7248677248677249,0.9465793035723152,0.1197497199645748,0.3579383830420955,0.1613887991747967
