,Accuracy,F1 (micro),Mean KL,Mean JS,Wmean KL,Wmean JS,Mean RMSE,Wmean RMSE
Global,0.9144485144485145,0.9144485144485145,0.21319391708171911,0.09023245382299926,0.20218834721877116,0.08571651609546202,0.14180745158691088,0.14169556525641547
