,Accuracy,F1 (micro)
Global,0.5744810744810744,0.5744810744810744
