,Accuracy,F1 (micro),Mean KL,Mean JS,Wmean KL,Wmean JS
Global,0.6780626780626781,0.678062678062678,0.7261282290094971,0.15300881157480467,0.7223742868155453,0.15279757847555603
