,Accuracy,F1 (micro),Mean KL,Mean JS,Wmean KL,Wmean JS,Mean RMSE,Wmean RMSE
Global,0.8434269434269435,0.8434269434269435,0.5497104699416844,0.11401091035424724,0.5550712776085025,0.11443364443423569,0.20500164274044633,0.2044283868884224
