,Accuracy,F1 (micro)
Global,0.757997557997558,0.7579975579975579
