Mean ACC imiting Annot,Mean cross-entropy,Wmean ACC imiting Annot,wMean cross entropy
0.6318557413281558,0.808332884311676,0.6319149791063968,0.8085896062277611
