,Accuracy,F1 (micro)
Global,0.9042735042735044,0.9042735042735044
