,Accuracy,F1 (micro)
Global,0.8455433455433458,0.8455433455433458
