,Accuracy,F1 (micro),Mean KL,Mean JS,Wmean KL,Wmean JS,Mean RMSE,Wmean RMSE
Global,0.8930402930402931,0.8930402930402931,0.5478953427956773,0.12655495936474534,0.5510333743837369,0.12685205547935952,0.19552072720314864,0.19374158541063194
