,Accuracy,F1 (micro)
Global,0.905860805860806,0.905860805860806
