Mean ACC imiting Annot,Mean cross-entropy,Wmean ACC imiting Annot,wMean cross entropy
0.716862854768562,0.6686384022235871,0.7166184205161659,0.668907463202811
