,Accuracy,F1 (micro)
Global,0.9113553113553114,0.9113553113553114
