,Accuracy,F1 (micro),Mean KL,Mean JS,Wmean KL,Wmean JS
Global,0.7033781033781034,0.7033781033781034,0.5144939437873258,0.1477502377652931,0.51124373934819,0.14744558303559846
