,Accuracy,F1 (micro)
Global,0.6901098901098901,0.6901098901098901
