,Accuracy,F1 (micro),Mean KL,Mean JS,Wmean KL,Wmean JS
Global,0.6183557183557183,0.6183557183557183,2.1333553787689143,0.210408445578242,2.132698807169827,0.21034106356358068
