,Accuracy,F1 (micro),Mean KL,Mean JS,Wmean KL,Wmean JS
Global,0.775986975986976,0.775986975986976,2.0992835092123663,0.1394045609804679,1.9487739810812417,0.12584933458783287
