,Accuracy,F1 (micro),Mean KL,Mean JS,Wmean KL,Wmean JS
Global,0.6347985347985349,0.6347985347985349,1.64249379085595,0.17330597163273798,1.634090283502705,0.17286738785614353
