,Accuracy,F1 (micro),Mean KL,Mean JS,Wmean KL,Wmean JS
Global,0.6141229141229142,0.6141229141229142,2.1927839626058394,0.2146766094001879,2.1846754971881213,0.21422163388003512
