Groups,Prob,T(g),Entropy,Diag Mean,KL to I,I sim %(JS),Spammer,Accuracy,F1 (micro)
0.0,0.16147219091653825,15.7,0.3345582723617554,0.5557864516973495,1.2808326681176667,0.4663872748870833,0.33367967456579206,0.526862026862027,0.526862026862027
1.0,0.6910925388336182,68.6,0.34730096235871316,0.8672913789749146,0.15265534381084667,0.8945565539197073,0.8009370625019073,0.8161172161172161,0.8161172161172161
2.0,0.1474352717399597,14.3,0.40356128811836245,0.8351380705833436,0.21442465309063558,0.8600412186518911,0.7527071207761764,0.8584859584859584,0.8584859584859584
