,Accuracy,F1 (micro)
Global,0.6553113553113554,0.6553113553113554
