,Accuracy,F1 (micro)
Global,0.7564102564102565,0.7564102564102565
