,Accuracy,F1 (micro)
Global,0.9128205128205129,0.9128205128205129
