,Accuracy,F1 (micro)
Global,0.9191697191697192,0.9191697191697192
