,Accuracy,F1 (micro),Mean KL,Mean JS,Wmean KL,Wmean JS
Global,0.6412291412291412,0.6412291412291412,1.377438600072115,0.15240807148378158,1.3799918766944326,0.15230874621753748
