Groups,Prob,T(g),Entropy,Diag Mean,KL to I,I sim %(JS),Spammer,Accuracy,F1 (micro)
0.0,0.51551813185215,5110.3,0.19187804982066153,0.9426354467868805,0.06391916969118744,0.955440151786059,0.9139531672000885,0.8489621489621489,0.8489621489621489
1.0,0.2674198880791664,2650.7,0.21016388684511184,0.6573603332042695,1.2710087460667814,0.5576207351816709,0.48604050278663635,0.6396825396825397,0.6396825396825397
2.0,0.21706199049949645,2151.5,0.30432660728693006,0.49951972961425783,1.5673704022566297,0.3865316586460435,0.249279597774148,0.3650793650793651,0.3650793650793651
