,Accuracy,F1 (micro)
Global,0.9240537240537241,0.9240537240537241
