,Accuracy,F1 (micro)
Global,0.9357753357753358,0.9357753357753358
