,Accuracy,F1 (micro)
Global,0.6442002442002441,0.6442002442002441
