,Accuracy,F1 (micro)
Global,0.5810744810744812,0.5810744810744812
