ACC imiting Annotator,CE imiting Annotator
0.6665485151448485,0.8525132623761753
