,Accuracy,F1 (micro)
Global,0.9434676434676434,0.9434676434676434
