,Accuracy,F1 (micro)
Global,0.7081807081807082,0.7081807081807082
