,Accuracy,F1 (micro)
Global,0.8998778998779,0.8998778998779
