Mean ACC imiting Annot,Mean cross-entropy,Wmean ACC imiting Annot,wMean cross entropy
0.8121268252319039,0.8225731611251831,0.7894785088612751,0.8167958334716061
