,Accuracy,F1 (micro)
Global,0.7686202686202686,0.7686202686202686
