Groups,Prob,T(g),Entropy,Diag Mean,KL to I,I sim %(JS),Spammer,Accuracy,F1 (micro)
0.0,0.7533340811729431,1506.1,0.33904951214790346,0.867583018541336,0.15651992695037165,0.8929972529676629,0.8013745665550231,0.5312576312576311,0.5312576312576311
1.0,0.10742822736501693,214.3,0.44233646988868713,0.7694948256015778,0.33912007598050214,0.7883925274217184,0.6542422145605087,0.5611721611721612,0.5611721611721612
2.0,0.13923768773674966,277.8,0.3121567934751511,0.6103093296289444,1.121574548321171,0.5283731550276178,0.4154639855027199,0.5793650793650793,0.5793650793650793
