,Accuracy,F1 (micro),Mean KL,Mean JS,Wmean KL,Wmean JS,Mean RMSE,Wmean RMSE
Global,0.91998371998372,0.91998371998372,0.01518779622718342,0.006583730607988876,0.015148423906471364,0.0065678756167288094,0.15020302060201168,0.1498964046313224
