,Accuracy,F1 (micro)
Global,0.6865689865689866,0.6865689865689866
