Groups,Prob,T(g),Entropy,Diag Mean,KL to I,I sim %(JS),Spammer,Accuracy,F1 (micro)
0.0,0.3718462519347668,743.15,0.17999225985258818,0.5488683968782425,1.9423697920747796,0.5886846942254158,0.3233025949448347,0.6029914529914528,0.6029914529914528
1.0,0.23593621589243413,471.4,0.23492053151130676,0.49071970134973525,1.9418581036740914,0.5529898340511934,0.23607955316547305,0.43021978021978013,0.43021978021978013
2.0,0.3922175239771605,783.95,0.1927267314866185,0.5525448963046073,2.108561437670711,0.5930989447811789,0.3288173407781869,0.5605006105006105,0.5605006105006105
