,Accuracy,F1 (micro),Mean KL,Mean JS,Mean PearsonCorr,Average RMSE
Global,0.606817256817257,0.606817256817257,0.9331345534284216,0.12083852708751311,0.6717925405594413,0.15332197588478463
