Mean ACC imiting Annot,Mean cross-entropy,Wmean ACC imiting Annot,wMean cross entropy
0.6072691014498524,0.825983322726235,0.6068989071038252,0.826061994287195
