,Accuracy,F1 (micro),Mean KL,Mean JS,Wmean KL,Wmean JS
Global,0.9273504273504273,0.9273504273504273,0.023976067922744596,0.004605438944415451,0.02365897595442401,0.0045830868314264825
