,Accuracy,F1 (micro)
Global,0.9399267399267399,0.9399267399267399
