Groups,Prob,T(g),Entropy,Diag Mean,KL to I,I sim %(JS),Spammer,Accuracy,F1 (micro)
0.0,0.36936491057276727,3692.9,0.17274628654122354,0.5321504523046314,2.0297688535128606,0.5764439769688313,0.298225683812052,0.5954212454212453,0.5954212454212453
1.0,0.30495223253965376,3048.7,0.257605616748333,0.543868649750948,1.9505262783834745,0.602636444385416,0.31580297723412515,0.5163614163614163,0.5163614163614163
2.0,0.32568285539746283,3256.0,0.21091852467507125,0.5344449184834957,2.0978145097395204,0.5845759962744099,0.30166737753897904,0.5816239316239316,0.5816239316239316
