,Accuracy,F1 (micro),Mean KL,Mean JS,Wmean KL,Wmean JS,Mean RMSE,Wmean RMSE
Global,0.6726495726495727,0.6726495726495727,0.7797088295001171,0.1510727188339714,0.7795979126917317,0.1510513581840978,0.12777330327980493,0.12756554001712397
