,Accuracy,F1 (micro),Mean KL,Mean JS,Wmean KL,Wmean JS
Global,0.9183964183964184,0.9183964183964184,1.9696142774282008,0.11549913285361793,1.7870015755586945,0.10508627019985226
