,Accuracy,F1 (micro)
Global,0.5943833943833943,0.5943833943833943
