,Accuracy,F1 (micro),Mean KL,Mean JS,Wmean KL,Wmean JS
Global,0.9245014245014247,0.9245014245014247,0.008394096964133792,0.002916653474652344,0.008370575490020573,0.0029092301269184897
