,Accuracy,F1 (micro)
Global,0.9211233211233212,0.9211233211233212
