,Accuracy,F1 (micro),Mean KL,Mean JS,Wmean KL,Wmean JS
Global,0.9074481074481074,0.9074481074481074,2.4145620066499123,0.1374569645906019,2.196362303043132,0.12601118443657097
