Groups,Prob,T(g),Entropy,Diag Mean,KL to I,I sim %(JS),Spammer,Accuracy,F1 (micro)
0.0,0.7305502533912659,1460.5,0.2784349411725998,0.9093975007534028,0.10103031734142272,0.9295271005941992,0.8640962541103363,0.8820512820512822,0.8820512820512822
1.0,0.0928492195904255,185.1,0.3923497200012207,0.5772243231534958,1.095930472824429,0.5089608651064513,0.3658364787697792,0.44200244200244204,0.44200244200244204
2.0,0.17660051584243774,352.6,0.3044720500707626,0.5753730148077011,1.2918851312371376,0.48195409292119634,0.36305953115224837,0.5863247863247862,0.5863247863247862
