,Accuracy,F1 (micro)
Global,0.5968253968253968,0.5968253968253968
