Mean ACC imiting Annot,Mean cross-entropy,Wmean ACC imiting Annot,wMean cross entropy
0.7407884532755927,0.6283733150607173,0.7272601344469343,0.6460599629759363
