,Accuracy,F1 (micro),Mean KL,Mean JS,Wmean KL,Wmean JS
Global,0.7271876271876272,0.7271876271876272,0.7360295144823249,0.1828769755821772,0.7355756744221461,0.182799230742626
