,Accuracy,F1 (micro),Mean KL,Mean JS,Wmean KL,Wmean JS,Mean RMSE,Wmean RMSE
Global,0.7400488400488401,0.7400488400488401,0.5980626333173239,0.1486212128332361,0.5966220970265536,0.14759851836609383,0.18081084643574294,0.1791782275175453
