,Accuracy,F1 (micro)
Global,0.6438339438339439,0.6438339438339439
