Mean ACC imiting Annot,Mean cross-entropy,Wmean ACC imiting Annot,wMean cross entropy
0.6319332763452772,0.7714626505571421,0.631704245378834,0.7710620142310886
