,Accuracy,F1 (micro)
Global,0.6988400488400489,0.6988400488400489
