,Accuracy,F1 (micro),Mean KL,Mean JS,Mean PearsonCorr,Average RMSE
Global,0.6918599918599918,0.6918599918599918,0.8489786546451343,0.10807275129379594,0.692425469193866,0.1698678598397469
