Mean ACC imiting Annot,Mean cross-entropy,Wmean ACC imiting Annot,wMean cross entropy
0.6714055061779474,0.7404297828674317,0.671667682307536,0.7397522842783573
