,Accuracy,F1 (micro)
Global,0.9340659340659341,0.9340659340659341
