,Accuracy,F1 (micro),Mean KL,Mean JS,Wmean KL,Wmean JS,Mean RMSE,Wmean RMSE
Global,0.8997557997557999,0.8997557997557999,0.5783858350551688,0.13231728617438568,0.5792051668818624,0.13251473380439044,0.2514514848966809,0.2518563162970106
