,Accuracy,F1 (micro),Mean KL,Mean JS,Wmean KL,Wmean JS,Mean RMSE,Wmean RMSE
Global,0.9044770044770045,0.9044770044770045,0.46436642896833363,0.10567966912807192,0.46518511481653313,0.10587732420179477,0.19145598260377925,0.1917245581962218
