Mean ACC imiting Annot,Mean cross-entropy,Wmean ACC imiting Annot,wMean cross entropy
0.6012955089432132,0.7657541276204705,0.6011742161699352,0.7663314166207266
