,Accuracy,F1 (micro),F1 (macro)
All,0.9275000000000002,0.9275000000000002,0.872516255130282
