ACC imiting Annot mean,F1-mi imiting Annot mean,F1-ma imiting Annot mean,ACC imiting Annot wmean,F1-mi imiting Annot wmean,F1-ma imiting Annot wmean
0.8100970524096086,0.8100970524096086,0.7296730552498828,0.8027839948842095,0.8027839948842095,0.7349009427544352
