,Accuracy,F1 (micro),F1 (macro)
All,0.022220486043288953,0.02222048604328897,0.03445227591851728
