Groups,Prob,T(g),Entropy,Diag mean,Isim (JS),S_raykar,S_bias,C_bias,Iner JS,Iner NormF,Accuracy,F1 (micro)
0.0,0.009806536125314798,3.25,0.34328633774216744,0.901389617299033,0.9475765553820237,0.8520844259485496,0.057400600508167685,0.0,0.04816400702434799,0.08996734584598252,0.93875,0.93875
1.0,0.990193463874685,389.75,0.009797479348114948,0.998755048834649,0.9993782904042284,0.9981325732519732,0.0007839310779294339,0.0,0.04816400702434799,0.08996734584598252,0.9374999999999998,0.9374999999999998
