ACC imiting Annot mean,F1-mi imiting Annot mean,F1-ma imiting Annot mean,ACC imiting Annot wmean,F1-mi imiting Annot wmean,F1-ma imiting Annot wmean
0.7940011029377628,0.7940011029377628,0.6998291647073003,0.7851859041702827,0.7851859041702827,0.703831659410053
