,Accuracy,F1 (micro),F1 (macro)
All,0.9361009361009361,0.9361009361009361,0.9359127417008092
