,Accuracy,F1 (micro)
Global,0.9474969474969475,0.9474969474969475
