,Accuracy,F1 (micro)
Global,0.932030932030932,0.932030932030932
