,Accuracy,F1 (micro),Mean NormF,Mean JS,Wmean NormF,Wmean JS,Mean RMSE,Wmean RMSE
Global,0.8224666666666666,0.8224666666666666,0.13636061165527233,0.13691190531277375,0.15365712193678321,0.1923778283560161,0.018314806873256692,0.03648604269293924
