,Accuracy,F1 (micro),Mean NormF,Mean JS,Wmean NormF,Wmean JS,Mean RMSE,Wmean RMSE
Global,0.8289999999999998,0.8289999999999998,0.2935384727100954,0.535090416238189,0.2603981580792795,0.4357652726045271,0.1395171196209418,0.1224453707212328
