,Accuracy,F1 (micro)
Global,0.8173961840628505,0.8173961840628505
