,Accuracy,F1 (micro),Mean NormF,Mean JS,Wmean NormF,Wmean JS
Global,0.8359999999999999,0.8359999999999999,0.07240364496899979,0.0753883567268376,0.08982731561970873,0.092018529216307
