,Accuracy,F1 (micro)
Global,0.834259259259259,0.834259259259259
