Mean ACC imiting Annot,Mean cross-entropy,Wmean ACC imiting Annot,wMean cross entropy
0.9709539559546365,1.5858574231465659,0.9212024756852342,1.4561794489883357
