,Accuracy,F1 (micro)
Global,0.8268799102132434,0.8268799102132434
