,Accuracy,F1 (micro)
Global,0.8002244668911338,0.8002244668911338
