,Accuracy,F1 (micro),Mean NormF,Mean JS,Wmean NormF,Wmean JS
Global,0.8313333333333331,0.8313333333333331,0.26325822905314666,0.48654255493639675,0.23011898119865995,0.3913142111217607
