,Accuracy,F1 (micro)
Global,0.8008417508417509,0.800841750841751
