Mean ACC imiting Annot,Mean cross-entropy,Wmean ACC imiting Annot,wMean cross entropy
0.8373200019432668,0.4444629455053775,0.8395200202096755,0.4387897825238403
