Groups,Prob,T(g),Entropy,Diag Mean,KL to I,I sim %(JS),Spammer,Accuracy,F1 (micro)
0.0,0.9993936618169149,5244.233333333334,0.23562308996915818,0.9439351201057434,0.059537494657376656,0.9578082791787392,0.9359258532524108,0.830948372615039,0.830948372615039
1.0,0.00045914390454224,1.9,2.0768380482991535,0.1364962230126063,1.9922915706117323,-0.008574339015621739,0.013138541268805664,0.6485129068462402,0.6485129068462402
2.0,0.00014718856061032664,0.0,2.079353419939677,0.1271054580807686,2.062744835241385,-0.02948613986366433,0.0024062382678190866,0.6350448933782268,0.6350448933782268
