,Accuracy,F1 (micro),Mean NormF,Mean JS,Wmean NormF,Wmean JS
Global,0.8030333333333336,0.8030333333333336,0.2572660839833473,0.47719065115828163,0.2252042144121049,0.38483271644212497
