Groups,Prob,T(g),Entropy,Diag mean,Isim (JS),S_raykar,S_bias,C_bias,Iner JS,Iner NormF,Accuracy,F1 (micro)
0.0,0.15246103157599766,387.8,1.4562090331057707,0.16969460602818606,0.25696854574437605,0.051079549746498386,0.2488649374257877,2.0,0.7781059276174515,0.3844884079677255,0.225,0.225
1.0,0.8475389858086904,2158.2,0.25274477204056306,0.8454151196265658,0.8644277746702582,0.8233315652875038,0.10427569367063803,1.0,0.7781059276174515,0.3844884079677255,0.7171997755331087,0.7171997755331087
