,Accuracy,F1 (micro)
All,0.7552749719416386,0.7552749719416386
