,Accuracy,F1 (micro)
All,0.8342312008978674,0.8342312008978674
