,Accuracy,F1 (micro),F1 (macro)
All,0.7912500000000002,0.7912500000000002,0.6634988757034211
