ACC imiting Annot mean,F1-mi imiting Annot mean,F1-ma imiting Annot mean,ACC imiting Annot wmean,F1-mi imiting Annot wmean,F1-ma imiting Annot wmean
0.572027216077687,0.572027216077687,0.41453487223960395,0.583396519435436,0.583396519435436,0.4166454210984133
