,Accuracy,F1 (micro),F1 (macro)
All,0.7812499999999999,0.7812499999999999,0.7066405287260304
