ACC imiting Annot mean,F1-mi imiting Annot mean,F1-ma imiting Annot mean,ACC imiting Annot wmean,F1-mi imiting Annot wmean,F1-ma imiting Annot wmean
0.003214599795140263,0.003214599795140263,0.004498925115449885,0.003134159806006502,0.0031341598060064947,0.0035927843396239708
