,Accuracy,F1 (micro),F1 (macro)
All,0.7687499999999999,0.7687499999999999,0.6345808328199916
