,Accuracy,F1 (micro),F1 (macro)
All,0.04173951964266001,0.04173951964266001,0.08769922966194106
