Groups,Prob,T(g),Entropy,Diag mean,Isim (JS),S_raykar,S_bias,C_bias,Iner JS,Iner NormF,Accuracy,F1 (micro)
0.0,0.9999425782049526,393.0,0.18273845335892003,0.9681840921991384,0.9836577079703481,0.9652917369445145,0.011340158966743624,3.05,0.7109210350663915,0.26688569739248047,0.77875,0.77875
1.0,5.7421795047416e-05,0.0,2.4848873037103365,0.08393818713454486,0.21305191502671933,0.0006598405104125863,0.000512028070275597,2.4,0.7109210350663915,0.26688569739248047,0.51875,0.51875
