ACC imiting Annot mean,F1-mi imiting Annot mean,F1-ma imiting Annot mean,ACC imiting Annot wmean,F1-mi imiting Annot wmean,F1-ma imiting Annot wmean
0.0019968037540364796,0.0019968037540364796,0.002427301632570806,0.001048653381489813,0.0010486533814898105,0.0023681541132715613
