ACC imiting Annot mean,F1-mi imiting Annot mean,F1-ma imiting Annot mean,ACC imiting Annot wmean,F1-mi imiting Annot wmean,F1-ma imiting Annot wmean
0.7269932313214985,0.7269932313214985,0.6307942522053434,0.7348170648152378,0.7348170648152378,0.644376057038025
