,Accuracy,F1 (micro),F1 (macro)
All,0.8574999999999999,0.8574999999999999,0.8393240550012889
