,Accuracy,F1 (micro),F1 (macro)
All,0.03614208073700241,0.03614208073700242,0.07175436691295063
