ACC imiting Annot mean,F1-mi imiting Annot mean,F1-ma imiting Annot mean,ACC imiting Annot wmean,F1-mi imiting Annot wmean,F1-ma imiting Annot wmean
0.0014271427171384317,0.0014271427171384105,0.0024879228081857658,0.0010193659088289862,0.0010193659088289823,0.0016295120424018475
