Groups,Prob,T(g),Entropy,Diag mean,Isim (JS),S_raykar,S_bias,C_bias,Iner JS,Iner NormF,Accuracy,F1 (micro)
0.0,0.9999462246770777,393.0,0.18941265888676898,0.9658808890123414,0.9824057678862687,0.9627791516498269,0.013966698243607445,3.0,0.7095359340251639,0.2662694507808233,0.7699999999999998,0.7699999999999999
1.0,5.377532292216755e-05,0.0,2.484888662687717,0.08395365808795435,0.2130803704788482,0.0006767179141320295,0.0004905970563296128,2.95,0.7095359340251639,0.2662694507808233,0.59125,0.59125
