ACC imiting Annot mean,F1-mi imiting Annot mean,F1-ma imiting Annot mean,ACC imiting Annot wmean,F1-mi imiting Annot wmean,F1-ma imiting Annot wmean
0.6813165408043768,0.6813165408043768,0.564026726416638,0.6913682455579407,0.6913682455579409,0.5749462680958936
