,Accuracy,F1 (micro),F1 (macro)
All,0.02750000000000001,0.0275,0.051663229879747516
