ACC imiting Annot mean,F1-mi imiting Annot mean,F1-ma imiting Annot mean,ACC imiting Annot wmean,F1-mi imiting Annot wmean,F1-ma imiting Annot wmean
0.6177838215708027,0.6177838215708027,0.48088665020428845,0.628640433015119,0.628640433015119,0.48848760391725926
