,Accuracy,F1 (micro),F1 (macro)
All,0.02678035660703569,0.02678035660703567,0.06257626145749347
