,Accuracy,F1 (micro),F1 (macro)
All,0.8499999999999999,0.8499999999999999,0.8313600681785702
