,Accuracy,F1 (micro),F1 (macro)
All,0.85125,0.85125,0.8185502992969622
