,Accuracy,F1 (micro),F1 (macro)
All,0.7775000000000001,0.7775000000000001,0.646471957816942
