,Accuracy,F1 (micro),F1 (macro)
All,0.025000000000000012,0.025,0.05745620088653093
