Groups,Prob,T(g),Entropy,Diag mean,Isim (JS),S_raykar,S_bias,C_bias,Iner JS,Iner NormF,Accuracy,F1 (micro)
0.0,2.242943981937013e-06,0.0,0.01863131111804482,0.004987916389461668,0.0026434030090497305,0.005441363333958163,0.0038599456350867168,0.21794494717703367,0.005543260825341126,0.0013940341379521898,0.03895109112720721,0.038951091127207224
0.0,2.2429439819357473e-06,0.0,2.3545394528686637e-06,3.054879985154771e-05,5.619972532754522e-05,3.332596347441245e-05,0.00011449552967178116,1.0677078252031311,0.005543260825341126,0.0013940341379521898,0.16599604663967152,0.16599604663967152
