ACC imiting Annot mean,F1-mi imiting Annot mean,F1-ma imiting Annot mean,ACC imiting Annot wmean,F1-mi imiting Annot wmean,F1-ma imiting Annot wmean
0.005406168280866747,0.005406168280866747,0.007724621416119583,0.005311193118386609,0.005311193118386609,0.007619644883598764
