Groups,Prob,T(g),Entropy,Diag mean,Isim (JS),S_raykar,S_bias,C_bias,Iner JS,Iner NormF,Accuracy,F1 (micro)
0.0,0.0004432632698553064,0.0,2.483452211440313,0.0882705720314652,0.2208784719310835,0.005386078579780204,0.0044837172042789366,2.65,0.45006433247476607,0.1746869490573683,0.5087500000000001,0.5087500000000001
1.0,0.9994397848145585,393.0,0.2721980992992922,0.9484477591165368,0.9733728582032132,0.9437611917634946,0.02120294898081367,3.0,0.45006433247476607,0.1746869490573683,0.7950000000000002,0.7950000000000002
2.0,0.00011695191558605954,0.0,2.4848399518593434,0.0842985760168792,0.2137147752898124,0.0010529920184136974,0.0009419102076000954,2.6,0.45006433247476607,0.1746869490573683,0.4437500000000001,0.4437500000000001
