ACC imiting Annot mean,F1-mi imiting Annot mean,F1-ma imiting Annot mean,ACC imiting Annot wmean,F1-mi imiting Annot wmean,F1-ma imiting Annot wmean
0.7441123863586413,0.7441123863586413,0.648170471834854,0.7515256017905267,0.7515256017905267,0.6615766257361158
