,Accuracy,F1 (micro),F1 (macro)
All,0.05354612497650973,0.05354612497650973,0.10283849427363292
