ACC imiting Annot mean,F1-mi imiting Annot mean,F1-ma imiting Annot mean,ACC imiting Annot wmean,F1-mi imiting Annot wmean,F1-ma imiting Annot wmean
0.580138216967981,0.580138216967981,0.4233977675297873,0.5911010368610973,0.5911010368610973,0.4258151324519293
