ACC imiting Annot mean,F1-mi imiting Annot mean,F1-ma imiting Annot mean,ACC imiting Annot wmean,F1-mi imiting Annot wmean,F1-ma imiting Annot wmean
0.7453462348402021,0.7453462348402021,0.6496397320470478,0.7518636093728588,0.7518636093728588,0.661854535038923
