ACC imiting Annot mean,F1-mi imiting Annot mean,F1-ma imiting Annot mean,ACC imiting Annot wmean,F1-mi imiting Annot wmean,F1-ma imiting Annot wmean
0.006155355003674802,0.006155355003674802,0.008352563173990094,0.006620901916151622,0.006620901916151622,0.009730150135622423
