ACC imiting Annot mean,F1-mi imiting Annot mean,F1-ma imiting Annot mean,ACC imiting Annot wmean,F1-mi imiting Annot wmean,F1-ma imiting Annot wmean
0.6196764599369753,0.6196764599369753,0.4863007877691401,0.6302174210935001,0.6302174210935001,0.4937365371773028
