Groups,Prob,T(g),Entropy,Diag mean,Isim (JS),S_raykar,S_bias,C_bias,Iner JS,Iner NormF,Accuracy,F1 (micro)
0.0,2.052935926547018e-06,0.0,0.011772396670927885,0.003325283265703457,0.0017718122816467272,0.0036275817444037673,0.0031004352039042666,0.0,0.003458062174563708,0.00091765328376653,0.04153311931459038,0.04153311931459038
0.0,2.0529359265447307e-06,0.0,2.320547023029432e-06,2.9552623254293885e-05,5.439600546875261e-05,3.223922536831348e-05,0.00010142401339654061,0.49749371855331015,0.003458062174563708,0.00091765328376653,0.13607787292576262,0.13607787292576262
