,Accuracy,F1 (micro)
Global,0.6764346764346763,0.6764346764346763
