,Accuracy,F1 (micro)
Global,0.7253968253968254,0.7253968253968254
