Groups,Entropy,Diag Mean,KL to I,I similar % (JS),Accuracy,F1 (micro)
0.0,0.25232295095920565,0.7208919644355773,0.7662371928198997,0.7717074253707532,0.6971306471306472,0.6971306471306472
1.0,0.24543954208493232,0.8771404564380646,0.22575600519968414,0.9188119091421451,0.8172771672771673,0.8172771672771673
2.0,0.2248970154672861,0.9247230589389801,0.085782080749666,0.958839213982766,0.8906593406593408,0.8906593406593408
