,Accuracy,F1 (micro),Average KL,Average PearsonCorr,Average RMSE
Global,0.8253561253561255,0.8253561253561255,0.6730796617621242,0.2995814449510301,0.1704446847512054
