Groups,Entropy,Diag Mean,KL to I,I similar % (JS),Accuracy,F1 (micro)
0.0,0.3235825296491385,0.8544916316866875,0.27430818832072,0.9094155407616602,0.7059829059829059,0.7059829059829059
1.0,0.3190543960779905,0.8506315127015114,0.29202115270615214,0.9065042201413291,0.7144688644688644,0.7144688644688644
2.0,0.29978128895163536,0.8689881712198257,0.26133926852052153,0.9186751186768092,0.7070207570207568,0.7070207570207568
