,Accuracy,F1 (micro),Average KL,Average PearsonCorr,Average RMSE
Global,0.8137769637769636,0.8137769637769636,0.7497518798134154,0.234181433215833,0.18786259118136012
