,Accuracy,F1 (micro)
Global,0.8979242979242981,0.8979242979242981
