,Accuracy,F1 (micro),Mean KL,Mean JS,Wmean KL,Wmean JS
Global,0.6211640211640213,0.6211640211640213,1.2705752934078205,0.1598445347058461,1.2672389182565929,0.15953610769983406
