,Accuracy,F1 (micro)
Global,0.8471306471306471,0.8471306471306471
