,Accuracy,F1 (micro),Average KL,Average PearsonCorr,Average RMSE
Global,0.8341473341473341,0.8341473341473341,0.5928417146361341,0.29266284543277427,0.1470386857834775
