Mean ACC imiting Annot,Mean cross-entropy,Wmean ACC imiting Annot,wMean cross entropy
0.6308960519137042,0.8087413430213928,0.6309667309546769,0.809014946901144
