ACC imiting Annotator,CE imiting Annotator
0.6109512555850909,0.805991693182359
