ACC imiting Annotator,CE imiting Annotator
0.6236390234921712,0.7926550954858964
