Groups,Entropy,Diag Mean,KL to I,I similar % (JS),Accuracy,F1 (micro)
0.0,0.3895514503121376,0.7893861539661884,0.3982829617268688,0.8620352046721264,0.7285714285714284,0.7285714285714284
1.0,0.40086312144994735,0.7823435336351394,0.41810294327413444,0.8583755445325799,0.7239926739926741,0.7239926739926741
2.0,0.3975033015012741,0.7864518031477928,0.40410811741277614,0.8611650456600257,0.7277777777777779,0.7277777777777779
