,Accuracy,F1 (micro)
Global,0.9377696377696378,0.9377696377696378
