Mean ACC imiting Annot,Mean cross-entropy,Wmean ACC imiting Annot,wMean cross entropy
0.6340256075858602,0.7276488941425174,0.6323771829606659,0.7286921914272796
