Groups,Entropy,Diag Mean,KL to I,I similar % (JS),Accuracy,F1 (micro)
0.0,0.3227355718612671,0.7911656349897385,0.4197143839432013,0.8507644140156037,0.7032967032967032,0.7032967032967032
1.0,0.3292240560054779,0.8152110427618027,0.36505375844289034,0.8714642816274519,0.7514041514041515,0.7514041514041515
2.0,0.29471394307911397,0.8913254380226135,0.12613271441781015,0.9398532706154157,0.8195360195360196,0.8195360195360196
