,Accuracy,F1 (micro)
Global,0.7911477411477412,0.7911477411477412
