,Accuracy,F1 (micro),Mean KL,Mean JS,Wmean KL,Wmean JS,Mean RMSE,Wmean RMSE
Global,0.892958892958893,0.892958892958893,0.18461417048090162,0.0740154313889241,0.17556336303937187,0.07028044571471562,0.15074673232982713,0.1494388826093977
