,Accuracy,F1 (micro),Mean KL,Mean JS,Wmean KL,Wmean JS
Global,0.9294464794464794,0.9294464794464794,3.1756840642341464,0.5310199976910959,3.0803882042194513,0.4033740426415414
