Mean ACC imiting Annot,Mean cross-entropy,Wmean ACC imiting Annot,wMean cross entropy
0.6026549264077196,0.8296307685811751,0.6022058823529413,0.8297348601628134
