,Accuracy,F1 (micro)
Global,0.6572039072039071,0.6572039072039071
