,Accuracy,F1 (micro)
Global,0.7308913308913308,0.7308913308913308
