,Accuracy,F1 (micro)
Global,0.8529304029304031,0.8529304029304031
