Groups,Entropy,Diag Mean,KL to I,I similar % (JS),Accuracy,F1 (micro)
0.0,0.309406790882349,0.7638008445501328,0.6618271617494755,0.8172323973066596,0.71013431013431,0.71013431013431
1.0,0.32164460942149165,0.7288017615675926,0.7706790484833707,0.7884692009210998,0.6883394383394382,0.6883394383394381
2.0,0.32978745475411414,0.7882381349802017,0.5589982606463657,0.8446436766211901,0.7047008547008546,0.7047008547008546
