,Accuracy,F1 (micro),Average KL,Average PearsonCorr,Average RMSE
Global,0.8178062678062679,0.8178062678062679,0.01731886759378541,0.9914140587079716,0.18833830924664938
