Mean ACC imiting Annot,Mean cross-entropy,Wmean ACC imiting Annot,wMean cross entropy
0.7151611272302547,0.6748769700527191,0.7149100990744894,0.6751367331485545
