,Accuracy,F1 (micro),Mean KL,Mean JS,Wmean KL,Wmean JS
Global,0.7999592999593,0.7999592999593,0.38967631046061924,0.13608902362051917,0.38948552103661516,0.13582235014888633
