,Accuracy,F1 (micro),Average KL,Average PearsonCorr,Average RMSE
Global,0.8867114367114365,0.8867114367114365,0.5413260391904815,0.4446578009379074,0.09179441596189958
