ACC imiting Annotator,CE imiting Annotator
0.6746792375710333,0.6897647695937874
