,Accuracy,F1 (micro),Average KL,Average PearsonCorr,Average RMSE
Global,0.7784086284086283,0.7784086284086283,0.531835724707419,0.6046877534401586,0.14815303623516102
