ACC imiting Annotator,CE imiting Annotator
0.685352404421914,0.7258299418738476
