,Accuracy,F1 (micro)
Global,0.5947496947496945,0.5947496947496945
