,Accuracy,F1 (micro)
Global,0.8975579975579977,0.8975579975579977
