,Accuracy,F1 (micro),Mean NormF,Mean JS,Wmean NormF,Wmean JS,Mean RMSE,Wmean RMSE
Global,0.9273639940306607,0.9273639940306607,0.03346965763272289,0.006534070877679545,0.03343186977432339,0.0065185541394608415,0.08647956813780447,0.08620624280587719
