,Accuracy,F1 (micro)
Global,0.7116809116809119,0.711680911680912
