,Accuracy,F1 (micro)
Global,0.8532356532356534,0.8532356532356534
