,Accuracy,F1 (micro)
Global,0.8248473748473749,0.8248473748473749
