ACC imiting Annotator,CE imiting Annotator
0.621615342593671,0.8078616459762126
