,Accuracy,F1 (micro)
Global,0.9275946275946276,0.9275946275946276
