,Accuracy,F1 (micro)
Global,0.9329059829059829,0.9329059829059829
