,Accuracy,F1 (micro)
Global,0.7428571428571429,0.7428571428571429
