,Accuracy,F1 (micro),Average KL,Average PearsonCorr
Global,0.7125356125356124,0.7125356125356124,0.22609768518890502,0.8374236690869749
