Mean ACC imiting Annot,Mean cross-entropy,Wmean ACC imiting Annot,wMean cross entropy
0.5919364328307807,0.7846000993470637,0.59179475679863,0.7852831647332856
