,Accuracy,F1 (micro)
Global,0.6644078144078143,0.6644078144078143
