,Accuracy,F1 (micro),Mean KL,Mean JS,Wmean KL,Wmean JS,Mean RMSE,Wmean RMSE
Global,0.9293447293447292,0.9293447293447292,0.01509010112261305,0.0065343004063194154,0.015050566266309356,0.00651853917158351,0.08500350940793212,0.08473085516961204
