ACC imiting Annotator,CE imiting Annotator
0.5782652926754779,0.8805165022611618
