ACC imiting Annotator,CE imiting Annotator
0.6666298018138344,0.754335452478025
