,Accuracy,F1 (micro)
Global,0.8952991452991454,0.8952991452991454
