Mean ACC imiting Annot,Mean cross-entropy,Wmean ACC imiting Annot,wMean cross entropy
0.6729789540234148,0.7338163426349467,0.6702133735873688,0.7364322085574244
