,Accuracy,F1 (micro),Average KL,Average PearsonCorr
Global,0.753947903947904,0.753947903947904,0.7212120759977904,0.4011799919668058
