,Accuracy,F1 (micro)
Global,0.7623931623931623,0.7623931623931623
