,Accuracy,F1 (micro)
Global,0.9414529914529914,0.9414529914529914
