Groups,Prob,T(g),Entropy,Diag Mean,KL to I,I sim %(JS),Spammer,Accuracy,F1 (micro)
0.0,0.10650398358702659,212.4,0.4354787141084671,0.7566193878650666,0.42256821693443597,0.7583902644420649,0.634929084777832,0.656898656898657,0.656898656898657
1.0,0.7422053933143615,1484.0,0.37780446410179136,0.8504866778850555,0.17226243918003353,0.881031878357002,0.77573002576828,0.8112332112332112,0.8112332112332112
2.0,0.15129060298204422,302.1,0.4272566080093384,0.5539854466915131,1.0759203448962158,0.4982728355437498,0.3309781730175018,0.5560439560439561,0.5560439560439561
