,Accuracy,F1 (micro)
Global,0.6892551892551892,0.6892551892551892
