,Accuracy,F1 (micro)
Global,0.8610500610500612,0.8610500610500612
