Groups,Prob,T(g),Entropy,Diag Mean,KL to I,I sim %(JS),Spammer,Accuracy,F1 (micro)
0.0,0.7233252048492431,71.9,0.2699651151895523,0.9153883039951325,0.09300022988865454,0.934831868387614,0.8730824291706085,0.9009768009768011,0.900976800976801
1.0,0.10618871301412583,10.2,0.37234013676643374,0.4752874463796616,1.4345475046263558,0.375415850244271,0.21293116211891175,0.3516483516483516,0.3516483516483516
2.0,0.17048607915639877,16.5,0.36447393149137497,0.5458004355430603,1.239306894367847,0.4694265519914104,0.3187006562948227,0.5461538461538462,0.5461538461538462
