,Accuracy,F1 (micro),Mean KL,Mean JS,Wmean KL,Wmean JS
Global,0.5312576312576313,0.5312576312576313,2.092033150989713,0.1893471189732693,2.0925254825003847,0.18937041358434364
