,Accuracy,F1 (micro),Mean NormF,Mean JS,Wmean NormF,Wmean JS,Mean RMSE,Wmean RMSE
Global,0.8956722290055625,0.8956722290055625,0.2525398335640157,0.13201069234242385,0.2546376211271046,0.13357352935533467,0.18649999671295314,0.18908942758199224
