,Accuracy,F1 (micro),Mean NormF,Mean JS,Wmean NormF,Wmean JS
Global,0.7951566951566951,0.7951566951566951,0.20167890247709677,0.08547012420817982,0.2012313134945769,0.08519095932526305
