,Accuracy,F1 (micro)
Global,0.8279609279609282,0.8279609279609282
