ACC imiting Annotator,CE imiting Annotator
0.664483958945299,0.8605213344097138
