ACC imiting Annotator,CE imiting Annotator
0.6591054289137552,0.7381473186520575
