,Accuracy,F1 (micro),Average KL,Average PearsonCorr
Global,0.5801994301994304,0.5801994301994304,0.2194871544962569,0.9201658588720341
