,Accuracy,F1 (micro)
Global,0.6262515262515262,0.6262515262515262
