,Accuracy,F1 (micro),Average KL,Average PearsonCorr,Average RMSE
Global,0.8731583231583231,0.8731583231583231,0.45506887275296276,0.5645399524148342,0.06613328240394906
