,Accuracy,F1 (micro)
Global,0.9417582417582417,0.9417582417582417
