Groups,Prob,T(g),Entropy,Diag Mean,KL to I,I sim %(JS),Spammer,Accuracy,F1 (micro)
0.0,0.14688922762870787,14.1,0.32852523773908615,0.6025615036487579,1.128787585132828,0.5236233484082523,0.4038422554731369,0.6311355311355311,0.6311355311355311
1.0,0.7170137286186218,71.2,0.3569737121462822,0.8619066298007965,0.15780417128850957,0.8907105778615156,0.792859959602356,0.8070818070818071,0.8070818070818071
2.0,0.13609705045819281,13.1,0.41976443082094195,0.8152141869068146,0.24813715561637037,0.8391467138617366,0.7228212416172027,0.7579975579975581,0.7579975579975581
