,Accuracy,F1 (micro),Mean KL,Mean JS,Wmean KL,Wmean JS,Mean RMSE,Wmean RMSE
Global,0.9210419210419211,0.9210419210419211,0.015232601604382797,0.006603091182624548,0.015193492360470845,0.006587341372355464,0.1824600499722872,0.18230347349177334
