,Accuracy,F1 (micro)
Global,0.9007936507936509,0.9007936507936509
