,Accuracy,F1 (micro),Average KL,Average PearsonCorr
Global,0.6773300773300772,0.6773300773300772,0.9939599636249102,0.4163257975967821
