Groups,Prob,T(g),Entropy,Diag Mean,KL to I,I sim %(JS),Spammer,Accuracy,F1 (micro)
0.0,0.12285304814577103,11.8,0.40242505371570586,0.48442462980747225,1.3697801565837275,0.3963029085639889,0.22663696408271788,0.468009768009768,0.468009768009768
1.0,0.7587470889091492,75.2,0.3808756500482559,0.8099811434745788,0.2925487719941521,0.8280755767141107,0.7149717330932617,0.7838827838827839,0.7838827838827838
2.0,0.1183998666703701,11.3,0.5153569638729095,0.6959127992391586,0.5655467121132651,0.7038580294366671,0.5438691636547446,0.6261294261294261,0.6261294261294261
