,Accuracy,F1 (micro)
Global,0.9431013431013431,0.9431013431013431
