,Accuracy,F1 (micro)
Global,0.6534798534798535,0.6534798534798535
