,Accuracy,F1 (micro),Average KL,Average PearsonCorr,Average RMSE
Global,0.8003256003256004,0.8003256003256004,0.7286581235712732,0.25057475477162144,0.19127080722132425
