ACC imiting Annotator,CE imiting Annotator
0.6321220841612936,0.7889743163317324
