,Accuracy,F1 (micro),Mean NormF,Mean JS,Wmean NormF,Wmean JS,Mean RMSE,Wmean RMSE
Global,0.8964048297381632,0.8964048297381632,0.241875591376007,0.11448403362369709,0.24257622389084255,0.11444165767648574,0.19676276029619164,0.19499544422232193
