Mean ACC imiting Annot,Mean cross-entropy,Wmean ACC imiting Annot,wMean cross entropy
0.6486689007205214,0.7643902540206909,0.6485173577627773,0.7647629591169651
