,Accuracy,F1 (micro),Average KL,Average PearsonCorr,Average RMSE
Global,0.8406796906796907,0.8406796906796907,0.5490218767884059,0.4533165932766846,0.0708588701802324
