Groups,Entropy,Diag Mean,KL to I,I similar % (JS),Accuracy,F1 (micro)
0.0,0.2942049395292997,0.8682487100362778,0.2275592745585945,0.9132359983956757,0.7867521367521368,0.7867521367521368
1.0,0.2934002410620451,0.8218258380889892,0.38619673005946664,0.8713269182082122,0.7744810744810745,0.7744810744810745
2.0,0.31602343134582045,0.8070207893848419,0.3949444956756854,0.8635357588589352,0.7379120879120881,0.7379120879120881
