,Accuracy,F1 (micro),Mean KL,Mean JS,Wmean KL,Wmean JS
Global,0.7227920227920228,0.7227920227920228,1.1915832596637403,0.17608999854563107,1.1909839061244474,0.17600539522833167
