,Accuracy,F1 (micro)
Global,0.7854700854700856,0.7854700854700856
