,Accuracy,F1 (micro)
Global,0.6520146520146521,0.6520146520146521
