,Accuracy,F1 (micro),Average KL,Average PearsonCorr
Global,0.5801994301994304,0.5801994301994304,2.2548088639011814,0.487691047617138
