ACC imiting Annotator,CE imiting Annotator
0.6162719877847587,0.7996839581229827
