Groups,Prob,T(g),Entropy,Diag Mean,KL to I,I sim %(JS),Spammer,Accuracy,F1 (micro)
0.0,0.7842913329601288,1568.1,0.3807210147380829,0.7566451787948608,0.5455095744754597,0.7503204685409782,0.634967714175582,0.49755799755799757,0.49755799755799757
1.0,0.093181262165308,185.9,0.5174807190895081,0.5104424729943275,1.125162720923041,0.4586172244569278,0.2656637033447623,0.3903540903540904,0.3903540903540904
2.0,0.12252741008996963,244.6,0.4212775319814682,0.5288404107093811,1.311710664348416,0.4449989062842291,0.2932606190443039,0.6422466422466423,0.6422466422466423
