,Accuracy,F1 (micro)
Global,0.5807081807081806,0.5807081807081806
