Groups,Entropy,Diag Mean,KL to I,I similar % (JS),Accuracy,F1 (micro)
0.0,0.2741704173386097,0.7313843399286271,0.853511542464893,0.7828031557609704,0.6716117216117216,0.6716117216117216
1.0,0.2625709116458893,0.801382678002119,0.527373033733854,0.8465428110367341,0.7534188034188034,0.7534188034188034
2.0,0.2671667132526636,0.8588044434785843,0.27489933618344753,0.9043109439380776,0.7656898656898659,0.7656898656898659
