,Accuracy,F1 (micro),Mean NormF,Mean JS,Wmean NormF,Wmean JS
Global,0.9297381630714965,0.9297381630714965,0.3109246459017995,0.5310199977883502,0.28818217319392053,0.4033740427230709
