,Accuracy,F1 (micro),Average KL,Average PearsonCorr,Average RMSE
Global,0.8879120879120878,0.8879120879120878,0.5652284246538439,0.3980364243642164,0.13099974964426075
