,Accuracy,F1 (micro),Average KL,Average PearsonCorr
Global,0.9214082214082217,0.9214082214082217,1.7748407386506586,
