,Accuracy,F1 (micro),Mean KL,Mean JS,Wmean KL,Wmean JS
Global,0.6484940984940986,0.6484940984940986,0.8668477971408931,0.14749240468007493,0.866209234971695,0.14739507620058417
