,Accuracy,F1 (micro)
Global,0.7039682539682538,0.7039682539682538
