,Accuracy,F1 (micro)
Global,0.8181318681318682,0.8181318681318682
