,Accuracy,F1 (micro),Average KL,Average PearsonCorr,Average RMSE
Global,0.7882783882783883,0.7882783882783883,0.6858610855546525,0.33263004799381185,0.1526415908317589
