,Accuracy,F1 (micro),Average KL,Average PearsonCorr,Average RMSE
Global,0.8475783475783476,0.8475783475783475,0.5341321789986664,0.5084151308286444,0.09377301755604373
