ACC imiting Annotator,CE imiting Annotator
0.6185808342918732,0.8010704414489741
