,Accuracy,F1 (micro),Mean NormF,Mean JS,Wmean NormF,Wmean JS
Global,0.6648080314746981,0.6648080314746981,0.26072299247550684,0.13295699615532486,0.2607243838591428,0.13295738058708176
