,Accuracy,F1 (micro),Average KL,Average PearsonCorr,Average RMSE
Global,0.8501831501831502,0.8501831501831502,0.617235075899621,0.2683050448693285,0.14425347154577198
