,Accuracy,F1 (micro),Mean KL,Mean JS,Wmean KL,Wmean JS
Global,0.9336182336182336,0.9336182336182336,0.008394095406846405,0.002916654700113563,0.008370574003840356,0.002909231317860014
