,Accuracy,F1 (micro)
Global,0.9366300366300366,0.9366300366300366
