,Accuracy,F1 (micro),Average KL,Average PearsonCorr
Global,0.7061660561660561,0.7061660561660561,0.12259560096751257,0.9037915855874609
