,Accuracy,F1 (micro),Mean KL,Mean JS,Wmean KL,Wmean JS
Global,0.5610297110297109,0.5610297110297109,2.3247864309101147,0.2034803245856054,2.325081628687567,0.20358352427819004
