,Accuracy,F1 (micro),Average KL,Average PearsonCorr
Global,0.6337403337403337,0.6337403337403336,0.20686370813720467,0.9625569328642458
