,Accuracy,F1 (micro),Average KL,Average PearsonCorr,Average RMSE
Global,0.8885022385022385,0.8885022385022386,0.6439881156810613,0.42464577826307365,0.13637067480417314
