Mean ACC imiting Annot,Mean cross-entropy,Wmean ACC imiting Annot,wMean cross entropy
0.8266686752221096,0.7881379723548889,0.8054593603585251,0.7816505467006548
