,Accuracy,F1 (micro)
Global,0.8887057387057389,0.8887057387057389
