,Accuracy,F1 (micro),Mean KL,Mean JS,Wmean KL,Wmean JS
Global,0.6534798534798535,0.6534798534798535,1.45272602261948,0.17386117098608606,1.4521130977317918,0.17378128931044323
