,Accuracy,F1 (micro),Mean KL,Mean JS,Wmean KL,Wmean JS
Global,0.5347578347578348,0.5347578347578348,2.0444184830547174,0.20191040481191774,2.0448019650897975,0.20202946067970537
