,Accuracy,F1 (micro)
Global,0.6649572649572649,0.6649572649572648
