,Accuracy,F1 (micro)
Global,0.8034188034188035,0.8034188034188035
