,Accuracy,F1 (micro)
Global,0.9025030525030526,0.9025030525030526
