,Accuracy,F1 (micro),Average KL,Average PearsonCorr
Global,0.6598087098087096,0.6598087098087096,1.3721127221705454,0.40879242614519995
