Groups,Prob,T(g),Entropy,Diag Mean,KL to I,I similar % (JS),Accuracy,F1 (micro)
0.0,0.31911398470401764,31.35,0.2705629728734493,0.8143318235874176,0.36426108390479456,0.8668307210615614,0.7360195360195361,0.7360195360195361
1.0,0.2808558136224747,27.55,0.2647377267479897,0.8751411199569702,0.20959726346604,0.9204566909505235,0.7758241758241757,0.7758241758241757
2.0,0.40003020539879797,39.6,0.31415098048746587,0.8761041730642318,0.14772566572572604,0.9302463414269221,0.7869963369963371,0.7869963369963371
