,Accuracy,F1 (micro)
Global,0.7575091575091577,0.7575091575091577
