Mean ACC imiting Annot,Mean cross-entropy,Wmean ACC imiting Annot,wMean cross entropy
0.6790043823583201,0.724601217274758,0.6762881971359798,0.727132581200028
