,Accuracy,F1 (micro),Average KL,Average PearsonCorr,Average RMSE
Global,0.7686813186813188,0.7686813186813188,0.018017638543268544,0.9898955740553642,0.17760456090465465
