ACC imiting Annotator,CE imiting Annotator
0.6255502521063165,0.7928104425882339
