,Accuracy,F1 (micro),Mean KL,Mean JS,Wmean KL,Wmean JS
Global,0.7556573056573057,0.7556573056573057,0.49250993498155315,0.12352296983836601,0.4911112699644525,0.12328188186018885
