,Accuracy,F1 (micro),Average KL,Average PearsonCorr,Average RMSE
Global,0.8393569393569393,0.8393569393569393,0.46443378308516525,0.6161130130477624,0.0768087086410983
