,Accuracy,F1 (micro),Mean KL,Mean JS,Wmean KL,Wmean JS,Mean RMSE,Wmean RMSE
Global,0.7918599918599918,0.7918599918599918,0.5933323481497357,0.14757651692572465,0.5963075159390255,0.14785453786362082,0.1928171468490585,0.19114683203459673
