,Accuracy,F1 (micro)
Global,0.8875457875457877,0.8875457875457877
