,Accuracy,F1 (micro),Mean KL,Mean JS,Wmean KL,Wmean JS
Global,0.8018722018722018,0.8018722018722018,2.0992835092123663,0.1394045609804679,1.9487739810812417,0.12584933458783287
