Mean ACC imiting Annot,Mean cross-entropy,Wmean ACC imiting Annot,wMean cross entropy
0.6791946583663109,0.7232349216215889,0.6764697482762841,0.725236263337044
