Groups,Entropy,Diag Mean,KL to I,I similar % (JS),Accuracy,F1 (micro)
0.0,0.3709732860326767,0.8372064590454101,0.2024390471750097,0.9058407112354706,0.6986568986568985,0.6986568986568985
1.0,0.3223303757607937,0.8626572072505951,0.17528078036406075,0.9195945797929465,0.743040293040293,0.743040293040293
2.0,0.33152185939252377,0.8509387195110321,0.1984347681393233,0.9107138330211667,0.7360805860805864,0.7360805860805864
