,Accuracy,F1 (micro),Mean KL,Mean JS,Wmean KL,Wmean JS,Mean RMSE,Wmean RMSE
Global,0.9176638176638179,0.9176638176638179,0.213093220981515,0.09016350288691173,0.20205950352143529,0.08563768797493303,0.1368438288480432,0.13657133531883642
