,Accuracy,F1 (micro),Mean KL,Mean JS,Wmean KL,Wmean JS,Mean RMSE,Wmean RMSE
Global,0.9058608058608059,0.9058608058608059,0.4859679370453329,0.09732481405629315,0.49181540102308396,0.09773608644319384,0.21105656294887046,0.21088729210398832
