,Accuracy,F1 (micro),Mean NormF,Mean JS,Wmean NormF,Wmean JS
Global,0.6538461538461539,0.6538461538461539,0.30371329892419097,0.1653607474796339,0.30318590113897476,0.16485804690588626
