ACC imiting Annotator,CE imiting Annotator
0.6202527301137523,0.8038496867259692
