,Accuracy,F1 (micro),Mean KL,Mean JS,Wmean KL,Wmean JS,Mean RMSE,Wmean RMSE
Global,0.8980870980870982,0.8980870980870982,0.5621780430013379,0.12796985549972706,0.5631478518553674,0.1281861221181979,0.2564402847182176,0.2569069431051109
