,Accuracy,F1 (micro),Mean KL,Mean JS,Wmean KL,Wmean JS,Mean RMSE,Wmean RMSE
Global,0.7926739926739927,0.7926739926739927,0.24674543663471865,0.10376330228121218,0.23625517465196194,0.09939184233410575,0.1253809133490554,0.12424106414232088
