,Accuracy,F1 (micro)
Global,0.9384615384615385,0.9384615384615385
