,Accuracy,F1 (micro),Mean KL,Mean JS,Wmean KL,Wmean JS
Global,0.6061050061050062,0.6061050061050062,1.7184394645185193,0.1712807667961552,1.7102854361353508,0.17079394856282842
