,Accuracy,F1 (micro)
Global,0.78980463980464,0.7898046398046399
