ACC imiting Annotator,CE imiting Annotator
0.633911568970173,0.7819478073511579
