Groups,Prob,T(g),Entropy,Diag Mean,KL to I,I similar % (JS),Accuracy,F1 (micro)
0.0,0.3290592055767775,3289.85,0.3049898460507393,0.8524593755602836,0.235918545417853,0.9074513648428896,0.7043345543345543,0.7043345543345543
1.0,0.348515210300684,3484.45,0.2908754628151655,0.8743301227688789,0.20199025452550384,0.9224560614142737,0.7453601953601955,0.7453601953601955
2.0,0.32242558225989343,3223.6,0.3379689272493124,0.822598097473383,0.31493978889527074,0.8844794159763744,0.6946886446886447,0.6946886446886448
