,Accuracy,F1 (micro)
Global,0.7301587301587301,0.7301587301587301
