,Accuracy,F1 (micro)
Global,0.7951159951159953,0.7951159951159953
