Groups,Prob,T(g),Entropy,Diag Mean,KL to I,I similar % (JS),Accuracy,F1 (micro)
0.0,0.32490735948085786,1624.0,0.3746910750865936,0.7095740735530853,0.8461278701635484,0.7819599780314508,0.6615384615384614,0.6615384615384614
1.0,0.33045375496149065,1651.65,0.3757242619991302,0.7051469624042511,0.8599788023214889,0.7784406309065641,0.6743589743589742,0.6743589743589742
2.0,0.34463888630270956,1722.7,0.3713150054216385,0.7125067576766014,0.8565550880934107,0.7840516081328786,0.6873626373626373,0.6873626373626373
