Groups,Prob,T(g),Entropy,Diag Mean,KL to I,I similar % (JS),Accuracy,F1 (micro)
0.0,0.3681265413761139,36.2,0.3257160305976868,0.811532723903656,0.45142543515557493,0.8651163531371371,0.7727716727716727,0.7727716727716727
1.0,0.3620563603937626,35.8,0.3145227521657944,0.8023182317614556,0.48455406487567965,0.8562824393314401,0.7750305250305249,0.7750305250305249
2.0,0.2698171019554138,26.55,0.3341932773590088,0.7617916867136956,0.5459440054528077,0.8248261482939734,0.7472527472527473,0.7472527472527473
