,Accuracy,F1 (micro),Average KL,Average PearsonCorr,Average RMSE
Global,0.5044770044770045,0.5044770044770045,0.23853446992374291,,0.2193052022875897
