Mean ACC imiting Annot,Mean cross-entropy,Wmean ACC imiting Annot,wMean cross entropy
0.7381031211016584,0.6399207496819288,0.7250519454063964,0.6566494803936005
