Mean ACC imiting Annot,Mean cross-entropy,Wmean ACC imiting Annot,wMean cross entropy
0.6487982839785176,0.7655750907762527,0.6468149523655742,0.7685987499590128
