,Accuracy,F1 (micro)
Global,0.7112332112332111,0.7112332112332111
