,Accuracy,F1 (micro),Mean KL,Mean JS,Wmean KL,Wmean JS,Mean RMSE,Wmean RMSE
Global,0.8914529914529915,0.8914529914529915,0.6008410376829151,0.13578275665283968,0.6204637317134961,0.1368052125555923,0.18883339278008432,0.19056630678345896
