,Accuracy,F1 (micro)
Global,0.9511599511599511,0.9511599511599511
