,Accuracy,F1 (micro)
Global,0.5568986568986568,0.5568986568986568
