,Accuracy,F1 (micro)
Global,0.677940577940578,0.677940577940578
