Groups,Prob,T(g),Entropy,Diag Mean,KL to I,I similar % (JS),Accuracy,F1 (micro)
0.0,0.318383813649416,636.2,0.34170452803373336,0.8216558620333672,0.35733454500540773,0.8819899337842465,0.6703907203907203,0.6703907203907203
1.0,0.3772996857762337,754.05,0.3263342283666134,0.8298667497932911,0.38496542866873956,0.8840740249775807,0.7157509157509159,0.7157509157509159
2.0,0.3043165057897568,608.15,0.3587735999375582,0.8203738749027252,0.3511462730145642,0.883877407760548,0.7010989010989009,0.7010989010989009
