,Accuracy,F1 (micro)
Global,0.6413919413919412,0.6413919413919412
