,Accuracy,F1 (micro),Average KL,Average PearsonCorr,Average RMSE
Global,0.6619251119251119,0.6619251119251119,0.20892431416732782,,0.19641081290551957
