,Accuracy,F1 (micro)
Global,0.8404151404151406,0.8404151404151406
