,Accuracy,F1 (micro)
Global,0.8452991452991455,0.8452991452991455
