,Accuracy,F1 (micro)
Global,0.9051282051282052,0.9051282051282052
