Groups,Prob,T(g),Entropy,Diag Mean,KL to I,I sim %(JS),Spammer,Accuracy,F1 (micro)
0.0,0.08093079514801502,161.4,0.48284152150154114,0.7687268614768982,0.34846002693367006,0.7847954362608357,0.6530902802944183,0.665934065934066,0.665934065934066
1.0,0.7378072440624237,1475.2,0.3441033840179443,0.8648299634456634,0.15511718357621143,0.8926859705655087,0.7972449481487274,0.864102564102564,0.864102564102564
2.0,0.18126197159290314,362.1,0.3446816712617874,0.5778372764587403,1.110724076220597,0.5052674666155872,0.3667559280991554,0.5705738705738707,0.5705738705738707
