,Accuracy,F1 (micro),Average KL,Average PearsonCorr,Average RMSE
Global,0.8108262108262109,0.8108262108262109,0.46004676321026644,0.49665971966416,0.07442345108538952
