,Accuracy,F1 (micro)
Global,0.7526862026862027,0.7526862026862027
