,Accuracy,F1 (micro),Mean KL,Mean JS,Wmean KL,Wmean JS,Mean RMSE,Wmean RMSE
Global,0.913064713064713,0.913064713064713,0.017131111205564046,0.00738123796783763,0.017049384218666523,0.007348125847379212,0.10490175060984638,0.105304358462103
