Mean ACC imiting Annot,Mean cross-entropy,Wmean ACC imiting Annot,wMean cross entropy
0.8052218452232323,0.832303375005722,0.7820635567325321,0.8267807247473451
