,Accuracy,F1 (micro),Average KL,Average PearsonCorr,Average RMSE
Global,0.9051485551485552,0.9051485551485552,0.5981265907169788,0.41574843435123576,0.1454268237517024
