,Accuracy,F1 (micro),Average KL,Average PearsonCorr
Global,0.6451363451363452,0.6451363451363452,0.876699811391447,0.6921690621324326
