ACC imiting Annotator,CE imiting Annotator
0.6175924798596822,0.7935867432843251
