Mean ACC imiting Annot,Mean cross-entropy,Wmean ACC imiting Annot,wMean cross entropy
0.737911226167767,0.7866633653640747,0.7323691403859491,0.7846138843665055
