,Accuracy,F1 (micro),Mean KL,Mean JS,Wmean KL,Wmean JS,Mean RMSE,Wmean RMSE
Global,0.728042328042328,0.728042328042328,0.6742979447332994,0.1364959673046366,0.6742432336029146,0.13648696521886722,0.13474032154051663,0.1345374485261141
