Groups,Prob,T(g),Entropy,Diag Mean,KL to I,I sim %(JS),Spammer,Accuracy,F1 (micro)
0.0,0.49600791136423744,4916.966666666666,0.21529134934147198,0.913844715555509,0.1571488550427362,0.9234097885031181,0.8707670633991559,0.8212454212454215,0.8212454212454215
1.0,0.2589883123834928,2567.1666666666665,0.1844004030028979,0.6295989112307628,1.3792240109475364,0.5193722080612566,0.4443983604510625,0.6421652421652423,0.6421652421652423
2.0,0.2450037732720375,2428.5,0.3133041361967723,0.5299676915009817,1.615713270285613,0.4159690888813174,0.2949515455305421,0.3929995929995931,0.3929995929995931
