Mean ACC imiting Annot,Mean cross-entropy,Wmean ACC imiting Annot,wMean cross entropy
0.7577961346718898,0.7316843807697296,0.7526253518828281,0.7290423617732334
