,Accuracy,F1 (micro),Average KL,Average PearsonCorr
Global,0.5795889295889296,0.5795889295889296,0.20601659106198875,0.9432778305012246
