,Accuracy,F1 (micro)
Global,0.9344729344729344,0.9344729344729344
