,Accuracy,F1 (micro)
Global,0.8054334554334555,0.8054334554334555
