,Accuracy,F1 (micro)
Global,0.9373219373219374,0.9373219373219374
