Mean ACC imiting Annot,Mean cross-entropy,Wmean ACC imiting Annot,wMean cross entropy
0.6633156186897897,0.744197815656662,0.6635384927889498,0.7435203272794384
