,Accuracy,F1 (micro),Average KL,Average PearsonCorr
Global,0.642104192104192,0.642104192104192,0.8756839809701178,0.6928399363367715
