ACC imiting Annotator,CE imiting Annotator
0.6629475457952262,0.7120571483510645
