,Accuracy,F1 (micro),Mean KL,Mean JS,Wmean KL,Wmean JS,Mean RMSE,Wmean RMSE
Global,0.7146927146927148,0.7146927146927148,0.7569134167275507,0.14742102717272715,0.7568798334877607,0.1474265392185529,0.1336300922467346,0.13343662086679986
