,Accuracy,F1 (micro)
Global,0.7047008547008546,0.7047008547008546
