,Accuracy,F1 (micro)
Global,0.8217338217338218,0.8217338217338218
