,Accuracy,F1 (micro)
Global,0.6704110704110705,0.6704110704110705
