Groups,Entropy,Diag Mean,KL to I,I similar % (JS),Accuracy,F1 (micro)
0.0,0.3182645209133625,0.8637523084878922,0.1772577941020976,0.9195474032797591,0.672100122100122,0.672100122100122
1.0,0.2868345921859145,0.8902139693498612,0.12945447052371664,0.9385659592887381,0.6995115995115995,0.6995115995115995
2.0,0.27342037595808505,0.8942787021398544,0.13136841820132827,0.9390767959867468,0.6971306471306471,0.6971306471306471
