,Accuracy,F1 (micro),Average KL,Average PearsonCorr,Average RMSE
Global,0.8827431827431826,0.8827431827431826,0.566388607541046,0.3042495243623494,0.19559057783109995
