,Accuracy,F1 (micro)
Global,0.9324379324379325,0.9324379324379325
