,Accuracy,F1 (micro),Mean KL,Mean JS,Wmean KL,Wmean JS,Mean RMSE,Wmean RMSE
Global,0.8999592999592998,0.8999592999592998,0.4595396046672603,0.09928676763096551,0.45987601327325534,0.09938542799705682,0.16916130844038763,0.1694779605931343
