,Accuracy,F1 (micro)
Global,0.9406186406186408,0.9406186406186408
