,Accuracy,F1 (micro),Mean NormF,Mean JS,Wmean NormF,Wmean JS
Global,0.7162935829602496,0.7162935829602496,0.2708962610978404,0.1362536355644536,0.27047809556744434,0.13590983714051408
