ACC imiting Annotator,CE imiting Annotator
0.6600325627752627,0.7365900119589688
