,Accuracy,F1 (micro),Average KL,Average PearsonCorr,Average RMSE
Global,0.8532356532356532,0.8532356532356532,0.5523121385521147,0.4317904791077659,0.09471196787219795
