,Accuracy,F1 (micro)
Global,0.5932844932844932,0.5932844932844932
