,Accuracy,F1 (micro),Average KL,Average PearsonCorr
Global,0.9234432234432235,0.9234432234432235,2.1611066152887894,
