,Accuracy,F1 (micro)
Global,0.8956043956043956,0.8956043956043956
