Groups,Entropy,Diag Mean,KL to I,I similar % (JS),Accuracy,F1 (micro)
0.0,0.2878906115889549,0.8131178945302964,0.42522707256109626,0.8624134399164738,0.7449938949938951,0.7449938949938951
1.0,0.3064101882278919,0.8414911091327667,0.31209430868736837,0.8928643235381115,0.7501831501831501,0.7501831501831501
2.0,0.3076233044266701,0.8784195125102997,0.17975873402921932,0.9270275841934554,0.8222222222222223,0.8222222222222222
