Mean ACC imiting Annot,Mean cross-entropy,Wmean ACC imiting Annot,wMean cross entropy
0.6072932652130854,0.8223493954814265,0.6069189971070397,0.8223989720955881
