,Accuracy,F1 (micro)
Global,0.9327228327228327,0.9327228327228327
