Groups,Entropy,Diag Mean,KL to I,I similar % (JS),Accuracy,F1 (micro)
0.0,0.26329986080527307,0.7445584744215011,0.7864363475505092,0.7890320465828,0.7419413919413919,0.7419413919413919
1.0,0.27926561925560234,0.8063064545392991,0.47102969951779566,0.8547340269353677,0.7927350427350428,0.7927350427350428
2.0,0.2600041560828686,0.906761708855629,0.10719898179886109,0.9487148091663465,0.8941391941391943,0.8941391941391943
