,Accuracy,F1 (micro),Average KL,Average PearsonCorr
Global,0.6773300773300772,0.6773300773300772,0.8590260107079312,0.6780495430077776
