,Accuracy,F1 (micro),Average KL,Average PearsonCorr
Global,0.6624135124135125,0.6624135124135125,0.14178847492002838,0.905880866563814
