Mean ACC imiting Annot,Mean cross-entropy,Wmean ACC imiting Annot,wMean cross entropy
0.6500523740383695,0.762663259031502,0.648094622961408,0.7656256632273422
