,Accuracy,F1 (micro)
Global,0.9110500610500611,0.9110500610500611
