,Accuracy,F1 (micro),Mean KL,Mean JS,Wmean KL,Wmean JS,Mean RMSE,Wmean RMSE
Global,0.7508343508343508,0.7508343508343508,0.70725917696473,0.16509842634612779,0.7360731124219931,0.16653204860432796,0.18600078100065492,0.18808718679975558
