,Accuracy,F1 (micro),Mean NormF,Mean JS,Wmean NormF,Wmean JS
Global,0.7551214217880883,0.7551214217880883,0.24966907393395896,0.119686962683638,0.24955120508120307,0.11959601620417216
