,Accuracy,F1 (micro)
Global,0.9262515262515263,0.9262515262515263
