,Accuracy,F1 (micro)
Global,0.6667887667887666,0.6667887667887666
