,Accuracy,F1 (micro)
Global,0.6744200244200245,0.6744200244200245
