,Accuracy,F1 (micro),Average KL,Average PearsonCorr,Average RMSE
Global,0.8413715913715916,0.8413715913715916,0.5961036176311636,0.2942684941481376,0.18459403789269754
