,Accuracy,F1 (micro),Average KL,Average PearsonCorr,Average RMSE
Global,0.8954212454212456,0.8954212454212456,0.6132204543653466,0.4418040580305089,0.12074037769011119
