Groups,Prob,T(g),Entropy,Diag Mean,KL to I,I similar % (JS),Accuracy,F1 (micro)
0.0,0.37438232600688937,36.95,0.3232492163777351,0.8196117728948593,0.31148919589757557,0.8804555069383475,0.7153846153846153,0.7153846153846153
1.0,0.28857245966792106,28.4,0.31315026730298995,0.8742018222808838,0.1703195768308509,0.9246945034824161,0.7723443223443225,0.7723443223443225
2.0,0.33704521171748636,33.25,0.3226280029863119,0.8437618613243103,0.24431999767652207,0.9004291549062596,0.7476800976800979,0.7476800976800979
