,Accuracy,F1 (micro),Mean KL,Mean JS,Wmean KL,Wmean JS
Global,0.7447700447700447,0.7447700447700448,0.3797091436707033,0.12910707626815887,0.37870771144373083,0.12888447230542904
