,Accuracy,F1 (micro),Mean KL,Mean JS,Wmean KL,Wmean JS,Mean RMSE,Wmean RMSE
Global,0.8441188441188441,0.8441188441188441,0.5839847012334886,0.13872276366233002,0.5848361715837662,0.13900143396338577,0.1404005815193617,0.14096282754418038
