,Accuracy,F1 (micro),Average KL,Average PearsonCorr,Average RMSE
Global,0.7396418396418397,0.7396418396418397,0.5473319598877328,0.5417019205679747,0.1501469296879321
