,Accuracy,F1 (micro)
Global,0.9112332112332113,0.9112332112332113
