,Accuracy,F1 (micro)
Global,0.9293040293040293,0.9293040293040293
