ACC imiting Annotator,CE imiting Annotator
0.6412662470470047,0.7733283469637129
