,Accuracy,F1 (micro),Mean KL,Mean JS,Wmean KL,Wmean JS,Mean RMSE,Wmean RMSE
Global,0.9073667073667074,0.9073667073667074,0.4059215650245543,0.08611323353063362,0.41039357927926484,0.08639881149525035,0.1809323959382345,0.17923461973195542
