ACC imiting Annotator,CE imiting Annotator
0.6785787497207595,0.7366164828706179
