Groups,Entropy,Diag Mean,KL to I,I similar % (JS),Accuracy,F1 (micro)
0.0,0.34151924550533297,0.8160939007997513,0.3856831841091529,0.8727270836415268,0.7698412698412698,0.7698412698412698
1.0,0.368552653491497,0.7905939280986786,0.3806074985352822,0.8593250176013848,0.7343101343101343,0.7343101343101343
2.0,0.3323786072432995,0.7541491612792015,0.6080730435922157,0.814966060525365,0.6952380952380954,0.6952380952380952
