,Accuracy,F1 (micro),Average KL,Average PearsonCorr
Global,0.7104395604395605,0.7104395604395605,0.7474135865279025,0.4186022781154935
