,Accuracy,F1 (micro)
Global,0.915873015873016,0.915873015873016
