,Accuracy,F1 (micro),Average KL,Average PearsonCorr,Average RMSE
Global,0.8801587301587303,0.8801587301587303,0.6062375048960275,0.27069725404748374,0.06076051229642385
