,Accuracy,F1 (micro)
Global,0.7544566544566546,0.7544566544566546
