,Accuracy,F1 (micro),Average KL,Average PearsonCorr,Average RMSE
Global,0.7765771265771265,0.7765771265771265,0.6835833250554681,0.3158799188182451,0.15682223331855374
