Groups,Prob,T(g),Entropy,Diag Mean,KL to I,I sim %(JS),Spammer,Accuracy,F1 (micro)
0.0,0.534863430261612,5302.2,0.2213016241788864,0.7835005968809128,0.7900625973517738,0.7461669811791768,0.6752508983016015,0.8253968253968254,0.8253968253968254
1.0,0.24523397982120515,2430.7,0.25301326215267184,0.44508888088166715,2.167820089548332,0.274222871510469,0.16763332188129426,0.6507936507936509,0.6507936507936509
2.0,0.21990258395671844,2179.5,0.26619742810726166,0.3671277850866318,2.234849966593617,0.18823585649270394,0.05069168247282505,0.33333333333333337,0.33333333333333337
