ACC imiting Annotator,CE imiting Annotator
0.6446965242283811,0.7724223279082166
