,Accuracy,F1 (micro)
Global,0.9300366300366301,0.9300366300366301
