,Accuracy,F1 (micro),Mean NormF,Mean JS,Wmean NormF,Wmean JS
Global,0.9183692850359518,0.9183692850359518,0.23081848949526287,0.1374569645906019,0.2203658121544792,0.12601118443657097
