,Accuracy,F1 (micro),Average KL,Average PearsonCorr
Global,0.6960520960520962,0.6960520960520962,0.9837605348400975,0.41166570822216897
