,Accuracy,F1 (micro),Mean KL,Mean JS,Wmean KL,Wmean JS
Global,0.9243793243793244,0.9243793243793244,1.9696142817870352,0.11549913314009605,1.7870015801810986,0.10508627052427007
