,Accuracy,F1 (micro),Mean KL,Mean JS,Wmean KL,Wmean JS,Mean RMSE,Wmean RMSE
Global,0.9195767195767196,0.9195767195767196,0.01349789459791054,0.005400355108000268,0.013468475124593923,0.005386501370964365,0.1060049338012351,0.10483767277402764
