,Accuracy,F1 (micro),Mean KL,Mean JS,Wmean KL,Wmean JS,Mean RMSE,Wmean RMSE
Global,0.8342694342694343,0.8342694342694343,0.5476710257701576,0.1364413696980206,0.5499491239881091,0.13682070359920134,0.1925178671791035,0.19066541552772226
