Groups,Prob,T(g),Entropy,Diag Mean,KL to I,I sim %(JS),Spammer,Accuracy,F1 (micro)
0.0,0.6644558310508728,66.1,0.2869706854224205,0.9130924880504608,0.09347696908854486,0.9339983174628379,0.8696387112140656,0.9003663003663005,0.9003663003663005
1.0,0.12205879613757134,11.6,0.33097505271434785,0.5392051577568054,1.3711190519139698,0.44243248188953405,0.3088077396154404,0.41098901098901097,0.41098901098901097
2.0,0.21348538398742675,20.8,0.25490847527980803,0.6134472668170929,1.2981896560475057,0.5167737050383955,0.4201708763837814,0.640781440781441,0.640781440781441
