,Accuracy,F1 (micro),Average KL,Average PearsonCorr
Global,0.6451363451363452,0.6451363451363452,1.3668669009740189,0.4090787560246462
