,Accuracy,F1 (micro)
Global,0.8150793650793654,0.8150793650793654
