,Accuracy,F1 (micro),Average KL,Average PearsonCorr,Average RMSE
Global,0.7222629222629222,0.7222629222629222,0.12509446706521604,0.8671151331520675,0.1683124684399573
