Groups,Prob,T(g),Entropy,Diag Mean,KL to I,I sim %(JS),Spammer,Accuracy,F1 (micro)
0.0,0.7247618675231934,1449.0,0.3224446654319763,0.7791353821754455,0.45343035811592386,0.7708896844029683,0.6687030695378781,0.8755799755799757,0.8755799755799757
1.0,0.09404800906777382,187.6,0.41989061832427976,0.5355133682489395,1.2955254569738972,0.4539313626557342,0.30327006056904793,0.4356532356532356,0.4356532356532356
2.0,0.1811901241540909,361.9,0.34074279069900515,0.5021964818239212,1.5124995630312827,0.3911559592895617,0.25329470783472063,0.5752136752136753,0.5752136752136753
