,Accuracy,F1 (micro)
Global,0.9415140415140415,0.9415140415140415
