,Accuracy,F1 (micro),Average KL,Average PearsonCorr,Average RMSE
Global,0.8850427350427351,0.8850427350427351,0.5464712479312517,0.30050590095092466,0.05690270585161135
