,Accuracy,F1 (micro)
Global,0.7402930402930402,0.7402930402930402
