,Accuracy,F1 (micro)
Global,0.751037851037851,0.751037851037851
