,Accuracy,F1 (micro),Mean KL,Mean JS,Wmean KL,Wmean JS,Mean RMSE,Wmean RMSE
Global,0.6868945868945868,0.6868945868945868,0.5526753579951528,0.14532171329577254,0.5540595323876174,0.14468815706913538,0.19118603516674465,0.19090297045862575
