ACC imiting Annotator,CE imiting Annotator
0.6089086477816928,0.8061844444720254
