Groups,Entropy,Diag Mean,KL to I,I similar % (JS),Accuracy,F1 (micro)
0.0,0.3136447284370661,0.7954282760620117,0.5428264030437647,0.8471583846780899,0.7116605616605616,0.7116605616605616
1.0,0.30828303620219233,0.782247306406498,0.576546554786485,0.8349436362361363,0.6929181929181929,0.6929181929181929
2.0,0.3019449204206467,0.829268079996109,0.4141144345640425,0.8788620760028948,0.7255189255189256,0.7255189255189256
