,Accuracy,F1 (micro),Average KL,Average PearsonCorr
Global,0.5795889295889296,0.5795889295889296,1.7146974057688538,0.4861224186623657
