,Accuracy,F1 (micro),Average KL,Average PearsonCorr
Global,0.6337403337403337,0.6337403337403336,1.3557173394082587,0.3855345263602544
