,Accuracy,F1 (micro),Mean NormF,Mean JS,Wmean NormF,Wmean JS,Mean RMSE,Wmean RMSE
Global,0.8835571835571839,0.8835571835571839,0.24228558694457644,0.11121364017003446,0.24251576253928703,0.11138757202359063,0.19353070609021375,0.193838445392376
