,Accuracy,F1 (micro)
Global,0.8856532356532358,0.8856532356532358
