Mean ACC imiting Annot,Mean cross-entropy,Wmean ACC imiting Annot,wMean cross entropy
0.6855996072770799,0.684640254577001,0.6859272801137517,0.6840239786850719
