,Accuracy,F1 (micro)
Global,0.9382173382173382,0.9382173382173382
