,Accuracy,F1 (micro),Average KL,Average PearsonCorr,Average RMSE
Global,0.7936914936914936,0.7936914936914936,0.7049409410710987,0.2715836308193673,0.15492510765648293
