,Accuracy,F1 (micro),Mean KL,Mean JS,Wmean KL,Wmean JS
Global,0.6772893772893773,0.6772893772893773,0.7264047118461898,0.16407505563544206,0.7229884221706779,0.16390508374373042
