,Accuracy,F1 (micro)
Global,0.9020350020350023,0.9020350020350023
