,Accuracy,F1 (micro),Average KL,Average PearsonCorr
Global,0.9200854700854701,0.9200854700854701,0.02888597446781226,0.9138837455676608
