Mean ACC imiting Annot,Mean cross-entropy,Wmean ACC imiting Annot,wMean cross entropy
0.5997699440231827,0.7518280553667133,0.5996819831206426,0.7524192061824589
