Groups,Entropy,Diag Mean,KL to I,I similar % (JS),Accuracy,F1 (micro)
0.0,0.40329290479421614,0.8085515603423119,0.3952993899534177,0.8772995296738785,0.7012210012210012,0.7012210012210012
1.0,0.38760351240634916,0.8097762852907181,0.3963410338378107,0.8762250543555142,0.7121489621489621,0.7121489621489621
2.0,0.4123144194483757,0.8047981962561608,0.40172876407200186,0.8750717590149154,0.6987789987789987,0.6987789987789987
