,Accuracy,F1 (micro)
Global,0.8413308913308916,0.8413308913308916
