,Accuracy,F1 (micro)
Global,0.9409035409035409,0.9409035409035409
