,Accuracy,F1 (micro)
Global,0.7496336996336996,0.7496336996336996
