,Accuracy,F1 (micro)
Global,0.6600122100122099,0.6600122100122099
