ACC imiting Annotator,CE imiting Annotator
0.6286389801817049,0.7918025817085472
