,Accuracy,F1 (micro)
Global,0.7301587301587302,0.7301587301587302
