ACC imiting Annotator,CE imiting Annotator
0.6503676778523644,0.7526561876840729
