,Accuracy,F1 (micro)
Global,0.8469474969474972,0.8469474969474972
