,Accuracy,F1 (micro),Average KL,Average PearsonCorr
Global,0.9228327228327229,0.9228327228327229,1.781220170158575,
