,Accuracy,F1 (micro),Mean KL,Mean JS,Wmean KL,Wmean JS
Global,0.7004070004070004,0.7004070004070003,0.7458112625132478,0.155588906389,0.7415928834014549,0.15524909557021643
