,Accuracy,F1 (micro)
Global,0.9204314204314206,0.9204314204314206
