,Accuracy,F1 (micro),Average KL,Average PearsonCorr,Average RMSE
Global,0.8806674806674805,0.8806674806674805,0.38237006123603223,0.5933077098569922,0.09619392921849776
