,Accuracy,F1 (micro)
Global,0.9343101343101343,0.9343101343101343
