Groups,Prob,T(g),Entropy,Diag Mean,KL to I,I sim %(JS),Spammer,Accuracy,F1 (micro)
0.0,0.1521942287683487,14.7,0.33379778563976287,0.511871513724327,1.3571638846550742,0.415032300420378,0.2678072776645422,0.35482295482295484,0.35482295482295484
1.0,0.5989413917064667,59.5,0.23720855712890626,0.9320498824119567,0.07371837187691108,0.9481020671332159,0.898074847459793,0.6096459096459097,0.6096459096459097
2.0,0.2488643705844879,24.5,0.20350715070962905,0.6456159174442291,1.2237339731427972,0.5423135019189379,0.4684238493442535,0.5857142857142856,0.5857142857142856
