Groups,Prob,T(g),Entropy,Diag Mean,KL to I,I sim %(JS),Spammer,Accuracy,F1 (micro)
0.0,0.15332645028829575,14.8,0.2997914835810661,0.39319007098674774,1.731007650626566,0.24996523214766583,0.08978511430323124,0.33333333333333337,0.33333333333333337
1.0,0.6568412780761719,65.0,0.28391816318035124,0.9102227687835693,0.09888660492598635,0.9306978698569086,0.8653341770172119,0.6275946275946277,0.6275946275946277
2.0,0.18983226418495178,18.4,0.3107045739889145,0.6104441285133362,1.1780721877353364,0.5244677354248279,0.415666201710701,0.6351648351648352,0.6351648351648352
