,Accuracy,F1 (micro)
Global,0.7170940170940173,0.7170940170940173
