Mean ACC imiting Annot,Mean cross-entropy,Wmean ACC imiting Annot,wMean cross entropy
0.643043279997668,0.7156403195767145,0.6413538436428923,0.715993935101771
