Mean ACC imiting Annot,Mean cross-entropy,Wmean ACC imiting Annot,wMean cross entropy
0.6761833768169506,0.8518466711044311,0.670103342483449,0.8523849161483448
