ACC imiting Annotator,CE imiting Annotator
0.641533150352447,0.8795387991539428
