,Accuracy,F1 (micro),Mean KL,Mean JS,Wmean KL,Wmean JS
Global,0.6334961334961334,0.6334961334961334,1.2195980509606137,0.18578312791786497,1.2146801845675714,0.18558542453242255
