,Accuracy,F1 (micro),Mean KL,Mean JS,Wmean KL,Wmean JS,Mean RMSE,Wmean RMSE
Global,0.6563695563695564,0.6563695563695564,0.6657850361431467,0.17317027734933282,0.666850951224071,0.17302963189077053,0.20352124589335072,0.20328056144932266
