Groups,Prob,T(g),Entropy,Diag Mean,KL to I,I sim %(JS),Spammer,Accuracy,F1 (micro)
0.0,0.5098532795906067,5054.2,0.1977127857506275,0.9432854235172272,0.06145157447939442,0.9567117198599616,0.9149281442165375,0.8536630036630038,0.8536630036630038
1.0,0.2451939046382904,2430.35,0.20531727373600006,0.6405114769935608,1.3077015043487632,0.5326502951726567,0.4607671916484833,0.6427960927960926,0.6427960927960926
2.0,0.24495280981063844,2427.95,0.30053517073392866,0.5278668999671936,1.667467956037775,0.4100306805707861,0.29180035293102263,0.38003663003662996,0.38003663003662996
