,Accuracy,F1 (micro)
Global,0.8386446886446889,0.8386446886446889
