,Accuracy,F1 (micro),Mean KL,Mean JS,Wmean KL,Wmean JS,Mean RMSE,Wmean RMSE
Global,0.9058201058201059,0.9058201058201059,0.5158381487397067,0.11922007962961505,0.5164483596624604,0.11938312535408072,0.25938103964201,0.25978383156541307
