ACC imiting Annotator,CE imiting Annotator
0.6667698712209484,0.7036373646818891
