Mean ACC imiting Annot,Mean cross-entropy,Wmean ACC imiting Annot,wMean cross entropy
0.6855360491502488,0.6832342147827148,0.6858541539711557,0.6826125487989705
