,Accuracy,F1 (micro),Mean KL,Mean JS,Wmean KL,Wmean JS
Global,0.7661375661375661,0.7661375661375661,0.3909793002338365,0.14383637800893298,0.39071960394916727,0.14355514591463012
