,Accuracy,F1 (micro)
Global,0.72967032967033,0.72967032967033
