Groups,Prob,T(g),Entropy,Diag Mean,KL to I,I similar % (JS),Accuracy,F1 (micro)
0.0,0.34193029850721357,683.35,0.2800064653158188,0.6974054217338562,0.760694912205129,0.7601465838115088,0.6564713064713064,0.6564713064713064
1.0,0.24116019085049628,481.95,0.25284881349653004,0.8666034370660782,0.24920995385508576,0.9096601354963119,0.8278998778998782,0.8278998778998782
2.0,0.41690951157361267,833.4,0.23499213978648187,0.8889047801494598,0.17662999133253465,0.9282867651638481,0.865811965811966,0.865811965811966
