,Accuracy,F1 (micro)
Global,0.563003663003663,0.563003663003663
