,Accuracy,F1 (micro),Average KL,Average PearsonCorr
Global,0.7054538054538055,0.7054538054538055,0.578180612241868,0.7213355829049782
