Groups,Entropy,Diag Mean,KL to I,I similar % (JS),Accuracy,F1 (micro)
0.0,0.38283678740262983,0.8408545553684235,0.19445506431512888,0.9089467843534159,0.6880952380952381,0.6880952380952381
1.0,0.3842171639204025,0.8422090172767639,0.19161601585892582,0.9100700268690953,0.6926739926739927,0.6926739926739927
2.0,0.38473020642995837,0.8372534513473511,0.2025049990587911,0.9059742505866251,0.6900488400488399,0.6900488400488399
