,Accuracy,F1 (micro)
Global,0.7971306471306473,0.7971306471306473
