ACC imiting Annotator,CE imiting Annotator
0.6284607584181158,0.7933404503281839
