,Accuracy,F1 (micro),Mean KL,Mean JS,Wmean KL,Wmean JS
Global,0.7306878306878307,0.7306878306878307,0.5140046674193726,0.14495361006409613,0.5106713885330456,0.1446379850758292
