,Accuracy,F1 (micro)
Global,0.6687423687423688,0.6687423687423687
