,Accuracy,F1 (micro),Average KL,Average PearsonCorr
Global,0.9262515262515263,0.9262515262515263,0.7232587789125497,
