Mean ACC imiting Annot,Mean cross-entropy,Wmean ACC imiting Annot,wMean cross entropy
0.7501644933401913,0.7665310084819794,0.7466867961481964,0.762515915030778
