Groups,Entropy,Diag Mean,KL to I,I similar % (JS),Accuracy,F1 (micro)
0.0,0.39076650217175485,0.8258822783827782,0.2906524751788801,0.8941281030804225,0.687179487179487,0.687179487179487
1.0,0.3836635336279869,0.8328176379203797,0.2958222277767459,0.8987721440799572,0.6851037851037849,0.6851037851037849
2.0,0.3863500848412514,0.8318442583084107,0.29949449224580504,0.8982660123878834,0.6936507936507935,0.6936507936507935
