ACC imiting Annotator,CE imiting Annotator
0.6819770417969809,0.7245099440509203
