,Accuracy,F1 (micro),Mean KL,Mean JS,Wmean KL,Wmean JS
Global,0.547049247049247,0.547049247049247,2.4174483701143283,0.20577115040188992,2.4176981463945912,0.2058673103262953
