,Accuracy,F1 (micro)
Global,0.9002442002442004,0.9002442002442004
