,Accuracy,F1 (micro)
Global,0.904884004884005,0.904884004884005
