,Accuracy,F1 (micro)
Global,0.9343711843711844,0.9343711843711844
