,Accuracy,F1 (micro)
Global,0.9345543345543347,0.9345543345543347
