Groups,Prob,T(g),Entropy,Diag Mean,KL to I,I sim %(JS),Spammer,Accuracy,F1 (micro)
0.0,0.5420783579349517,5373.8,0.14047868624329568,0.9649414122104645,0.03704780255158908,0.9737056582159214,0.9474121272563935,0.871916971916972,0.871916971916972
1.0,0.2318345546722412,2298.1,0.23182313442230223,0.6408312320709229,1.1701322701212,0.5559600130743065,0.4612468421459198,0.6401709401709402,0.6401709401709402
2.0,0.226087087392807,2241.0,0.2992615163326263,0.535922971367836,1.5467274902564818,0.4276420428694424,0.30388445407152176,0.35995115995115995,0.35995115995115995
