,Accuracy,F1 (micro)
Global,0.775946275946276,0.775946275946276
