,Accuracy,F1 (micro)
Global,0.625030525030525,0.625030525030525
