Mean ACC imiting Annot,Mean cross-entropy,Wmean ACC imiting Annot,wMean cross entropy
0.7005383799247896,0.809649815162023,0.6944493783303732,0.8097968352203336
