ACC imiting Annotator,CE imiting Annotator
0.6056636103688985,0.8082211937483248
