ACC imiting Annotator,CE imiting Annotator
0.6451151595465883,0.7451112258562325
