,Accuracy,F1 (micro),Average KL,Average PearsonCorr,Average RMSE
Global,0.7160765160765161,0.7160765160765161,0.12541183240936774,0.8642789780981733,0.1647754973351599
