ACC imiting Annotator,CE imiting Annotator
0.6757467367736512,0.7376936516117916
