,Accuracy,F1 (micro)
Global,0.8715506715506717,0.8715506715506717
