,Accuracy,F1 (micro)
Global,0.7153235653235652,0.7153235653235652
