,Accuracy,F1 (micro)
Global,0.827960927960928,0.827960927960928
