,Accuracy,F1 (micro)
Global,0.6394383394383396,0.6394383394383396
