,Accuracy,F1 (micro),Average KL,Average PearsonCorr
Global,0.6423076923076924,0.6423076923076924,1.372652438199882,0.3944827087900205
