,Accuracy,F1 (micro)
Global,0.8975579975579976,0.8975579975579976
