Mean ACC imiting Annot,Mean cross-entropy,Wmean ACC imiting Annot,wMean cross entropy
0.7566804419943175,0.7372463464736938,0.7515306053064614,0.7347005613114878
