,Accuracy,F1 (micro),Mean KL,Mean JS,Wmean KL,Wmean JS,Mean RMSE,Wmean RMSE
Global,0.8886853886853887,0.8886853886853887,0.33174369449868846,0.1384386771696415,0.3082888938869861,0.12901918295351128,0.12850705584062455,0.1375351395396211
