Groups,Prob,T(g),Entropy,Diag Mean,KL to I,I sim %(JS),Spammer,Accuracy,F1 (micro)
0.0,0.7250022739171982,1449.55,0.3175585977733135,0.9069880396127701,0.09918292419779276,0.929781579884106,0.8604820400476456,0.8824786324786327,0.8824786324786327
1.0,0.1030335683375597,205.6,0.35516234040260314,0.6048984870314598,1.1637112912709597,0.522465564480786,0.4073477230966091,0.44822954822954814,0.44822954822954814
2.0,0.1719641536474228,343.4,0.3066721558570862,0.5950110450387001,1.2555882819441266,0.5010855429484264,0.39251656606793406,0.6132478632478632,0.6132478632478632
