,Accuracy,F1 (micro),Mean NormF,Mean JS,Wmean NormF,Wmean JS,Mean RMSE,Wmean RMSE
Global,0.9143671143671146,0.9143671143671146,0.20760846021167342,0.0935829361428195,0.20803545546040797,0.09400062166718914,0.2019882213650568,0.20177889014478714
