Groups,Entropy,Diag Mean,KL to I,I similar % (JS),Accuracy,F1 (micro)
0.0,0.2929096769541502,0.7454176634550095,0.6011927944804188,0.8059140658037369,0.6761904761904761,0.6761904761904761
1.0,0.25344027429819105,0.9075539708137512,0.11124171453704428,0.947694564923556,0.8515873015873018,0.8515873015873016
2.0,0.2498423583805561,0.9103011190891266,0.10591887367330655,0.9499326500701841,0.8551282051282053,0.8551282051282053
