Mean ACC imiting Annot,Mean cross-entropy,Wmean ACC imiting Annot,wMean cross entropy
0.6083133236119566,0.7862380069629651,0.6083566930733293,0.7857822434864353
