,Accuracy,F1 (micro)
Global,0.8864875864875867,0.8864875864875867
