Groups,Entropy,Diag Mean,KL to I,I similar % (JS),Accuracy,F1 (micro)
0.0,0.29743312373757363,0.8919057726860047,0.12585792796841472,0.9400522252583153,0.7438949938949939,0.7438949938949939
1.0,0.3142860163003206,0.871081194281578,0.16638516114979335,0.9242562844250457,0.7162393162393161,0.7162393162393161
2.0,0.38207187280058863,0.8301489353179932,0.2229933343157826,0.8989659320138813,0.6745421245421246,0.6745421245421246
