,Accuracy,F1 (micro),Mean NormF,Mean JS,Wmean NormF,Wmean JS
Global,0.7066476733143399,0.7066476733143399,0.27501183005981134,0.1400991497804467,0.27475067879056314,0.13985559184169052
