Mean ACC imiting Annot,Mean cross-entropy,Wmean ACC imiting Annot,wMean cross entropy
0.6368794593032421,0.7545707975064165,0.6368515133048954,0.7539873340096387
