,Accuracy,F1 (micro)
Global,0.9416971916971917,0.9416971916971917
