ACC imiting Annotator,CE imiting Annotator
0.6027930428874134,0.8096959425169175
