Groups,Prob,T(g),Entropy,Diag Mean,KL to I,I sim %(JS),Spammer,Accuracy,F1 (micro)
0.0,0.7607519447803497,1521.1,0.3430087298154831,0.8290984064340592,0.29737974506841447,0.8381474337663815,0.743647624924779,0.8710622710622712,0.8710622710622712
1.0,0.08172906562685966,163.0,0.4487757831811905,0.4987215518951416,1.3284596838010398,0.4154214603629655,0.24808233603835106,0.3334554334554335,0.3334554334554335
2.0,0.1575189933180809,314.4,0.3969083219766617,0.48957605808973315,1.4027246009389902,0.40106234134136154,0.23436410129070281,0.5095238095238096,0.5095238095238096
