,Accuracy,F1 (micro)
Global,0.7075702075702076,0.7075702075702076
