Mean ACC imiting Annot,Mean cross-entropy,Wmean ACC imiting Annot,wMean cross entropy
0.7410040102372915,0.6247011778909926,0.7274414341006316,0.6470408822524856
