Groups,Prob,T(g),Entropy,Diag Mean,KL to I,I sim %(JS),Spammer,Accuracy,F1 (micro)
0.0,0.7511579513549804,1501.8,0.3449755385518074,0.8624231040477752,0.1637923689540388,0.8882415935397704,0.7936346590518951,0.5194139194139193,0.5194139194139193
1.0,0.10724888518452644,213.9,0.44008504748344424,0.6706009298563004,0.6438985384185779,0.6573295274873634,0.5059013783931732,0.49133089133089136,0.49133089133089136
2.0,0.1415931761264801,282.6,0.31011148989200593,0.6102162957191467,1.1578823664823852,0.5251663167438827,0.41532444059848783,0.6155067155067157,0.6155067155067157
