,Accuracy,F1 (micro),Mean KL,Mean JS,Wmean KL,Wmean JS,Mean RMSE,Wmean RMSE
Global,0.9259666259666259,0.9259666259666259,0.21081996434003902,0.08933166822028411,0.19973287490448893,0.0847896034233075,0.11883911994036758,0.11716576231079923
