,Accuracy,F1 (micro)
Global,0.6437728937728936,0.6437728937728936
