,Accuracy,F1 (micro),Average KL,Average PearsonCorr,Average RMSE
Global,0.8030525030525029,0.8030525030525029,0.6601151789894585,0.29304387002995186,0.2016631187955015
