,Accuracy,F1 (micro),Average KL,Average PearsonCorr
Global,0.7061660561660561,0.7061660561660561,0.7341251737960814,0.7259237107088562
