,Accuracy,F1 (micro)
Global,0.5528693528693529,0.5528693528693529
