,Accuracy,F1 (micro)
Global,0.8449938949938952,0.8449938949938952
