Mean ACC imiting Annot,Mean cross-entropy,Wmean ACC imiting Annot,wMean cross entropy
0.5996191431129916,0.7818443161074955,0.5995107432625271,0.7824652032361624
