,Accuracy,F1 (micro),Mean KL,Mean JS,Wmean KL,Wmean JS
Global,0.6474155474155474,0.6474155474155474,0.8887068942861861,0.1440814858201091,0.884426709731974,0.1438513458370519
