,Accuracy,F1 (micro)
Global,0.797985347985348,0.797985347985348
