,Accuracy,F1 (micro)
Global,0.9387057387057387,0.9387057387057387
