,Accuracy,F1 (micro)
Global,0.6631257631257632,0.6631257631257632
