,Accuracy,F1 (micro)
Global,0.892796092796093,0.892796092796093
