,Accuracy,F1 (micro),Mean KL,Mean JS,Wmean KL,Wmean JS,Mean RMSE,Wmean RMSE
Global,0.7152218152218153,0.7152218152218153,0.6061814673479299,0.14717281658968304,0.6058807245372916,0.14649019595086216,0.18722472122977493,0.18635139546270602
