,Accuracy,F1 (micro)
Global,0.8821123321123323,0.8821123321123323
