,Accuracy,F1 (micro)
Global,0.910866910866911,0.910866910866911
