,Accuracy,F1 (micro),Mean KL,Mean JS,Wmean KL,Wmean JS
Global,0.6078144078144079,0.6078144078144079,1.8447751378027903,0.15094499205385342,1.848836255437473,0.1509526343341659
