,Accuracy,F1 (micro)
Global,0.5419413919413919,0.5419413919413919
