ACC imiting Annotator,CE imiting Annotator
0.6679628801085828,0.6835422421183084
