ACC imiting Annotator,CE imiting Annotator
0.6593991566950447,0.692977877502497
