,Accuracy,F1 (micro),Average KL,Average PearsonCorr,Average RMSE
Global,0.6484737484737485,0.6484737484737485,0.5698624575912041,0.5798764426798371,0.2082269471191367
