,Accuracy,F1 (micro)
Global,0.568070818070818,0.568070818070818
