,Accuracy,F1 (micro)
Global,0.589255189255189,0.589255189255189
