,Accuracy,F1 (micro)
Global,0.9194139194139194,0.9194139194139194
