,Accuracy,F1 (micro),Average KL,Average PearsonCorr
Global,0.9200040700040699,0.9200040700040699,0.10149843330925627,0.9789657218077732
