,Accuracy,F1 (micro)
Global,0.9328449328449329,0.9328449328449329
