,Accuracy,F1 (micro)
Global,0.781868131868132,0.781868131868132
