,Accuracy,F1 (micro),Average KL,Average PearsonCorr
Global,0.922934472934473,0.922934472934473,0.013091801344937436,0.9906615115673603
