Groups,Entropy,Diag Mean,KL to I,I similar % (JS),Accuracy,F1 (micro)
0.0,0.4339287236332893,0.5308455646038055,1.7911011474019318,0.6099046213597081,0.6498778998778997,0.6498778998778997
1.0,0.39125583618879317,0.5720517979934812,1.7327207098704207,0.6385075673505034,0.6253968253968252,0.6253968253968252
2.0,0.408549565076828,0.5151355335488915,1.8384223025729345,0.5908936690801814,0.6615995115995116,0.6615995115995116
