,Accuracy,F1 (micro)
Global,0.51007326007326,0.51007326007326
