,Accuracy,F1 (micro)
Global,0.6054334554334553,0.6054334554334553
