,Accuracy,F1 (micro),Average KL,Average PearsonCorr,Average RMSE
Global,0.5528897028897028,0.5528897028897027,0.7472277508852626,0.5408181960090772,0.15376696430765155
