,Accuracy,F1 (micro)
Global,0.5912698412698412,0.5912698412698412
