,Accuracy,F1 (micro),Average KL,Average PearsonCorr,Average RMSE
Global,0.4945868945868945,0.4945868945868944,0.8952996941677542,0.5161111873093203,0.174349528858938
