,Accuracy,F1 (micro)
Global,0.707081807081807,0.707081807081807
