,Accuracy,F1 (micro),Average KL,Average PearsonCorr
Global,0.5620675620675621,0.5620675620675621,2.145120941159594,0.5034516055439848
