,Accuracy,F1 (micro),Average KL,Average PearsonCorr,Average RMSE
Global,0.5738705738705738,0.5738705738705738,0.9641577985714497,0.37440660474745024,0.1936641304054963
