,Accuracy,F1 (micro)
Global,0.6291208791208791,0.6291208791208791
