ACC imiting Annotator,CE imiting Annotator
0.6681303458210769,0.7463273579712084
