ACC imiting Annotator,CE imiting Annotator
0.683322553645364,0.676100117603862
