Groups,Entropy,Diag Mean,KL to I,I similar % (JS),Accuracy,F1 (micro)
0.0,0.33315234556794165,0.6477150589227676,1.2167471427649668,0.7097753621531617,0.6549450549450547,0.6549450549450547
1.0,0.28911336585879327,0.7320554561913013,1.0331035099606374,0.7791201007594797,0.6984126984126985,0.6984126984126985
2.0,0.44120212458074093,0.6292983919382096,1.0597431671948512,0.7139294267748273,0.6229548229548231,0.6229548229548231
