,Accuracy,F1 (micro),Average KL,Average PearsonCorr,Average RMSE
Global,0.705067155067155,0.7050671550671551,0.7472121653974984,0.3118945337912731,0.16375226936596912
