,Accuracy,F1 (micro),Average KL,Average PearsonCorr,Average RMSE
Global,0.8360195360195359,0.8360195360195359,0.016888465676274042,0.9911711160583332,0.1690628286514119
