,Accuracy,F1 (micro),Average KL,Average PearsonCorr,Average RMSE
Global,0.6169108669108669,0.6169108669108669,0.8556272043323563,0.3933596528388196,0.1760575817834243
