,Accuracy,F1 (micro)
Global,0.6067765567765567,0.6067765567765567
