,Accuracy,F1 (micro),Average KL,Average PearsonCorr
Global,0.5620675620675621,0.5620675620675621,0.21504172735880972,0.9369918315881476
