,Accuracy,F1 (micro),Average KL,Average PearsonCorr,Average RMSE
Global,0.6931420431420432,0.6931420431420432,0.6399366850834712,0.47669649343680226,0.1656177910216951
