ACC imiting Annotator,CE imiting Annotator
0.6616818074702044,0.7145614407779153
