Groups,Entropy,Diag Mean,KL to I,I similar % (JS),Accuracy,F1 (micro)
0.0,0.41507499739527703,0.5197191754356026,1.6432955594365475,0.6014417922550317,0.6971916971916972,0.6971916971916972
1.0,0.4779022604227066,0.5311925657093525,1.5298708348248278,0.6271408574356159,0.6506715506715507,0.6506715506715507
2.0,0.391421739757061,0.5243381917476654,1.7094617153602054,0.5991475894301681,0.6473748473748473,0.6473748473748473
