ACC imiting Annotator,CE imiting Annotator
0.6666115829418782,0.6960936484012337
