ACC imiting Annotator,CE imiting Annotator
0.6660024705284896,0.7093908998107459
