,Accuracy,F1 (micro)
Global,0.7238705738705739,0.7238705738705739
