ACC imiting Annotator,CE imiting Annotator
0.6619716736812109,0.7102127302409758
