Groups,Entropy,Diag Mean,KL to I,I similar % (JS),Accuracy,F1 (micro)
0.0,0.32370516024529933,0.7945621728897094,0.5216026336869589,0.8510811247652427,0.701953601953602,0.701953601953602
1.0,0.3212639108300209,0.7488888204097748,0.6620054050278179,0.8081574246308456,0.6866300366300367,0.6866300366300367
2.0,0.3177564861252904,0.7962115347385407,0.534029173437711,0.8484676883257816,0.6690476190476191,0.6690476190476191
