,Accuracy,F1 (micro)
Global,0.8484737484737487,0.8484737484737487
