ACC imiting Annotator,CE imiting Annotator
0.6498484854788213,0.7256322328268279
