,Accuracy,F1 (micro)
Global,0.9363858363858364,0.9363858363858364
