,Accuracy,F1 (micro),Average KL,Average PearsonCorr,Average RMSE
Global,0.6144688644688646,0.6144688644688646,0.8249463258605385,0.5528780087373176,0.17871293588845882
