,Accuracy,F1 (micro),Average KL,Average PearsonCorr
Global,0.5552299552299551,0.5552299552299551,2.243347535207785,0.5049598031600846
