,Accuracy,F1 (micro)
Global,0.7201465201465201,0.7201465201465201
