,Accuracy,F1 (micro),Average KL,Average PearsonCorr
Global,0.6031949531949532,0.6031949531949532,0.1762914429506217,0.9408062188565479
