ACC imiting Annotator,CE imiting Annotator
0.6581420235408054,0.7687872850788671
