,Accuracy,F1 (micro),Average KL,Average PearsonCorr,Average RMSE
Global,0.778937728937729,0.778937728937729,0.01766747019856695,0.990448812614899,0.1936763385556813
