,Accuracy,F1 (micro),Average KL,Average PearsonCorr
Global,0.9204517704517704,0.9204517704517704,0.014096442545660037,0.9905340288595447
