Groups,Entropy,Diag Mean,KL to I,I similar % (JS),Accuracy,F1 (micro)
0.0,0.4038894951343536,0.6261078421026468,1.2789813150257452,0.6983158039404023,0.67008547008547,0.67008547008547
1.0,0.4034073129296303,0.6239216198213399,1.2832044317045015,0.6947839814294394,0.6592185592185591,0.6592185592185591
2.0,0.4212563544511795,0.5949382157996297,1.367358516175393,0.6720474801418141,0.6491452991452991,0.6491452991452991
