,Accuracy,F1 (micro),Average KL,Average PearsonCorr
Global,0.5815628815628814,0.5815628815628814,0.21445601246254423,0.945562546388197
