Groups,Entropy,Diag Mean,KL to I,I similar % (JS),Accuracy,F1 (micro)
0.0,0.34696528166532514,0.6934736870229244,0.9503666247505462,0.7596848493236562,0.6811355311355312,0.6811355311355312
1.0,0.29421839602291583,0.7257614508271217,0.9628138604233145,0.7793028984293888,0.6483516483516482,0.6483516483516482
2.0,0.3376763816922903,0.6965013086795807,0.9743677744722875,0.7589151668079239,0.5995115995115994,0.5995115995115994
