Groups,Entropy,Diag Mean,KL to I,I similar % (JS),Accuracy,F1 (micro)
0.0,0.36230299696326257,0.7177022136747837,0.6949344124342293,0.7902978372871392,0.6413308913308913,0.6413308913308913
1.0,0.2624413065612316,0.8173227027058602,0.44664855997409286,0.8629971186885831,0.6865689865689865,0.6865689865689865
2.0,0.29696701727807523,0.7679613284766674,0.5826409221634608,0.8233001330716171,0.6472527472527472,0.6472527472527472
