,Accuracy,F1 (micro)
Global,0.62985347985348,0.6298534798534801
