,Accuracy,F1 (micro)
Global,0.5844322344322344,0.5844322344322344
