ACC imiting Annotator,CE imiting Annotator
0.6591443149605134,0.730891768824081
