ACC imiting Annotator,CE imiting Annotator
0.6691813373825499,0.7575769614108097
