,Accuracy,F1 (micro),Average KL,Average PearsonCorr,Average RMSE
Global,0.4854904354904354,0.4854904354904354,0.9020533255047555,0.4994655791142496,0.14683032661839093
