,Accuracy,F1 (micro)
Global,0.49163614163614167,0.49163614163614155
