,Accuracy,F1 (micro)
Global,0.5663614163614163,0.5663614163614163
