,Accuracy,F1 (micro)
Global,0.6063492063492062,0.6063492063492062
