ACC imiting Annotator,CE imiting Annotator
0.677049532498139,0.6893254025287703
