Groups,Entropy,Diag Mean,KL to I,I similar % (JS),Accuracy,F1 (micro)
0.0,0.3396192882210016,0.7036547049880028,1.110938026185663,0.7594370173909804,0.6529304029304029,0.6529304029304029
1.0,0.34200931787490846,0.6497119769454003,1.2223412075565454,0.7116399982979109,0.6437728937728936,0.6437728937728936
2.0,0.3066603772342205,0.7403917402029038,1.001286019132834,0.7863748431247709,0.652991452991453,0.652991452991453
