,Accuracy,F1 (micro)
Global,0.9323565323565324,0.9323565323565324
