,Accuracy,F1 (micro)
Global,0.9242979242979243,0.9242979242979243
