Groups,Entropy,Diag Mean,KL to I,I similar % (JS),Accuracy,F1 (micro)
0.0,0.2659439828246832,0.8259534373879432,0.4514599998118397,0.8684733989869514,0.7083028083028082,0.7083028083028082
1.0,0.32781694903969766,0.7920347303152084,0.5489535023475716,0.8455743838581056,0.6802197802197802,0.6802197802197802
2.0,0.2988436255604029,0.7241089299321175,0.8078123842712488,0.7778753512210208,0.6861416361416361,0.6861416361416361
