,Accuracy,F1 (micro)
Global,0.6264346764346763,0.6264346764346763
