,Accuracy,F1 (micro),Average KL,Average PearsonCorr,Average RMSE
Global,0.7133496133496134,0.7133496133496134,0.5950891364057825,0.47118296053502284,0.1489650557080408
