ACC imiting Annotator,CE imiting Annotator
0.6827549976328868,0.6940796818511366
