,Accuracy,F1 (micro),Average KL,Average PearsonCorr
Global,0.5552299552299551,0.5552299552299551,0.22100179085032123,0.9132974158858911
