ACC imiting Annotator,CE imiting Annotator
0.45702505014542266,1.6495079673361426
