ACC imiting Annotator,CE imiting Annotator
0.461584113731207,1.644924660498364
