Groups,Entropy,Diag Mean,KL to I,I similar % (JS),Accuracy,F1 (micro)
0.0,0.8474565744400024,0.8082643747329712,0.21630990910712114,0.8956784502199083,0.7743,0.7743
1.0,1.8309381008148193,0.38090580701828003,1.0381684636948527,0.5713863966926889,0.647,0.647
2.0,0.31407061219215393,0.944144606590271,0.05773993814991746,0.9714046632088551,0.7707,0.7706999999999999
3.0,1.0386171340942383,0.7502378225326538,0.29304946926006337,0.8604625602453961,0.7713,0.7713
