,Accuracy,F1 (micro),Average KL,Average PearsonCorr
Global,0.8452339999999999,0.8452339999999999,0.03874137454292259,0.9562494709266811
