,Accuracy,F1 (micro),Average KL,Average PearsonCorr,Average RMSE
Global,0.8168979999999999,0.8168979999999999,0.23908491930812828,-0.06985675379052361,0.03192918284267691
