ACC imiting Annotator,CE imiting Annotator
0.4443869996921584,1.702558304982429
