,Accuracy,F1 (micro),Average KL,Average PearsonCorr,Average RMSE
Global,0.81574,0.81574,0.05663445819516624,0.8008892034249712,0.05323686295407765
