,Accuracy,F1 (micro),Average KL,Average PearsonCorr,Average RMSE
Global,0.8616,0.8616000000000001,0.2352332651265205,-0.22578327831063802,0.027473698491889874
