,Accuracy,F1 (micro),Average KL,Average PearsonCorr
Global,0.612404,0.612404,0.27379725454431253,0.947989685813431
