Groups,Entropy,Diag Mean,KL to I,I similar % (JS),Accuracy,F1 (micro)
0.0,1.890944480895996,0.3461396098136902,1.148275327644945,0.537824474187713,0.5438,0.5438
1.0,0.4175163805484772,0.9222825169563293,0.08152086279020052,0.9597980836986619,0.7658,0.7658000000000001
2.0,0.7181234955787659,0.8443059921264648,0.17385865465047337,0.9158926569550833,0.7693,0.7693
3.0,1.2576844692230225,0.6054550409317017,0.614737331741189,0.7428865096970059,0.5765,0.5765
