,Accuracy,F1 (micro),Average KL,Average PearsonCorr
Global,0.83496,0.83496,0.014745233206960761,0.9820884153580012
