,Accuracy,F1 (micro)
Global,0.7420300000000001,0.7420300000000001
