,Accuracy,F1 (micro),Average KL,Average PearsonCorr
Global,0.8452339999999999,0.8452339999999999,0.7993753629588914,0.7088374838178617
