Groups,Entropy,Diag Mean,KL to I,I similar % (JS),Accuracy,F1 (micro)
0.0,1.5346004962921143,0.525865438580513,0.6907399826033599,0.6972393397141718,0.7158700000000001,0.71587
1.0,1.5099450469017028,0.5405876278877259,0.6559568116794003,0.7100031847858357,0.72041,0.72041
2.0,1.729617953300476,0.45193436145782473,0.8099546322755169,0.6460392194946405,0.7154299999999999,0.7154299999999999
3.0,1.6228706002235413,0.4968725383281708,0.7306034177268766,0.678808937371113,0.72319,0.72319
