,Accuracy,F1 (micro)
Global,0.7225900000000001,0.7225900000000001
