,Accuracy,F1 (micro),Average KL,Average PearsonCorr,Average RMSE
Global,0.764076,0.764076,0.010148952635768626,0.9816409621547987,0.07471171014328845
