Groups,Entropy,Diag Mean,KL to I,I similar % (JS),Accuracy,F1 (micro)
0.0,1.7418657541275024,0.45767784118652344,0.7887026327248262,0.652720453974081,0.7271,0.7271
1.0,1.1918593645095825,0.6809943914413452,0.3965235725954222,0.8150970030469511,0.7443,0.7443000000000001
2.0,1.7426159381866455,0.45754820108413696,0.7880378459319503,0.6528237563265693,0.727,0.7269999999999999
3.0,1.7970746755599976,0.3073977530002594,1.3239715091447608,0.4932517972987145,0.4547,0.4547
