,Accuracy,F1 (micro),Average KL,Average PearsonCorr,Average RMSE
Global,0.8320160000000001,0.8320160000000001,0.34834705492016005,-0.1286994281624853,0.035140775942556365
