Groups,Entropy,Diag Mean,KL to I,I similar % (JS),Accuracy,F1 (micro)
0.0,1.1624791830778123,0.677733513712883,0.43023854642610193,0.8051300403759336,0.74857,0.74857
1.0,1.2264407575130463,0.6571430325508117,0.4674109205984321,0.7906925136561738,0.74115,0.74115
2.0,1.3945000052452088,0.593252882361412,0.5697086565358375,0.7463205257430963,0.74322,0.74322
3.0,1.6596736550331115,0.47350392043590545,0.8099577518195193,0.6539105672592354,0.7006800000000001,0.7006800000000002
