,Accuracy,F1 (micro),Average KL,Average PearsonCorr
Global,0.60856,0.60856,0.2792155040905814,0.9390523566446481
