,Accuracy,F1 (micro),Average KL,Average PearsonCorr
Global,0.83058,0.83058,0.03016876998634199,0.9586896100952127
