,Accuracy,F1 (micro)
Global,0.7553099999999999,0.7553099999999999
