,Accuracy,F1 (micro),Average KL,Average PearsonCorr,Average RMSE
Global,0.775074,0.775074,0.11668637763182077,0.5059974854468472,0.0454165917584282
