ACC imiting Annotator,CE imiting Annotator
0.44971350368324303,1.6538559346078654
