Groups,Entropy,Diag Mean,KL to I,I similar % (JS),Accuracy,F1 (micro)
0.0,1.2689336240291595,0.6170068651437759,0.5865799869723047,0.7515600121934808,0.6969399999999999,0.6969399999999999
1.0,1.1405580431222915,0.6726327210664749,0.4765418525855824,0.7925645554105987,0.7318800000000001,0.7318800000000001
2.0,1.3690516829490662,0.5654012471437454,0.6719740292045498,0.7160297812584033,0.6501,0.6501
3.0,1.380063647031784,0.565165176987648,0.6507164277898251,0.7193095500089836,0.64727,0.64727
