ACC imiting Annotator,CE imiting Annotator
0.43446497897207337,1.689873859576652
