,Accuracy,F1 (micro),Average KL,Average PearsonCorr
Global,0.60856,0.60856,0.8556378828953561,0.7843052653667152
