,Accuracy,F1 (micro),Average KL,Average PearsonCorr
Global,0.84104,0.8410399999999999,0.015556307121826348,0.9829856045256355
