,Accuracy,F1 (micro),Average KL,Average PearsonCorr
Global,0.83058,0.83058,0.7986795346512455,0.8029828130422973
