,Accuracy,F1 (micro),Average KL,Average PearsonCorr,Average RMSE
Global,0.75402,0.75402,0.010154161998095955,0.9812466530599429,0.08535460106018837
