ACC imiting Annotator,CE imiting Annotator
0.4477881234660286,1.6849874687140471
