ACC imiting Annotator,CE imiting Annotator
0.4211600845147901,1.6862814654500877
