ACC imiting Annotator,CE imiting Annotator
0.4196401793127113,1.6851014194950533
