,Accuracy,F1 (micro),F1 (macro),(R) NormF mean,(R) JS mean,(G) NormF,(G) JS
All,0.6976458150688464,0.6976458150688464,0.6821529982650929,0.29843481992110343,0.2669573681331418,0.14273442599344638,0.0858809012966946
