,Accuracy,F1 (micro),F1 (macro),(R) NormF mean,(R) JS mean,(G) NormF,(G) JS
All,0.6777061523387138,0.6777061523387138,0.6601701723494781,0.30175440120394825,0.262377674374899,0.14918462217120043,0.0746284723945895
