,Accuracy,F1 (micro),F1 (macro)
All,0.0022096777209481473,0.0022096777209481473,0.006443758327328885
