,Accuracy,F1 (micro),F1 (macro)
All,0.6532149338864403,0.6532149338864403,0.6294903829851447
