Groups,Prob,Entropy,Diag mean,Isim (JS),S_raykar,S_bias,C_bias,Iner JS,Iner NormF,Accuracy,F1 (micro)
0.0,0.004933534170303567,0.02315119404547819,0.00624365597817609,0.005092488556134315,0.008324874637568102,0.013091521629760721,0.0,0.005698412177880033,0.0035932982953329412,0.00875308678383898,0.00875308678383898
0.0,0.00678465436544326,0.008715563375591364,0.002080036703779568,0.0010537991762629068,0.0027733822717060843,0.0017239429740908392,1.0,0.005698412177880033,0.0035932982953329412,0.0035386341259109376,0.0035386341259109376
0.0,0.004267785766913275,0.01837561529838964,0.011988724321781797,0.008679506270944118,0.015984965762375746,0.01604970701601174,0.0,0.005698412177880033,0.0035932982953329412,0.014916304548522668,0.014916304548522663
