Groups,Prob,Entropy,Diag mean,Isim (JS),S_raykar,S_bias,C_bias,Iner JS,Iner NormF,Accuracy,F1 (micro)
0.0,0.3504655733704567,0.19363499906615922,0.7328898544469531,0.7677491017150142,0.6438531392626041,0.2606396093187383,0.0,0.2994156023541704,0.3555472430620797,0.5698535130930775,0.5698535130930775
1.0,0.31434397101402284,0.05917901052595871,0.9891685328264253,0.9945505290843736,0.9855580437685665,0.004681805182693849,2.0,0.2994156023541704,0.3555472430620797,0.6422543427534353,0.6422543427534353
2.0,0.33519046008586884,0.5807804006543247,0.644272152389264,0.75753536222147,0.5256962031856853,0.34979553836204663,3.0,0.2994156023541704,0.3555472430620797,0.39179414052372313,0.39179414052372313
