,Accuracy,F1 (micro),F1 (macro),(R) NormF mean,(R) JS mean,(G) NormF,(G) JS
All,0.004424252255375917,0.004424252255375917,0.00787897371328311,0.0045875578754725425,0.006174089826475165,0.007801220079750061,0.00871250165213426
