,Accuracy,F1 (micro),F1 (macro),(R) NormF mean,(R) JS mean,(G) NormF,(G) JS
All,0.002950636771886846,0.002950636771886846,0.003573471250532032,0.0021518331463863524,0.00293203779327512,0.0027169918197311282,0.0035318582230706133
