,Accuracy,F1 (micro),F1 (macro)
All,0.004015085133025042,0.004015085133025042,0.009853537633734265
