,Accuracy,F1 (micro),F1 (macro)
All,0.6462989369976666,0.6462989369976666,0.6227556340329568
