,Accuracy,F1 (micro),F1 (macro)
All,0.6439201451905627,0.6439201451905627,0.62691714662161
