,Accuracy,F1 (micro),F1 (macro)
All,0.6221285973554577,0.6221285973554577,0.5329462070410872
