,Accuracy,F1 (micro),F1 (macro),(R) NormF mean,(R) JS mean,(R) NormF w,(R) JS w,(G) NormF,(G) JS
All,0.6219199628693725,0.6219199628693725,0.5406479088583567,0.2760679727855836,0.2295398215855871,0.2160545725397461,0.1565916157200031,0.08934920996041915,0.025216278061043713
