,Accuracy,F1 (micro),F1 (macro)
All,0.6399079595540577,0.6399079595540577,0.5941559579515712
