Groups,Prob,Entropy,Diag mean,Isim (JS),S_raykar,S_bias,C_bias,Iner JS,Iner NormF,Accuracy,F1 (micro)
0.0,0.008344620592020674,0.014942491298126534,0.008926472505080827,0.015061533052504987,0.011901963340107763,0.019515818722740733,0.9949874371066201,0.015167418149953728,0.007521202328659802,0.0039983554187263395,0.0039983554187263395
0.0,0.012675876133181706,0.014019323156221208,0.002328877595260441,0.006535554515395917,0.0031051701270139232,0.002711722792099136,0.0,0.015167418149953728,0.007521202328659802,0.0075000520675763795,0.0075000520675763795
0.0,0.01597276193167368,0.034169429247346006,0.012941390156153249,0.0073966000663839866,0.017255186874871004,0.008130654302684651,0.0,0.015167418149953728,0.007521202328659802,0.004598204714249482,0.004598204714249482
