Groups,Prob,Entropy,Diag mean,Isim (JS),S_raykar,S_bias,C_bias,Iner JS,Iner NormF,Accuracy,F1 (micro)
0.0,0.13326123427288666,0.31835413677868013,0.7439510609118692,0.7769999428867014,0.6586014145491589,0.08577001686478984,1.9,0.29791875525664235,0.35465519629452597,0.5725045372050817,0.5725045372050817
1.0,0.12837817762164347,0.19728515651225198,0.7406921236367359,0.7623919091689937,0.6542561648489813,0.21183936281727528,3.0,0.29791875525664235,0.35465519629452597,0.4508102151931553,0.4508102151931553
2.0,0.7383605881054699,0.27858882199396384,0.9173782270291996,0.955510478998465,0.8898376360389328,0.053982496256707625,0.0,0.29791875525664235,0.35465519629452597,0.6436608763287529,0.6436608763287529
