,Accuracy,F1 (micro),F1 (macro),(R) NormF mean,(R) JS mean,(G) NormF,(G) JS
All,0.001956520975938007,0.001956520975938007,0.0058116597712809725,0.0004972819118310308,0.00041436844111456754,0.00036490163096457187,0.00027069913102583927
