,Accuracy,F1 (micro),F1 (macro)
All,0.006893773283795208,0.006893773283795208,0.007651506999916862
