Groups,Prob,Entropy,Diag mean,Isim (JS),S_raykar,S_bias,C_bias,Iner JS,Iner NormF,Accuracy,F1 (micro)
0.0,0.11012283740647515,0.1416356999481,0.08479327612843378,0.06779119854897674,0.11305770150457838,0.10792565329318464,1.0712142642814273,0.10771845659503261,0.06644389930027043,0.06731892749772998,0.06731892749772998
0.0,0.059857063121348725,0.10495958671151782,0.13795892113801492,0.1271283727106824,0.18394522818401987,0.21776080392402478,0.9630680142129111,0.10771845659503261,0.06644389930027043,0.12966287217172834,0.12966287217172834
0.0,0.09720324763797189,0.08867737095178428,0.2016482519402033,0.17738442959496453,0.26886433592027115,0.25483290195376146,1.423903086589814,0.10771845659503261,0.06644389930027043,0.12708629234273236,0.12708629234273236
