,Accuracy,F1 (micro),F1 (macro)
All,0.004191203646482838,0.004191203646482838,0.010239305481187568
