,Accuracy,F1 (micro),F1 (macro),(R) NormF mean,(R) JS mean,(R) NormF w,(R) JS w,(G) NormF,(G) JS
All,0.6401681192305708,0.6401681192305708,0.6212853363919304,0.26311238468350423,0.21760441964560379,0.1989791380986491,0.14369908165939135,0.04248203360802458,0.005906932024616354
