,Accuracy,F1 (micro),F1 (macro),(R) NormF mean,(R) JS mean,(R) NormF w,(R) JS w,(G) NormF,(G) JS
All,0.6363777009953072,0.6363777009953072,0.595067249785831,0.25190406176942093,0.21717894405801572,0.13915701475399905,0.08785936043503616,0.10042732751227394,0.028763085912389675
