,Accuracy,F1 (micro),F1 (macro),(R) NormF mean,(R) JS mean,(G) NormF,(G) JS
All,0.0031077042277252377,0.0031077042277252377,0.0049379460511761435,0.007482489263919384,0.010504964089238164,0.014532649583749844,0.01492521925032135
