Groups,Prob,Entropy,Diag mean,Isim (JS),S_raykar,S_bias,C_bias,Iner JS,Iner NormF,Accuracy,F1 (micro)
0.0,0.4372733488678932,0.33729978676859595,0.7668224540909356,0.8273189751478014,0.6890966054545811,0.17812615669593518,2.05,0.3640998562011535,0.39548019486512265,0.5302501944516462,0.5302501944516462
1.0,0.17522671408951282,0.3324791712322523,0.5428080747904034,0.6220422352457096,0.3904107663872044,0.48073592466188025,0.65,0.3640998562011535,0.39548019486512265,0.4108892921960073,0.4108892921960073
2.0,0.3874997965991497,0.08333409966288834,0.9224088979711753,0.9356256241033405,0.8965451972949005,0.09233088484485699,1.15,0.3640998562011535,0.39548019486512265,0.5959424423126782,0.5959424423126782
