,Accuracy,F1 (micro),F1 (macro)
All,0.6905781032437729,0.6905781032437729,0.6737933103026458
