,Accuracy,F1 (micro),F1 (macro)
All,0.0035021935742478357,0.0035021935742478357,0.0028074428367902988
