,Accuracy,F1 (micro),F1 (macro)
All,0.6619847031371531,0.6619847031371531,0.6435968118563705
