,Accuracy,F1 (micro),F1 (macro)
All,0.6380347420274827,0.6380347420274827,0.6165736168952731
