,Accuracy,F1 (micro),F1 (macro)
All,0.005500213376144735,0.005500213376144735,0.010050940172634115
