,Accuracy,F1 (micro),F1 (macro),(R) NormF mean,(R) JS mean,(G) NormF,(G) JS
All,0.655108039812284,0.655108039812284,0.6399820630872721,0.1964652936419745,0.16191123684194564,0.16181304620207765,0.0756178542315947
