,Accuracy,F1 (micro),F1 (macro),(R) NormF mean,(R) JS mean,(G) NormF,(G) JS
All,0.697872724459801,0.697872724459801,0.6867446959341271,0.29682509508821525,0.2613199058415895,0.1404861915908246,0.09296957881202081
