,Accuracy,F1 (micro),F1 (macro)
All,0.6668395125745398,0.6668395125745398,0.6457250993252934
