,Accuracy,F1 (micro),F1 (macro)
All,0.004525425465784664,0.004525425465784664,0.009386666738589088
