Groups,Prob,Entropy,Diag mean,Isim (JS),S_raykar,S_bias,C_bias,Iner JS,Iner NormF,Accuracy,F1 (micro)
0.0,0.11287035080845116,0.11630097292142835,0.09064849349180937,0.07789013151314463,0.1208646579890791,0.10506583511726324,1.1224972160321824,0.06443901406025702,0.038660949755816076,0.07170094885304491,0.07170094885304491
0.0,0.10580083581461422,0.06790034200384969,0.1409957007449553,0.12566229327261272,0.18799426765994037,0.17542311293158677,1.3190905958272923,0.06443901406025702,0.038660949755816076,0.08620012657806617,0.08620012657806617
0.0,0.060534638424485046,0.10482400865665996,0.13325418751584395,0.11427388354794654,0.17767225002112527,0.21417564339793038,1.3000000000000003,0.06443901406025702,0.038660949755816076,0.12473496061215571,0.12473496061215571
