,Accuracy,F1 (micro),F1 (macro)
All,0.6374604476737372,0.6374604476737372,0.6230798694074515
