,Accuracy,F1 (micro),F1 (macro),(R) NormF mean,(R) JS mean,(G) NormF,(G) JS
All,0.004761307488544576,0.004761307488544576,0.006939209143938783,0.0047307835197717705,0.00668605647809295,0.007502588925639418,0.009664156671652466
