,Accuracy,F1 (micro),F1 (macro)
All,0.6423297785069729,0.6423297785069729,0.6217975672861082
