,Accuracy,F1 (micro),F1 (macro),(R) NormF mean,(R) JS mean,(R) NormF w,(R) JS w,(G) NormF,(G) JS
All,0.0029169939564290103,0.0029169939564290103,0.007141026523508517,1.1102230246251565e-16,2.7755575615628914e-17,2.7755575615628914e-17,4.163336342344337e-17,1.3877787807814457e-17,6.938893903907228e-18
