,Accuracy,F1 (micro),F1 (macro)
All,0.003357808674302799,0.003357808674302799,0.008355602133618165
