,Accuracy,F1 (micro),F1 (macro)
All,0.003969417813690293,0.003969417813690293,0.00606851217130109
