,Accuracy,F1 (micro),F1 (macro),(R) NormF mean,(R) JS mean,(G) NormF,(G) JS
All,0.6900627374237367,0.6900627374237367,0.682580679064553,0.28093424434944436,0.2404457656098828,0.11408165534832422,0.05242817120793967
