Groups,Prob,Entropy,Diag mean,Isim (JS),S_raykar,S_bias,C_bias,Iner JS,Iner NormF,Accuracy,F1 (micro)
0.0,0.008915848294925416,0.03837273786542996,0.017834422880330627,0.009804973422143183,0.0237792305071075,0.0306726812696832,0.8660254037844386,0.007435405592619262,0.0018672888948899468,0.007266974343756658,0.007266974343756658
0.0,0.0050836668511064255,0.028780453343916775,0.012268944483467848,0.008468075156956995,0.016358592644623825,0.025859069024342107,0.0,0.007435405592619262,0.0018672888948899468,0.0037065873788175415,0.0037065873788175415
0.0,0.007303886412679363,0.018038963303621657,0.007565921758518486,0.004089177448454739,0.010087895678024627,0.007217013968550764,0.0,0.007435405592619262,0.0018672888948899468,0.006941946697420138,0.006941946697420138
