,Accuracy,F1 (micro),F1 (macro),(R) NormF mean,(R) JS mean,(G) NormF,(G) JS
All,0.004836108926859963,0.004836108926859963,0.00834587761365368,0.00819757622420005,0.011706427789133276,0.01321936292680663,0.015335219720792673
