,Accuracy,F1 (micro),F1 (macro),(R) NormF mean,(R) JS mean,(R) NormF w,(R) JS w,(G) NormF,(G) JS
All,0.6403476459076781,0.6403476459076781,0.6232515249606931,0.26597846764746963,0.22114370171036596,0.2012756806420945,0.14745112122553033,0.04205448887263819,0.005678385332930298
