,Accuracy,F1 (micro),F1 (macro)
All,0.6321750849642565,0.6321750849642565,0.6240238391224208
