,Accuracy,F1 (micro),F1 (macro)
All,0.631132075471698,0.631132075471698,0.6139152496218718
