,Accuracy,F1 (micro),F1 (macro)
All,0.006453326244856799,0.006453326244856799,0.0107737007763098
