,Accuracy,F1 (micro),F1 (macro),(R) NormF mean,(R) JS mean,(G) NormF,(G) JS
All,0.0018748656581745156,0.0018748656581745156,0.0038257403762953124,0.000484145706341228,0.0004324166417026934,0.0004422457314869616,0.00032277557997089284
