,Accuracy,F1 (micro),F1 (macro),(R) NormF mean,(R) JS mean,(G) NormF,(G) JS
All,0.6912110049499252,0.6912110049499252,0.6729605356848791,0.30609298082003045,0.27767718691027043,0.1504814778035465,0.09576760936145229
