Groups,Prob,Entropy,Diag mean,Isim (JS),S_raykar,S_bias,C_bias,Iner JS,Iner NormF,Accuracy,F1 (micro)
0.0,0.12514803693087034,0.3265934618579173,0.7445540716566782,0.779453963525784,0.659405428875571,0.07948230945061226,1.7,0.26783089714222624,0.32231434664188774,0.5482538380405484,0.5482538380405484
1.0,0.09999653067339559,0.35168078746934783,0.7553758030310707,0.7979612621961645,0.6738344040414276,0.08251505229817621,2.25,0.26783089714222624,0.32231434664188774,0.5505039259346067,0.5505039259346067
2.0,0.7748554323957341,0.2560517952484108,0.9256610262276782,0.9605920806986749,0.9008813683035708,0.0371651086399476,0.0,0.26783089714222624,0.32231434664188774,0.6373959920309388,0.6373959920309388
