,Accuracy,F1 (micro),Mean NormF,Mean JS,Wmean NormF,Wmean JS
Global,0.6406186406186408,0.6406186406186408,440.22540570468107,0.14511551730286207,440.22537081543504,0.14502084095528187
