,Accuracy,F1 (micro),Mean NormF,Mean JS,Wmean NormF,Wmean JS
Global,0.7325803825803825,0.7325803825803825,418.80735909239155,0.16411116640250276,418.8073248040425,0.1640242183489138
