,Accuracy,F1 (micro),Mean NormF,Mean JS,Wmean NormF,Wmean JS
Global,0.6409849409849409,0.6409849409849409,446.23635502215683,0.16075648107507784,446.2360159191973,0.1604255789689517
