,Accuracy,F1 (micro)
Global,0.7316239316239316,0.7316239316239316
