,Accuracy,F1 (micro)
Global,0.9070818070818072,0.9070818070818072
