,Accuracy,F1 (micro),Mean NormF,Mean JS,Wmean NormF,Wmean JS,Mean RMSE,Wmean RMSE
Global,0.9034188034188035,0.9034188034188035,0.2323442895755606,0.10280953594950396,0.23255660488205745,0.10295193823625744,0.1809336530245172,0.18120455007109484
