Groups,Prob,T(g),Entropy,Diag Mean,KL to I,I sim %(JS),Spammer,Accuracy,F1 (micro)
0.0,0.14055238626897334,13.55,0.3443182408809662,0.5847035780549049,1.2265656293429708,0.4969207043178968,0.3770553797483444,0.5957875457875457,0.5957875457875457
1.0,0.7134647518396378,70.9,0.38789885491132736,0.856476467847824,0.1634754918230556,0.8867157393377492,0.7847147136926651,0.806593406593407,0.8065934065934067
2.0,0.14598285146057605,14.05,0.46898503974080086,0.7986231505870819,0.264933529741625,0.8265965127613575,0.6979347392916679,0.7794261294261294,0.7794261294261294
