,Accuracy,F1 (micro),Mean NormF,Mean JS,Wmean NormF,Wmean JS
Global,0.7388888888888889,0.7388888888888889,419.4784332737171,0.15322125983008053,419.47830517269557,0.15308939385518497
