,Accuracy,F1 (micro)
Global,0.8978021978021979,0.8978021978021979
