,Accuracy,F1 (micro)
Global,0.6604395604395603,0.6604395604395603
