,Accuracy,F1 (micro)
Global,0.9404761904761905,0.9404761904761905
