,Accuracy,F1 (micro)
Global,0.9336589336589337,0.9336589336589337
