,Accuracy,F1 (micro),Mean NormF,Mean JS,Wmean NormF,Wmean JS,Mean RMSE,Wmean RMSE
Global,0.93001628001628,0.93001628001628,0.0335433569228493,0.006536699709449851,0.03350650145826056,0.006521191404411372,0.0899684495709524,0.08968718261222833
