,Accuracy,F1 (micro)
Global,0.658119658119658,0.658119658119658
