,Accuracy,F1 (micro),Mean NormF,Mean JS,Wmean NormF,Wmean JS
Global,0.9265567765567766,0.9265567765567766,0.20512357085493432,0.11549913285361794,0.1950049108260608,0.10508627019985226
