Mean ACC imiting Annot,Mean cross-entropy,Wmean ACC imiting Annot,wMean cross entropy
0.6774705924433201,0.7272747252754074,0.6747807107013178,0.7296551882298462
