Mean ACC imiting Annot,Mean cross-entropy,Wmean ACC imiting Annot,wMean cross entropy
0.7574078899487426,0.7327388793230056,0.7523030476112765,0.7301439886305602
