,Accuracy,F1 (micro),Mean NormF,Mean JS,Wmean NormF,Wmean JS
Global,0.9323361823361823,0.9323361823361823,0.034179296098734754,0.002916653474652344,0.034159706018851474,0.0029092301269184892
