Mean ACC imiting Annot,Mean cross-entropy,Wmean ACC imiting Annot,wMean cross entropy
0.6382555392850876,0.7598029673479951,0.638188096689011,0.7591993667359097
