,Accuracy,F1 (micro)
Global,0.7375457875457875,0.7375457875457875
