,Accuracy,F1 (micro),Mean NormF,Mean JS,Wmean NormF,Wmean JS,Mean RMSE,Wmean RMSE
Global,0.8933048433048432,0.8933048433048432,0.25218111800107595,0.12703170593608945,0.2531690451933309,0.12734962355460844,0.19548053969077056,0.19369058789931048
