,Accuracy,F1 (micro)
Global,0.9458485958485958,0.9458485958485958
