,Accuracy,F1 (micro)
Global,0.9368742368742369,0.9368742368742369
