,Accuracy,F1 (micro)
Global,0.934981684981685,0.934981684981685
