Groups,Prob,T(g),Entropy,Diag Mean,KL to I,I sim %(JS),Spammer,Accuracy,F1 (micro)
0.0,0.7287898153066635,1457.15,0.28657803535461424,0.9145589351654053,0.09245007922637913,0.9348709232813495,0.8718384057283401,0.8799145299145301,0.8799145299145301
1.0,0.10042857415974141,200.3,0.3622396163642406,0.6023312211036682,1.1840517844839464,0.5188271608651862,0.40349683314561846,0.4371794871794871,0.4371794871794871
2.0,0.17078162506222724,341.05,0.323055050522089,0.5827637180685997,1.258430819100934,0.49374871648751606,0.3741455838084221,0.5827228327228327,0.5827228327228327
