,Accuracy,F1 (micro),Mean NormF,Mean JS,Wmean NormF,Wmean JS,Mean RMSE,Wmean RMSE
Global,0.9252340252340252,0.9252340252340252,0.17727728147103988,0.08929177960887683,0.1710142891830367,0.08474787708644411,0.11877997800876698,0.11733507404838643
