Mean ACC imiting Annot,Mean cross-entropy,Wmean ACC imiting Annot,wMean cross entropy
0.6852751591472079,0.6826798260211945,0.6855819622181595,0.68205584530796
