Groups,Prob,T(g),Entropy,Diag Mean,KL to I,I sim %(JS),Spammer,Accuracy,F1 (micro)
0.0,0.337837016582489,675.2,0.3690249972045422,0.7127747878432273,0.7149105272715309,0.7878378466019237,0.3794414583593607,0.6450549450549451,0.6450549450549452
1.0,0.3542279593646526,708.05,0.3268673844635487,0.6795407995581627,0.9566600685602399,0.7488392185455952,0.34620746970176697,0.6267399267399267,0.6267399267399267
2.0,0.30793502628803254,615.35,0.3646486923098564,0.6464898519217968,0.9974355448626457,0.7269736448459693,0.3131564985960722,0.5833333333333333,0.5833333333333333
