Groups,Prob,T(g),Entropy,Diag Mean,KL to I,I similar % (JS),Accuracy,F1 (micro)
0.0,0.38421555906534194,3841.35,0.24138129130005836,0.7214319780468941,0.9901887315696201,0.7656176041667242,0.6836996336996336,0.6836996336996336
1.0,0.25146678388118743,2514.0,0.28044201880693437,0.8554563373327255,0.36908738958212467,0.8993329244064723,0.834920634920635,0.834920634920635
2.0,0.36431765537709,3642.45,0.20995194353163243,0.8943331152200699,0.27999773021940044,0.923503163221145,0.8656898656898658,0.8656898656898658
