ACC imiting Annotator,CE imiting Annotator
0.570179202763365,0.897795803435147
