,Accuracy,F1 (micro),Mean KL,Mean JS,Mean PearsonCorr
Global,0.5065527065527066,0.5065527065527066,2.001395820850239,0.14218853686746918,0.39937825027636886
