,Accuracy,F1 (micro)
Global,0.8005494505494507,0.8005494505494509
