,Accuracy,F1 (micro)
Global,0.7390720390720391,0.7390720390720391
