ACC imiting Annotator,CE imiting Annotator
0.6404763870903241,0.8275341421365738
