,Accuracy,F1 (micro),Average KL,Average PearsonCorr
Global,0.5101343101343101,0.5101343101343101,2.091886116655281,0.4284903674977283
