,Accuracy,F1 (micro)
Global,0.8755799755799757,0.8755799755799757
