,Accuracy,F1 (micro)
Global,0.907936507936508,0.907936507936508
