,Accuracy,F1 (micro),Mean KL,Mean JS,Mean PearsonCorr,Average RMSE
Global,0.7894179894179894,0.7894179894179894,0.7356465673145524,0.09729224314004292,0.30612987226415883,0.06501466297964521
