,Accuracy,F1 (micro),Average KL,Average PearsonCorr,Average RMSE
Global,0.727960927960928,0.7279609279609282,0.1253615854654007,0.8656034174935545,0.16601731546748003
