,Accuracy,F1 (micro)
Global,0.9300976800976801,0.9300976800976801
