ACC imiting Annotator,CE imiting Annotator
0.620526418110157,0.8045600227182481
