,Accuracy,F1 (micro),Mean KL,Mean JS,Mean PearsonCorr
Global,0.633984533984534,0.633984533984534,0.90887027317085,0.09503670147950627,0.6952549919932659
