ACC imiting Annotator,CE imiting Annotator
0.6518808708273509,0.7518133862175272
