ACC imiting Annotator,CE imiting Annotator
0.6722965559946197,0.6928857256194153
