,Accuracy,F1 (micro),Mean KL,Mean JS,Mean PearsonCorr,Average RMSE
Global,0.7732804232804232,0.7732804232804232,0.8630246358419755,0.11269634304907974,0.40237531670293275,0.14297446607324157
