,Accuracy,F1 (micro),Average KL,Average PearsonCorr,Average RMSE
Global,0.8990842490842489,0.8990842490842489,0.6537440380946632,0.39695482890909345,0.11877457504167757
