Groups,Prob,T(g),Entropy,Diag Mean,KL to I,I similar % (JS),Accuracy,F1 (micro)
0.0,0.3750314310193062,749.6,0.3582615092396736,0.7849635541439056,0.5175724371019571,0.8497732887730705,0.6375457875457874,0.6375457875457874
1.0,0.340520029515028,680.5,0.35549853593111036,0.7572853922843933,0.5525589067365172,0.8283742810968926,0.6378510378510377,0.6378510378510377
2.0,0.28444854021072385,568.35,0.3640064775943756,0.7353747949004174,0.59826658231492,0.8104657789373835,0.5989010989010988,0.5989010989010988
