,Accuracy,F1 (micro)
Global,0.7510378510378509,0.7510378510378509
