,Accuracy,F1 (micro),Average KL,Average PearsonCorr,Average RMSE
Global,0.6944037444037445,0.6944037444037445,0.668350397378746,0.3747128119308753,0.22224656771005558
