ACC imiting Annotator,CE imiting Annotator
0.661070172419483,0.759204391393151
