,Accuracy,F1 (micro)
Global,0.7214285714285716,0.7214285714285715
