,Accuracy,F1 (micro)
Global,0.6971306471306471,0.6971306471306471
