ACC imiting Annotator,CE imiting Annotator
0.6437556455987636,0.7227060056707173
