Groups,Prob,T(g),Entropy,Diag Mean,KL to I,I similar % (JS),Accuracy,F1 (micro)
0.0,0.334042963385582,667.65,0.37632980197668076,0.8072981253266335,0.4277842730903461,0.8748293458844227,0.7055555555555555,0.7055555555555555
1.0,0.3488300696015358,697.25,0.37037907391786573,0.7888825491070748,0.47954176688886535,0.8589819265159265,0.6881562881562879,0.6881562881562879
2.0,0.3171269647777081,633.75,0.3678248591721058,0.8140840247273445,0.41692122981218827,0.878691552228904,0.7574481074481075,0.7574481074481075
