,Accuracy,F1 (micro),Mean KL,Mean JS,Mean PearsonCorr
Global,0.5392144892144891,0.5392144892144891,0.24415582267036412,0.06825423354530644,0.9218120685962921
