,Accuracy,F1 (micro),Average KL,Average PearsonCorr
Global,0.8958892958892959,0.8958892958892959,0.01446749873259413,0.9896996751238254
