,Accuracy,F1 (micro)
Global,0.864896214896215,0.864896214896215
