ACC imiting Annotator,CE imiting Annotator
0.6145956855797715,0.8095581906260163
