,Accuracy,F1 (micro)
Global,0.6869963369963372,0.6869963369963372
