,Accuracy,F1 (micro),Average KL,Average PearsonCorr,Average RMSE
Global,0.8462555962555962,0.8462555962555962,0.6188637347547873,0.4797661843055482,0.09452156245731066
