,Accuracy,F1 (micro),Average KL,Average PearsonCorr
Global,0.7394383394383396,0.7394383394383396,0.818176939704769,0.35090002516301694
