,Accuracy,F1 (micro),Average KL,Average PearsonCorr,Average RMSE
Global,0.7143060643060644,0.7143060643060644,0.6171368292163254,0.39727184923105163,0.22137853708392158
