ACC imiting Annotator,CE imiting Annotator
0.6201561881643152,0.8629216402769089
