,Accuracy,F1 (micro),Average KL,Average PearsonCorr
Global,0.6361416361416362,0.6361416361416362,1.576838034035092,0.4007821860703721
