,Accuracy,F1 (micro),Mean KL,Mean JS,Mean PearsonCorr,Average RMSE
Global,0.7681115181115181,0.7681115181115181,0.566193480272944,0.08188763673204352,0.5169634930491387,0.07084187886182879
