,Accuracy,F1 (micro),Average KL,Average PearsonCorr,Average RMSE
Global,0.5973748473748474,0.5973748473748474,0.1651549951281638,0.8241541442506926,0.2164213214939556
