ACC imiting Annotator,CE imiting Annotator
0.6709105723790838,0.6957336736526945
