,Accuracy,F1 (micro),Mean KL,Mean JS,Mean PearsonCorr
Global,0.5392144892144891,0.5392144892144891,1.5371782079669687,0.13937789373108764,0.4419984345273889
