,Accuracy,F1 (micro),Mean KL,Mean JS,Mean PearsonCorr
Global,0.5990231990231992,0.5990231990231992,1.5961452867020192,0.1330027584892808,0.37590064342034923
