,Accuracy,F1 (micro)
Global,0.5635531135531135,0.5635531135531135
