,Accuracy,F1 (micro),Mean KL,Mean JS,Mean PearsonCorr
Global,0.9111721611721613,0.9111721611721613,0.025508826611244022,0.0034992085443369533,0.9081969785907205
