ACC imiting Annotator,CE imiting Annotator
0.6517274686264767,0.7731813604426907
