,Accuracy,F1 (micro),Average KL,Average PearsonCorr,Average RMSE
Global,0.8442409442409442,0.8442409442409444,0.7437786648247309,0.2994015669419936,0.19108886441860826
