,Accuracy,F1 (micro)
Global,0.854761904761905,0.854761904761905
