,Accuracy,F1 (micro),Mean KL,Mean JS,Mean PearsonCorr
Global,0.6164835164835165,0.6164835164835165,0.20977477798739738,0.05759047438336362,0.8523159551720687
