,Accuracy,F1 (micro),Average KL,Average PearsonCorr,Average RMSE
Global,0.697924297924298,0.697924297924298,0.015197461528365777,0.9063808355467534,0.09513354686148404
