,Accuracy,F1 (micro)
Global,0.6257631257631256,0.6257631257631256
