Groups,Prob,T(g),Entropy,Diag Mean,KL to I,I sim %(JS),Spammer,Accuracy,F1 (micro)
0.0,0.3851646617054939,37.95,0.40267627984285354,0.6496053971350193,0.9968640038715859,0.7309938548715522,0.31627206355333326,0.7074481074481075,0.7074481074481075
1.0,0.3544998176395893,34.95,0.3958508439362049,0.648651859164238,1.0620293369259055,0.7238639012496214,0.31531852702610197,0.7406593406593408,0.7406593406593408
2.0,0.2603355195373297,25.45,0.3440613567829132,0.6241554018110037,1.22351281059808,0.6876477448157161,0.29082205798476934,0.6976800976800976,0.6976800976800976
