,Accuracy,F1 (micro)
Global,0.9035409035409037,0.9035409035409037
