ACC imiting Annotator,CE imiting Annotator
0.6194388645949206,0.810395026255183
