ACC imiting Annotator,CE imiting Annotator
0.6525723850664472,0.7186580003487255
