Groups,Prob,T(g),Entropy,Diag Mean,KL to I,I similar % (JS),Accuracy,F1 (micro)
0.0,0.35248772501945497,34.8,0.3485918894410133,0.8505028069019318,0.18712200138992913,0.9133322234777259,0.7108058608058607,0.7108058608058607
1.0,0.3122820224612951,30.7,0.3515909120440483,0.8416262954473496,0.21667107889145668,0.9040680524402849,0.7035409035409035,0.7035409035409035
2.0,0.3352302575483918,33.05,0.36503729075193403,0.8500898629426956,0.18327651540569284,0.9142542886275166,0.6915750915750916,0.6915750915750916
