,Accuracy,F1 (micro),Mean KL,Mean JS,Mean PearsonCorr
Global,0.8956654456654457,0.8956654456654457,0.7111755182621443,0.032233463887704275,
