,Accuracy,F1 (micro),Mean KL,Mean JS,Mean PearsonCorr,Average RMSE
Global,0.7100732600732602,0.7100732600732602,0.8166147869130255,0.11773274911477465,0.3081732431042789,0.13960717282389756
