,Accuracy,F1 (micro)
Global,0.7460927960927962,0.7460927960927962
