,Accuracy,F1 (micro),Average KL,Average PearsonCorr
Global,0.9098901098901099,0.9098901098901099,0.7088467658586896,
