Groups,Prob,T(g),Entropy,Diag Mean,KL to I,I sim %(JS),Spammer,Accuracy,F1 (micro)
0.0,0.35868389531970024,716.95,0.2911009587347507,0.5687113974243403,1.6171109155070682,0.6305759026040627,0.2353780661476776,0.7195360195360195,0.7195360195360195
1.0,0.31575255542993547,631.05,0.27786731719970703,0.6763014074414968,1.2345926258243751,0.7316615330975169,0.3429680891335011,0.7692918192918192,0.7692918192918192
2.0,0.3255635466426611,650.7,0.33463785946369173,0.6762152049690485,1.0780124385346164,0.7436736414832867,0.3428818717453396,0.8559829059829062,0.8559829059829062
