,Accuracy,F1 (micro),Average KL,Average PearsonCorr
Global,0.5101343101343101,0.5101343101343101,0.25983989895387083,0.919773162394779
