,Accuracy,F1 (micro),Mean KL,Mean JS,Mean PearsonCorr,Average RMSE
Global,0.6838217338217337,0.6838217338217337,0.23689258963075915,0.06939920111912416,,0.2086133054787561
