Groups,Prob,T(g),Entropy,Diag Mean,KL to I,I similar % (JS),Accuracy,F1 (micro)
0.0,0.3359322063624859,33.05,0.289982820302248,0.7292077356949449,0.7089878098695381,0.783486816998831,0.742979242979243,0.742979242979243
1.0,0.3524538315832615,34.7,0.3142942890524864,0.7726633042097092,0.5183900036107096,0.8318252346520125,0.7799755799755801,0.7799755799755801
2.0,0.31161397099494936,30.7,0.2944910503923893,0.7946241647005081,0.47842421856321177,0.8459229748281164,0.8065934065934067,0.8065934065934067
