,Accuracy,F1 (micro),Average KL,Average PearsonCorr
Global,0.49474969474969466,0.49474969474969466,1.8816852409579874,0.4482048177137156
