,Accuracy,F1 (micro),Mean KL,Mean JS,Mean PearsonCorr
Global,0.6607041107041106,0.6607041107041106,0.874917440961946,0.08468075376227044,0.6866313439619616
