,Accuracy,F1 (micro),Average KL,Average PearsonCorr
Global,0.8964183964183967,0.8964183964183967,0.027367382535339053,0.9191049380943858
