,Accuracy,F1 (micro)
Global,0.6278998778998778,0.6278998778998778
