,Accuracy,F1 (micro)
Global,0.49774114774114775,0.49774114774114775
