Groups,Prob,T(g),Entropy,Diag Mean,KL to I,I sim %(JS),Spammer,Accuracy,F1 (micro)
0.0,0.3121132872998714,3120.45,0.4694234549999237,0.5496310066431761,1.6316070860380152,0.6458376460123773,0.21629767853301018,0.6391941391941391,0.6391941391941391
1.0,0.3405925452709198,3405.25,0.46033672988414764,0.5525057252496481,1.6258108793701596,0.6463443493701642,0.2191723938420182,0.6732600732600733,0.6732600732600733
2.0,0.3472941659390926,3472.4,0.46009171605110166,0.5315913636237383,1.6825628036988534,0.6285752653456971,0.19825801993720232,0.6372405372405372,0.6372405372405372
