ACC imiting Annotator,CE imiting Annotator
0.689048164215517,0.721301570692227
