,Accuracy,F1 (micro),Mean KL,Mean JS,Mean PearsonCorr
Global,0.6002238502238502,0.6002238502238502,1.430737555651168,0.1447382553627286,0.34435840598908
