,Accuracy,F1 (micro),Average KL,Average PearsonCorr
Global,0.6759869759869761,0.6759869759869761,0.9818086452502606,0.4187924835700064
