ACC imiting Annotator,CE imiting Annotator
0.6537543279151301,0.7208652424464687
