ACC imiting Annotator,CE imiting Annotator
0.6170110083724338,0.8022093316778278
