,Accuracy,F1 (micro)
Global,0.5570818070818072,0.5570818070818072
