,Accuracy,F1 (micro),Mean KL,Mean JS,Mean PearsonCorr
Global,0.46847781847781855,0.46847781847781855,0.2422666668056102,0.06780035181866864,0.907250839747664
