,Accuracy,F1 (micro)
Global,0.9085470085470086,0.9085470085470086
