,Accuracy,F1 (micro)
Global,0.8437118437118439,0.8437118437118439
