ACC imiting Annotator,CE imiting Annotator
0.6358739508042637,0.7837842503282413
