Groups,Prob,T(g),Entropy,Diag Mean,KL to I,I similar % (JS),Accuracy,F1 (micro)
0.0,0.36353545933961867,35.85,0.2954718366265297,0.7210234820842742,0.9511725596430652,0.771650531958798,0.681013431013431,0.6810134310134309
1.0,0.3256951004266739,32.15,0.3259898111224174,0.6666588917374611,1.0256537104721926,0.7317591301633184,0.6119658119658118,0.6119658119658118
2.0,0.31076944088563324,30.6,0.3726096458733082,0.7484627291560173,0.6330046028947834,0.8164964928877213,0.6986568986568985,0.6986568986568985
