,Accuracy,F1 (micro)
Global,0.713919413919414,0.713919413919414
