,Accuracy,F1 (micro),Average KL,Average PearsonCorr
Global,0.8002645502645503,0.8002645502645501,0.8961951523769709,
