Groups,Prob,T(g),Entropy,Diag Mean,KL to I,I sim %(JS),Spammer,Accuracy,F1 (micro)
0.0,0.37724009044468404,37.2,0.3417633708566427,0.7293559983372688,0.6052415549051317,0.802704144637026,0.396022666990757,0.7144078144078145,0.7144078144078145
1.0,0.3635740950703621,35.8,0.2896202802658081,0.7420893855392933,0.7329734675696736,0.7975542268538554,0.4087560694664717,0.7665445665445665,0.7665445665445665
2.0,0.25918581187725065,25.35,0.2804989475756884,0.7264840276911855,0.7430949948032753,0.7813153271381953,0.39315068898722527,0.6964590964590964,0.6964590964590964
