,Accuracy,F1 (micro),Average KL,Average PearsonCorr,Average RMSE
Global,0.8431623931623932,0.8431623931623932,0.5194554188346301,0.4106194938409142,0.08842043979590215
