Groups,Prob,T(g),Entropy,Diag Mean,KL to I,I similar % (JS),Accuracy,F1 (micro)
0.0,0.3217149950563908,643.0,0.23016876056790353,0.7642172142863274,0.7468659045615386,0.8045703855433878,0.7003052503052503,0.7003052503052503
1.0,0.260236594080925,520.0,0.2616862077265978,0.8590864032506943,0.2883301684677547,0.902017578460048,0.8085470085470087,0.8085470085470087
2.0,0.41804840564727785,835.45,0.22278535645455122,0.9024869710206985,0.17423727356154117,0.9362469337155581,0.8623321123321125,0.8623321123321125
