Groups,Prob,T(g),Entropy,Diag Mean,KL to I,I sim %(JS),Spammer,Accuracy,F1 (micro)
0.0,0.3463779348880053,34.05,0.3568821996450424,0.7032963126897812,0.7656952017468143,0.777737616343658,0.36996297116857024,0.6894993894993894,0.6894993894993893
1.0,0.2915693685412407,28.6,0.3546606324613094,0.7370736185461283,0.6948937472166866,0.8050531536587705,0.4037402829155326,0.7137973137973139,0.7137973137973139
2.0,0.3620526993647218,35.75,0.3369396697729826,0.7235328823328018,0.7245457106219375,0.7926489269989154,0.3901995547115803,0.783882783882784,0.783882783882784
