,Accuracy,F1 (micro)
Global,0.6842490842490844,0.6842490842490844
