,Accuracy,F1 (micro)
Global,0.6021978021978021,0.6021978021978021
