,Accuracy,F1 (micro)
Global,0.5226495726495726,0.5226495726495726
