ACC imiting Annotator,CE imiting Annotator
0.6137998485260617,0.8289284246422275
