,Accuracy,F1 (micro)
Global,0.8534188034188036,0.8534188034188036
