,Accuracy,F1 (micro),Average KL,Average PearsonCorr
Global,0.5485551485551485,0.5485551485551485,0.21273070923114945,0.8781814354383807
