,Accuracy,F1 (micro)
Global,0.6502442002442002,0.6502442002442002
