ACC imiting Annotator,CE imiting Annotator
0.6036960783482543,0.8128219212464174
