,Accuracy,F1 (micro),Average KL,Average PearsonCorr
Global,0.6361416361416362,0.6361416361416362,0.8655179238053703,0.6851073407490469
