,Accuracy,F1 (micro)
Global,0.6654456654456653,0.6654456654456653
