ACC imiting Annotator,CE imiting Annotator
0.6508296613339841,0.7237921896588302
