,Accuracy,F1 (micro),Average KL,Average PearsonCorr
Global,0.6571428571428571,0.6571428571428571,0.8910258375534781,0.649458040555067
