ACC imiting Annotator,CE imiting Annotator
0.6374657842166098,0.8914234590344213
