,Accuracy,F1 (micro)
Global,0.5266178266178267,0.5266178266178267
