,Accuracy,F1 (micro)
Global,0.9321733821733822,0.9321733821733822
