,Accuracy,F1 (micro)
Global,0.7033577533577534,0.7033577533577534
