ACC imiting Annotator,CE imiting Annotator
0.6679916280685025,0.7490138148995108
