,Accuracy,F1 (micro)
Global,0.5594627594627595,0.5594627594627595
