Groups,Prob,T(g),Entropy,Diag Mean,KL to I,I similar % (JS),Accuracy,F1 (micro)
0.0,0.35537793189287187,35.0,0.2210213877260685,0.8139829993247986,0.4875536013758852,0.8537409826494203,0.708913308913309,0.708913308913309
1.0,0.337502209097147,33.15,0.22036532014608384,0.7794964462518692,0.6337241454795548,0.8209672680335574,0.6351037851037848,0.6351037851037848
2.0,0.3071198617108166,30.25,0.27618408016860485,0.8888213515281678,0.17092642988118287,0.9323892274695235,0.7341880341880344,0.7341880341880344
