,Accuracy,F1 (micro),Average KL,Average PearsonCorr,Average RMSE
Global,0.797761497761498,0.797761497761498,0.45822697761044917,0.4665635851611188,0.08376621310908262
