Groups,Prob,T(g),Entropy,Diag Mean,KL to I,I similar % (JS),Accuracy,F1 (micro)
0.0,0.37958460245281456,37.3,0.31911837942898275,0.808174553513527,0.4784974593061791,0.8647992654711795,0.726007326007326,0.726007326007326
1.0,0.2860767424106598,28.15,0.3487149443477392,0.8077938199043274,0.44657412279888903,0.867744984658225,0.7931623931623932,0.7931623931623932
2.0,0.33433865904808047,32.9,0.29219888225197793,0.8147759914398194,0.49261136628457003,0.866173748889195,0.7571428571428572,0.7571428571428572
