,Accuracy,F1 (micro)
Global,0.6985347985347985,0.6985347985347985
