,Accuracy,F1 (micro),Mean KL,Mean JS,Mean PearsonCorr,Average RMSE
Global,0.6407610907610908,0.6407610907610908,0.780708344772709,0.10973272059401044,0.3601657643830429,0.21878262976079532
