,Accuracy,F1 (micro),Average KL,Average PearsonCorr,Average RMSE
Global,0.7535816035816036,0.7535816035816036,0.6840336577322765,0.4855198802756571,0.1814152041788831
