,Accuracy,F1 (micro),Mean KL,Mean JS,Mean PearsonCorr,Average RMSE
Global,0.6653642653642653,0.6653642653642653,0.9394900023868227,0.13393410078049045,0.36296938645235816,0.11431616052296349
