,Accuracy,F1 (micro)
Global,0.6857753357753356,0.6857753357753356
