,Accuracy,F1 (micro),Average KL,Average PearsonCorr
Global,0.5485551485551485,0.5485551485551485,1.58169216284006,0.5947775501538619
