,Accuracy,F1 (micro),Average KL,Average PearsonCorr
Global,0.6135938135938136,0.6135938135938136,0.32865079490772364,0.8337300497721254
