,Accuracy,F1 (micro),Average KL,Average PearsonCorr,Average RMSE
Global,0.8659747659747661,0.8659747659747661,0.6999916650665245,0.4028749193459766,0.1489300283233357
