,Accuracy,F1 (micro)
Global,0.876862026862027,0.876862026862027
