ACC imiting Annotator,CE imiting Annotator
0.6655519166232848,0.7597695371162947
