,Accuracy,F1 (micro),Average KL,Average PearsonCorr
Global,0.5749491249491249,0.5749491249491249,0.31223468872923404,0.8080699075427964
