ACC imiting Annotator,CE imiting Annotator
0.6566717701809561,0.7438617055806813
