,Accuracy,F1 (micro),Average KL,Average PearsonCorr
Global,0.9204314204314207,0.9204314204314207,2.1697014421625807,
