,Accuracy,F1 (micro),Average KL,Average PearsonCorr,Average RMSE
Global,0.8715506715506715,0.8715506715506715,0.5703428238008463,0.43160551779639905,0.09200967240798377
