Groups,Prob,T(g),Entropy,Diag Mean,KL to I,I similar % (JS),Accuracy,F1 (micro)
0.0,0.3635281704366207,726.55,0.2708898950368166,0.868037074804306,0.19827238854023616,0.9167272098266193,0.6302197802197801,0.6302197802197801
1.0,0.3461759932339191,691.85,0.30124334469437597,0.7830483019351959,0.4535451042970441,0.8425666530241328,0.631196581196581,0.631196581196581
2.0,0.29029582589864733,580.05,0.31059193387627604,0.776778706908226,0.4308634818686287,0.8400625701219019,0.5974358974358973,0.5974358974358973
