,Accuracy,F1 (micro),Average KL,Average PearsonCorr,Average RMSE
Global,0.6687220187220188,0.6687220187220188,0.6046995583474808,0.639667293164375,0.18170010971741407
