,Accuracy,F1 (micro),Mean KL,Mean JS,Mean PearsonCorr,Average RMSE
Global,0.6874236874236874,0.6874236874236874,0.7158718658864954,0.09924286496742477,0.40702404210340354,0.21594696846643363
