,Accuracy,F1 (micro)
Global,0.6750915750915749,0.6750915750915749
