ACC imiting Annotator,CE imiting Annotator
0.6317929107490832,0.7897385209113585
