,Accuracy,F1 (micro),Average KL,Average PearsonCorr
Global,0.47547822547822544,0.47547822547822544,0.3134494215497833,0.826487500183266
