,Accuracy,F1 (micro)
Global,0.9280219780219781,0.9280219780219781
