,Accuracy,F1 (micro)
Global,0.725152625152625,0.725152625152625
