,Accuracy,F1 (micro),Average KL,Average PearsonCorr,Average RMSE
Global,0.8515669515669517,0.8515669515669517,0.6448084149103473,0.3442544055230125,0.14689718339171973
