,Accuracy,F1 (micro),Average KL,Average PearsonCorr,Average RMSE
Global,0.7345746845746846,0.7345746845746846,0.03371277583203326,0.9735665418445152,0.19071705835554695
