,Accuracy,F1 (micro)
Global,0.4935897435897435,0.4935897435897436
