Groups,Prob,T(g),Entropy,Diag Mean,KL to I,I similar % (JS),Accuracy,F1 (micro)
0.0,0.337552997469902,3374.8,0.31432261429727076,0.8644365191459655,0.17056524218376337,0.9212800532323222,0.669169719169719,0.669169719169719
1.0,0.35482281595468523,3547.45,0.21850555650889875,0.9337386012077331,0.0716350494940087,0.9649979388994507,0.7374236874236874,0.7374236874236874
2.0,0.3076241835951805,3075.4,0.28857902735471724,0.8871454507112503,0.14138878785446302,0.9351129750069805,0.6874847374847375,0.6874847374847375
