,Accuracy,F1 (micro)
Global,0.8481074481074483,0.8481074481074483
