Groups,Prob,T(g),Entropy,Diag Mean,KL to I,I sim %(JS),Spammer,Accuracy,F1 (micro)
0.0,0.2798831298947334,2798.2,0.36423817574977874,0.7381661020219326,0.713096046631888,0.8074959714392607,0.40483277197927237,0.6740537240537241,0.6740537240537241
1.0,0.3452842034399509,3452.15,0.35553327649831773,0.7128742780536413,0.8955177241336637,0.7814983777060519,0.37954094633460045,0.7185592185592186,0.7185592185592186
2.0,0.37483266592025755,3747.65,0.3726505286991596,0.678934314288199,1.0125888053403664,0.7537362794614222,0.3456009864807129,0.6772283272283273,0.6772283272283273
