Groups,Prob,T(g),Entropy,Diag Mean,KL to I,I similar % (JS),Accuracy,F1 (micro)
0.0,0.3405612431466579,680.6,0.2882786590605974,0.8908263504505157,0.13309689442951145,0.937877038390851,0.7329670329670328,0.7329670329670328
1.0,0.3440136559307575,687.5,0.31761935353279114,0.8466284453868866,0.2184001123848812,0.9050130866178077,0.6968864468864469,0.6968864468864469
2.0,0.3154251053929329,630.3,0.31592827551066877,0.8735839128494263,0.15553439049239323,0.9275016292848562,0.7021367521367522,0.7021367521367522
