,Accuracy,F1 (micro)
Global,0.6077533577533578,0.6077533577533578
