,Accuracy,F1 (micro),Average KL,Average PearsonCorr,Average RMSE
Global,0.8360602360602358,0.8360602360602358,0.6372502051123856,0.32174171408575053,0.1948770234243828
