,Accuracy,F1 (micro),Average KL,Average PearsonCorr,Average RMSE
Global,0.7099511599511599,0.7099511599511599,0.7752457576081,0.39102889474668784,0.1843796794163442
