,Accuracy,F1 (micro),Average KL,Average PearsonCorr,Average RMSE
Global,0.86001221001221,0.86001221001221,0.45077421321687866,0.5378926139830952,0.07148973136740969
