,Accuracy,F1 (micro)
Global,0.5616605616605616,0.5616605616605616
