,Accuracy,F1 (micro)
Global,0.6666056166056166,0.6666056166056166
