ACC imiting Annotator,CE imiting Annotator
0.6333068990292727,0.7923945145030473
