Groups,Prob,T(g),Entropy,Diag Mean,KL to I,I similar % (JS),Accuracy,F1 (micro)
0.0,0.3530682593584061,34.8,0.43347365260124204,0.7908251017332077,0.4320538504644705,0.8670889103102966,0.6832722832722831,0.6832722832722831
1.0,0.3105702068656683,30.6,0.44190773665905,0.7790885582566262,0.4537013559367546,0.8583027212186488,0.6537851037851036,0.6537851037851036
2.0,0.3363615296781063,33.1,0.44489738196134565,0.7797866314649582,0.4037633163626054,0.8595761445823644,0.651221001221001,0.651221001221001
