,Accuracy,F1 (micro),Average KL,Average PearsonCorr
Global,0.551994301994302,0.551994301994302,0.9169620461824023,0.697214346367486
