ACC imiting Annotator,CE imiting Annotator
0.6740443933690414,0.7360285220370395
