,Accuracy,F1 (micro),Average KL,Average PearsonCorr
Global,0.49474969474969466,0.49474969474969466,0.23557980444838847,0.9168752803481774
