,Accuracy,F1 (micro),Average KL,Average PearsonCorr
Global,0.5749491249491249,0.5749491249491249,2.447138905333344,0.44151265526004674
