,Accuracy,F1 (micro)
Global,0.8127594627594629,0.8127594627594629
