,Accuracy,F1 (micro)
Global,0.7663614163614164,0.7663614163614164
