,Accuracy,F1 (micro),Mean KL,Mean JS,Mean PearsonCorr,Average RMSE
Global,0.6202075702075701,0.6202075702075701,0.6683145127372845,0.1008337531901629,0.5117546034345978,0.08280204185047343
