,Accuracy,F1 (micro)
Global,0.5326007326007326,0.5326007326007326
