,Accuracy,F1 (micro),Average KL,Average PearsonCorr
Global,0.9168091168091168,0.9168091168091168,0.01140540571644595,0.9892524092525419
