,Accuracy,F1 (micro),Mean KL,Mean JS,Mean PearsonCorr
Global,0.633984533984534,0.633984533984534,1.8189917034851164,0.136991601854409,0.4006708750017321
