,Accuracy,F1 (micro),Average KL,Average PearsonCorr
Global,0.5660765160765161,0.5660765160765161,0.2491693875762325,0.9500523210539902
