,Accuracy,F1 (micro),Mean KL,Mean JS,Mean PearsonCorr
Global,0.6578347578347579,0.6578347578347579,1.6510845770745064,0.10911682912265086,0.711935415007553
