,Accuracy,F1 (micro),Average KL,Average PearsonCorr,Average RMSE
Global,0.6686609686609686,0.6686609686609686,0.9102412493144145,0.4991267121218181,0.20335289290800143
