,Accuracy,F1 (micro)
Global,0.5791208791208791,0.5791208791208791
