ACC imiting Annotator,CE imiting Annotator
0.6484947640388149,0.7850818736686491
