,Accuracy,F1 (micro)
Global,0.6547008547008546,0.6547008547008546
