,Accuracy,F1 (micro)
Global,0.7803418803418805,0.7803418803418805
