ACC imiting Annotator,CE imiting Annotator
0.6178192148123031,0.8145162876103516
