,Accuracy,F1 (micro),Average KL,Average PearsonCorr
Global,0.6135938135938136,0.6135938135938136,2.0549644710604418,0.36795676658927007
