,Accuracy,F1 (micro)
Global,0.8556776556776559,0.8556776556776559
