,Accuracy,F1 (micro),Average KL,Average PearsonCorr
Global,0.47547822547822544,0.47547822547822544,2.0071697211459365,0.38420391616167837
