Groups,Prob,T(g),Entropy,Diag Mean,KL to I,I similar % (JS),Accuracy,F1 (micro)
0.0,0.23083183281123637,461.1,0.3300910238176584,0.7535257458686828,0.7460867816949027,0.8122632768570955,0.6205128205128204,0.6205128205128204
1.0,0.4456008940935135,890.75,0.20568727590143682,0.676259733736515,1.2893932793645657,0.7131442104156591,0.668009768009768,0.668009768009768
2.0,0.3235672667622566,646.6,0.23920402452349662,0.7769639246165753,0.7511892278329637,0.8203089000131369,0.6787545787545788,0.6787545787545788
