,Accuracy,F1 (micro),Mean KL,Mean JS,Mean PearsonCorr,Average RMSE
Global,0.7458485958485959,0.7458485958485959,0.9419967113388734,0.12179828989542282,0.27722769508537426,0.18055621547183465
