,Accuracy,F1 (micro),Mean KL,Mean JS,Mean PearsonCorr,Average RMSE
Global,0.5466625966625968,0.5466625966625968,1.1072080596845049,0.15015651533800306,0.3148234250680967,0.21439799615685326
