,Accuracy,F1 (micro),Mean KL,Mean JS,Mean PearsonCorr
Global,0.6755596255596257,0.6755596255596257,1.218823635725054,0.13207159203467483,0.38366401805297545
