ACC imiting Annotator,CE imiting Annotator
0.6566419893562199,0.7251586749116752
