Groups,Prob,T(g),Entropy,Diag Mean,KL to I,I sim %(JS),Spammer,Accuracy,F1 (micro)
0.0,0.3196518622338772,31.55,0.481267848610878,0.568782989680767,1.10148347009174,0.6810419195450736,0.23544965940527618,0.6766178266178265,0.6766178266178265
1.0,0.3685478001832962,36.25,0.4758741855621338,0.5713050618767739,1.1516224507700372,0.6827811689382502,0.23797171525657176,0.6662393162393162,0.6662393162393162
2.0,0.31180033311247823,30.65,0.49167159497737883,0.5856907084584236,1.0643398659811445,0.696104437098922,0.2523573765123729,0.6942612942612943,0.6942612942612943
