,Accuracy,F1 (micro)
Global,0.7832722832722835,0.7832722832722834
