,Accuracy,F1 (micro),Average KL,Average PearsonCorr
Global,0.6571428571428571,0.6571428571428571,0.16532465552535772,0.8984550583958862
