ACC imiting Annotator,CE imiting Annotator
0.6553752825474306,0.7479356157273715
