Groups,Prob,T(g),Entropy,Diag Mean,KL to I,I similar % (JS),Accuracy,F1 (micro)
0.0,0.3132466733455658,30.85,0.2985695000737906,0.7505454838275909,0.6980856249954968,0.8067999188846556,0.6935897435897436,0.6935897435897436
1.0,0.29512116983532904,29.0,0.2801554512232542,0.8275570750236512,0.49566532047468465,0.8711207365749407,0.7916971916971918,0.7916971916971918
2.0,0.39163215830922127,38.65,0.27640166133642197,0.8514180645346642,0.38520828855692674,0.896776174896633,0.8576312576312578,0.8576312576312579
