,Accuracy,F1 (micro),Average KL,Average PearsonCorr,Average RMSE
Global,0.5580179080179081,0.5580179080179081,0.23829930951007125,,0.21496056970655308
