ACC imiting Annotator,CE imiting Annotator
0.6106742251347008,0.8069013174708173
