,Accuracy,F1 (micro)
Global,0.8271062271062274,0.8271062271062274
