,Accuracy,F1 (micro),Average KL,Average PearsonCorr
Global,0.551994301994302,0.551994301994302,2.1973032061992455,0.35953839527601267
