,Accuracy,F1 (micro)
Global,0.8057997557997559,0.8057997557997559
