Groups,Prob,T(g),Entropy,Diag Mean,KL to I,I sim %(JS),Spammer,Accuracy,F1 (micro)
0.0,0.3226712912321091,644.8,0.3775598771870136,0.6522455049678684,1.0821924917014116,0.7283059807882497,0.3189121723175049,0.7027472527472526,0.7027472527472526
1.0,0.33009467646479607,659.75,0.36087785437703135,0.7079927731305361,0.8998400433902137,0.7770703080495485,0.3746594537049532,0.7404761904761906,0.7404761904761906
2.0,0.34723402187228203,693.85,0.3548681516200304,0.6844160821288824,0.9619474785761796,0.7573777873385645,0.35108275287784635,0.7340659340659339,0.7340659340659339
