ACC imiting Annotator,CE imiting Annotator
0.6622128186547143,0.8020403173809495
