,Accuracy,F1 (micro),Average KL,Average PearsonCorr
Global,0.7394383394383396,0.7394383394383396,0.1776486343857912,0.9597896027449909
