,Accuracy,F1 (micro)
Global,0.7269230769230769,0.7269230769230769
