,Accuracy,F1 (micro),Average KL,Average PearsonCorr,Average RMSE
Global,0.8441595441595441,0.8441595441595441,0.6447295453345409,0.39832585238963003,0.057599133541962645
