Groups,Prob,T(g),Entropy,Diag Mean,KL to I,I sim %(JS),Spammer,Accuracy,F1 (micro)
0.0,0.3325092997401953,32.75,0.3179126024246216,0.7185352647677063,0.801070824222295,0.7773654131410033,0.3852019339799881,0.7040903540903541,0.7040903540903541
1.0,0.24401428923010826,23.9,0.2960028924047947,0.8111572839319706,0.48997719110444454,0.8620704620652744,0.47782395482063295,0.7529304029304029,0.7529304029304029
2.0,0.4234764099121094,41.85,0.30430574864149096,0.8112576147075743,0.5432119410112335,0.8648112679177355,0.47792427726089953,0.7927350427350428,0.7927350427350428
