ACC imiting Annotator,CE imiting Annotator
0.6368233411655803,0.850365320963758
