ACC imiting Annotator,CE imiting Annotator
0.6634983135518242,0.699881480737958
