,Accuracy,F1 (micro),Average KL,Average PearsonCorr
Global,0.6759869759869761,0.6759869759869761,0.23614343476187663,0.8394395702244344
