,Accuracy,F1 (micro)
Global,0.9216727716727717,0.9216727716727717
