ACC imiting Annotator,CE imiting Annotator
0.6560277311624986,0.7643259793519974
