,Accuracy,F1 (micro),Average KL,Average PearsonCorr,Average RMSE
Global,0.7045177045177045,0.7045177045177045,0.01733810377160084,0.98854033474167,0.12644855802124502
