,Accuracy,F1 (micro),Average KL,Average PearsonCorr
Global,0.5660765160765161,0.5660765160765161,1.8139507429366772,0.3113760099542736
