,Accuracy,F1 (micro)
Global,0.7111721611721611,0.7111721611721611
