,Accuracy,F1 (micro),Average KL,Average PearsonCorr,Average RMSE
Global,0.8179283679283678,0.8179283679283678,0.6679453080070703,0.3213441204288332,0.15196752589801346
