Groups,Prob,T(g),Entropy,Diag Mean,KL to I,I similar % (JS),Accuracy,F1 (micro)
0.0,0.38913730084896087,38.4,0.26820051819086077,0.8228522017598152,0.43123074592998123,0.869030716793673,0.7172161172161172,0.7172161172161172
1.0,0.35338110066950323,34.8,0.2599468294531107,0.7723474517464638,0.5833936528503533,0.8197731311088063,0.6796703296703297,0.6796703296703297
2.0,0.2574816044420004,25.2,0.3230200745165348,0.7743936449289321,0.5523472652208012,0.8333837892461474,0.663064713064713,0.663064713064713
