,Accuracy,F1 (micro)
Global,0.6721001221001223,0.6721001221001222
