ACC imiting Annotator,CE imiting Annotator
0.6205536515240805,0.7950871082047466
