Groups,Prob,T(g),Entropy,Diag Mean,KL to I,I sim %(JS),Spammer,Accuracy,F1 (micro)
0.0,0.31808630004525185,635.75,0.43213851749897003,0.6410566210746765,1.0077213846067141,0.7324158923350931,0.3077232870971784,0.6884615384615382,0.6884615384615382
1.0,0.34581278562545775,691.15,0.43958982825279236,0.6378785587847233,1.0295554273907095,0.7307283496715126,0.3045452203892637,0.7223443223443222,0.7223443223443222
2.0,0.33610092028975486,671.65,0.4235658675432205,0.6327956415712833,1.0420053047733224,0.7234613178070656,0.29946229555644094,0.7271672771672772,0.7271672771672772
