Groups,Prob,T(g),Entropy,Diag Mean,KL to I,I similar % (JS),Accuracy,F1 (micro)
0.0,0.33308205790817735,32.8,0.2434883764013648,0.81191266477108,0.4542602209360124,0.8551961599663876,0.7397435897435898,0.7397435897435898
1.0,0.35655336305499075,35.1,0.26734253875911235,0.8348156481981277,0.3736692170751589,0.8797565986362912,0.7725885225885227,0.7725885225885227
2.0,0.31036457531154155,30.55,0.28041525557637215,0.8490075528621673,0.29570776015430417,0.8962296896639701,0.7853479853479853,0.7853479853479853
