,Accuracy,F1 (micro)
Global,0.9369149369149369,0.936914936914937
