,Accuracy,F1 (micro),Mean KL,Mean JS,Wmean KL,Wmean JS
Global,0.7538461538461539,0.7538461538461538,0.5043524623750018,0.13800716196768054,0.5045062476225872,0.13776039582080338
