,Accuracy,F1 (micro),Mean KL,Mean JS,Wmean KL,Wmean JS,Mean RMSE,Wmean RMSE
Global,0.9221204721204721,0.9221204721204721,0.013574618242162143,0.005425782731272104,0.013546029476766483,0.005412242947687751,0.1014875304028123,0.10036362905818064
