,Accuracy,F1 (micro)
Global,0.6973137973137973,0.6973137973137971
