,Accuracy,F1 (micro)
Global,0.856776556776557,0.856776556776557
