,Accuracy,F1 (micro)
Global,0.7531746031746032,0.753174603174603
