,Accuracy,F1 (micro)
Global,0.773931623931624,0.773931623931624
