Mean ACC imiting Annot,Mean cross-entropy,Wmean ACC imiting Annot,wMean cross entropy
0.6765866340916575,0.850900587439537,0.6703697723235911,0.8514327391141139
