,Accuracy,F1 (micro)
Global,0.9401709401709402,0.9401709401709402
