Mean ACC imiting Annot,Mean cross-entropy,Wmean ACC imiting Annot,wMean cross entropy
0.8068969218571423,0.8280297577381134,0.7836005296394377,0.8223514072260695
