,Accuracy,F1 (micro)
Global,0.6722222222222222,0.6722222222222223
