,Accuracy,F1 (micro)
Global,0.94004884004884,0.94004884004884
