Mean ACC imiting Annot,Mean cross-entropy,Wmean ACC imiting Annot,wMean cross entropy
0.6225686973837528,0.7664986021062172,0.6225241570514128,0.7669606255724043
