,Accuracy,F1 (micro)
Global,0.9103174603174604,0.9103174603174604
