,Accuracy,F1 (micro),Mean KL,Mean JS,Wmean KL,Wmean JS
Global,0.5383801383801383,0.5383801383801383,2.1399775942801824,0.20167191121952252,2.1403447941097067,0.2017865204259867
