,Accuracy,F1 (micro)
Global,0.9356939356939357,0.9356939356939357
