,Accuracy,F1 (micro),Mean KL,Mean JS,Wmean KL,Wmean JS,Mean RMSE,Wmean RMSE
Global,0.9119047619047619,0.9119047619047619,0.21290751901966926,0.09011424912980977,0.20187671010241068,0.08558961783007177,0.13704651604863968,0.1368263228754437
