,Accuracy,F1 (micro),Mean KL,Mean JS,Wmean KL,Wmean JS,Mean RMSE,Wmean RMSE
Global,0.8773707773707775,0.8773707773707775,0.6458646123114405,0.13451558790843823,0.6538274648463348,0.13505592334741312,0.17434215145813398,0.17215943861939537
