,Accuracy,F1 (micro)
Global,0.7195970695970695,0.7195970695970695
