,Accuracy,F1 (micro)
Global,0.863858363858364,0.863858363858364
