,Accuracy,F1 (micro)
Global,0.6603174603174602,0.6603174603174602
