,Accuracy,F1 (micro)
Global,0.9377899877899878,0.9377899877899878
