Mean ACC imiting Annot,Mean cross-entropy,Wmean ACC imiting Annot,wMean cross entropy
0.749087649628821,0.7656753450632096,0.74602986779827,0.7617794814917073
