,Accuracy,F1 (micro)
Global,0.9385429385429386,0.9385429385429386
