,Accuracy,F1 (micro)
Global,0.655067155067155,0.655067155067155
