,Accuracy,F1 (micro),Mean KL,Mean JS,Wmean KL,Wmean JS
Global,0.6286324786324787,0.6286324786324787,1.5016572278355529,0.13513591455531182,1.497493833854016,0.13478319791681917
