,Accuracy,F1 (micro),Mean KL,Mean JS,Wmean KL,Wmean JS,Mean RMSE,Wmean RMSE
Global,0.7389092389092389,0.7389092389092389,0.26248856978015456,0.10935080587869672,0.2526605282074707,0.10521420777152388,0.12755344058229073,0.12636486045372938
