,Accuracy,F1 (micro)
Global,0.6076312576312575,0.6076312576312575
