,Accuracy,F1 (micro)
Global,0.9385225885225885,0.9385225885225885
