,Accuracy,F1 (micro)
Global,0.8849206349206351,0.8849206349206351
