,Accuracy,F1 (micro),Mean KL,Mean JS,Wmean KL,Wmean JS,Mean RMSE,Wmean RMSE
Global,0.9103581603581604,0.9103581603581604,0.017101803622493514,0.007367826912316325,0.01701931351985964,0.007334412203811896,0.10470630751606566,0.1051229257552901
