,Accuracy,F1 (micro),Mean KL,Mean JS,Wmean KL,Wmean JS,Mean RMSE,Wmean RMSE
Global,0.861803011803012,0.861803011803012,0.6899951096099086,0.14256309426752234,0.6969652000884168,0.14320332554047357,0.190206180578755,0.18933473276279666
