,Accuracy,F1 (micro),Mean KL,Mean JS,Wmean KL,Wmean JS,Mean RMSE,Wmean RMSE
Global,0.6946479446479447,0.6946479446479447,0.7439849245202559,0.15948368376133834,0.7541083330850523,0.15979587012787755,0.14991378063587002,0.14901052717480007
