,Accuracy,F1 (micro),Mean KL,Mean JS,Wmean KL,Wmean JS
Global,0.9215506715506715,0.9215506715506715,1.9696142774282002,0.11549913285361794,1.7870015755586948,0.10508627019985226
