,Accuracy,F1 (micro)
Global,0.7498778998778999,0.7498778998778999
