,Accuracy,F1 (micro)
Global,0.9202075702075703,0.9202075702075703
