Groups,Prob,T(g),Entropy,Diag Mean,KL to I,I sim %(JS),Spammer,Accuracy,F1 (micro)
0.0,0.41323312669992446,4096.3,0.24333971813321115,0.8458442822098732,0.39101272280766936,0.8435188398559351,0.7687664095312357,0.7436507936507937,0.7436507936507937
1.0,0.2506328321993351,2484.35,0.3335393376648426,0.5303183376789093,1.4228810540983645,0.43368980567193527,0.2954775087535381,0.42393162393162387,0.42393162393162387
2.0,0.3361340343952179,3332.0,0.17715920321643353,0.6048297064378858,1.4451646895933201,0.48611690245099554,0.4072445645928383,0.6384004884004881,0.6384004884004881
