,Accuracy,F1 (micro),Mean KL,Mean JS,Wmean KL,Wmean JS
Global,0.685002035002035,0.685002035002035,0.9744355175443167,0.17690842839267457,0.9697324480092853,0.17659185716226306
