,Accuracy,F1 (micro)
Global,0.654090354090354,0.654090354090354
