Mean ACC imiting Annot,Mean cross-entropy,Wmean ACC imiting Annot,wMean cross entropy
0.717625734156928,0.6648194164037704,0.7173788070289887,0.665092222486728
