Mean ACC imiting Annot,Mean cross-entropy,Wmean ACC imiting Annot,wMean cross entropy
0.6334120209559561,0.8101315975189209,0.6334799903567985,0.8103935014409211
