,Accuracy,F1 (micro),Mean KL,Mean JS,Wmean KL,Wmean JS,Mean RMSE,Wmean RMSE
Global,0.8543142043142045,0.8543142043142045,0.9173055803651812,0.16442937305818278,0.9194531583024357,0.16478019902796456,0.1767457802942669,0.17711547733847635
