,Accuracy,F1 (micro)
Global,0.7142857142857141,0.7142857142857141
