Groups,Prob,T(g),Entropy,Diag Mean,KL to I,I sim %(JS),Spammer,Accuracy,F1 (micro)
0.0,0.48328441232442854,966.0,0.178473624587059,0.9109328061342239,0.25010443608844735,0.9068912957362747,0.8663992086891085,0.8456654456654459,0.8456654456654459
1.0,0.2873053625226021,574.2,0.20640527345240117,0.6406563334167004,1.2035472192498988,0.5436239343430842,0.46098451167345045,0.6335775335775333,0.6335775335775333
2.0,0.2294102281332016,458.3,0.3521925613284111,0.5256005674600601,1.3482899532456876,0.4395316974980836,0.28840085715055463,0.36062271062271056,0.36062271062271056
