,Accuracy,F1 (micro),Mean KL,Mean JS,Wmean KL,Wmean JS
Global,0.9251729751729751,0.9251729751729751,0.010625496242612824,0.0036326379997413797,0.010514647945632664,0.0035972326060661323
