,Accuracy,F1 (micro)
Global,0.9314407814407815,0.9314407814407815
