Groups,Prob,T(g),Entropy,Diag Mean,KL to I,I sim %(JS),Spammer,Accuracy,F1 (micro)
0.0,0.3605202421545982,720.55,0.16176803037524223,0.6101739302277565,1.4931147130720626,0.48240629498417614,0.4152608816511929,0.5553724053724053,0.5553724053724053
1.0,0.4613094076514244,922.05,0.25149610787630083,0.8619060143828392,0.3460792300889902,0.8581884984136906,0.7928590225055814,0.6710622710622709,0.6710622710622709
2.0,0.1781703382730484,355.85,0.3819857627153397,0.47674503475427626,1.5020796191024128,0.3707363005564626,0.21511754275707062,0.361111111111111,0.361111111111111
