,Accuracy,F1 (micro),Mean KL,Mean JS,Wmean KL,Wmean JS
Global,0.7064509564509565,0.7064509564509565,0.7358973831836886,0.1746083258117003,0.7354063165581884,0.17452583011302436
