,Accuracy,F1 (micro)
Global,0.921916971916972,0.921916971916972
