,Accuracy,F1 (micro),Mean KL,Mean JS,Wmean KL,Wmean JS,Mean RMSE,Wmean RMSE
Global,0.9017908017908018,0.9017908017908021,0.8843169800823194,0.15840702483066937,0.8865631620134089,0.15870331100563476,0.18694505143098455,0.1874304286004469
