,Accuracy,F1 (micro),Mean KL,Mean JS,Wmean KL,Wmean JS
Global,0.6385225885225886,0.6385225885225886,1.731005091824888,0.18928137570027634,1.7232515419786067,0.18891157927968805
