Mean ACC imiting Annot,Mean cross-entropy,Wmean ACC imiting Annot,wMean cross entropy
0.6306684013162334,0.886777485381591,0.6304956327442616,0.8865074450570871
