,Accuracy,F1 (micro),Mean KL,Mean JS,Wmean KL,Wmean JS,Mean RMSE,Wmean RMSE
Global,0.9193528693528694,0.9193528693528694,0.015264947341472577,0.006613566039805621,0.015224987515139524,0.006597579929827941,0.15321559157659098,0.1529595774933983
