Mean ACC imiting Annot,Mean cross-entropy,Wmean ACC imiting Annot,wMean cross entropy
0.6970623423513779,0.6730471139161578,0.6935123225069364,0.677263162961533
