Mean ACC imiting Annot,Mean cross-entropy,Wmean ACC imiting Annot,wMean cross entropy
0.6030873932041023,0.9093453199116569,0.6026117004178722,0.9097450012954145
