,Accuracy,F1 (micro)
Global,0.905921855921856,0.905921855921856
