,Accuracy,F1 (micro)
Global,0.5699633699633699,0.5699633699633699
