,Accuracy,F1 (micro),Mean KL,Mean JS,Wmean KL,Wmean JS
Global,0.6411070411070411,0.6411070411070411,1.6928015330485078,0.18716720019290417,1.6849736113062608,0.18671884718745435
