,Accuracy,F1 (micro)
Global,0.5874236874236873,0.5874236874236873
