,Accuracy,F1 (micro),Mean KL,Mean JS,Wmean KL,Wmean JS,Mean RMSE,Wmean RMSE
Global,0.7608262108262108,0.7608262108262108,0.7874489470861445,0.14901342881219784,0.7871683358289678,0.14897427736348284,0.13604606864344743,0.13608676152811186
