Mean ACC imiting Annot,Mean cross-entropy,Wmean ACC imiting Annot,wMean cross entropy
0.6981672991187902,0.7048832125806259,0.6943882338541879,0.7122266563533348
