Groups,Prob,T(g),Entropy,Diag Mean,KL to I,I sim %(JS),Spammer,Accuracy,F1 (micro)
0.0,0.1703457921743393,16.5,0.3540730930864811,0.48772224485874177,1.3319109317076188,0.3966929969744274,0.23158336961641907,0.3493894993894993,0.3493894993894993
1.0,0.47975625693798063,47.35,0.23627758398652077,0.9262020796537399,0.08275815211339024,0.9424131348741582,0.8893031150102615,0.6708791208791207,0.6708791208791207
2.0,0.3498979464173317,34.55,0.16631109043955802,0.650883674621582,1.3172470116129544,0.5406797310212624,0.47632551193237305,0.5893162393162391,0.5893162393162391
