,Accuracy,F1 (micro),Mean KL,Mean JS,Wmean KL,Wmean JS
Global,0.5655474155474155,0.5655474155474155,2.2507801252109796,0.19656446281292747,2.2513209767579037,0.1965898213628239
