,Accuracy,F1 (micro),Mean KL,Mean JS,Wmean KL,Wmean JS
Global,0.5620675620675621,0.5620675620675621,1.766432665442076,0.19503792736306416,1.7669524119687245,0.1951781025353896
