,Accuracy,F1 (micro)
Global,0.9332519332519332,0.9332519332519332
