,Accuracy,F1 (micro),Mean KL,Mean JS,Wmean KL,Wmean JS
Global,0.5828856328856329,0.5828856328856329,1.8164326024974238,0.1860287484038717,1.816864630985038,0.18604912034307197
