Groups,Prob,T(g),Entropy,Diag Mean,KL to I,I sim %(JS),Spammer,Accuracy,F1 (micro)
0.0,0.2511111401021481,24.5,0.2101391155272722,0.6532453149557114,1.1195231390484728,0.5602485828662065,0.4798679605126381,0.6341880341880339,0.6341880341880339
1.0,0.5055963546037674,50.1,0.15148668624460698,0.9622614771127701,0.04007833140141423,0.9716018970014403,0.943392214179039,0.8851037851037853,0.8851037851037853
2.0,0.24329250380396844,23.85,0.30932315066456795,0.5305671855807305,1.4452794938052755,0.4271929845140076,0.29585076570510865,0.374053724053724,0.374053724053724
