Groups,Prob,T(g),Entropy,Diag Mean,KL to I,I sim %(JS),Spammer,Accuracy,F1 (micro)
0.0,0.4756334826350212,950.75,0.18702042512595654,0.8837069541215896,0.33023574003977274,0.8741334744125652,0.8255604036152363,0.8505494505494507,0.8505494505494507
1.0,0.22865548059344293,456.85,0.35516570657491686,0.5321738556027412,1.3930394992238124,0.43928626651491137,0.2982607804238796,0.3924297924297923,0.3924297924297923
2.0,0.2957110434770584,590.95,0.20450136475265027,0.6010856045410037,1.4106115836257682,0.48397807972955686,0.40162838697433473,0.6419413919413917,0.6419413919413917
