,Accuracy,F1 (micro),Mean KL,Mean JS,Wmean KL,Wmean JS
Global,0.6877492877492879,0.6877492877492879,1.0683990216636512,0.1701389543092143,1.063217234878911,0.169879834163388
