,Accuracy,F1 (micro)
Global,0.7061050061050061,0.706105006105006
