Groups,Prob,T(g),Entropy,Diag Mean,KL to I,I sim %(JS),Spammer,Accuracy,F1 (micro)
0.0,0.46850557178258895,46.35,0.19293446391820906,0.8851131990551948,0.3264959064705977,0.8775652577316645,0.827669812552631,0.8443223443223445,0.8443223443223445
1.0,0.23251161649823188,22.8,0.34261651486158373,0.563886308670044,1.2663678918251111,0.47948034432739794,0.34582946375012397,0.4205738705738705,0.4205738705738705
2.0,0.2989828050136566,29.4,0.18396041318774223,0.6131127366796136,1.3168644066253976,0.504354828318169,0.41966911107301713,0.6275335775335773,0.6275335775335773
