,Accuracy,F1 (micro),Mean KL,Mean JS,Wmean KL,Wmean JS,Mean RMSE,Wmean RMSE
Global,0.8577737077737076,0.8577737077737076,0.5768476594753826,0.13280854771748765,0.6042135665726043,0.13428150697328647,0.17442756843749127,0.17771236504379712
