,Accuracy,F1 (micro),Mean KL,Mean JS,Wmean KL,Wmean JS,Mean RMSE,Wmean RMSE
Global,0.9071021571021571,0.9071021571021571,0.33247065080874494,0.138710866564073,0.30906015928738345,0.12930979214657135,0.12802575962803925,0.13739661845589732
