,Accuracy,F1 (micro)
Global,0.9274114774114774,0.9274114774114774
