,Accuracy,F1 (micro)
Global,0.900854700854701,0.900854700854701
