Mean ACC imiting Annot,Mean cross-entropy,Wmean ACC imiting Annot,wMean cross entropy
0.6701218994069656,0.7345352381467819,0.6703818809668902,0.7338616910379469
