,Accuracy,F1 (micro),Mean KL,Mean JS,Wmean KL,Wmean JS
Global,0.9262108262108262,0.9262108262108262,3.1756840629245904,0.5310199977883501,3.0803882034593717,0.40337404272307104
