,Accuracy,F1 (micro),Mean KL,Mean JS,Wmean KL,Wmean JS
Global,0.6359177859177858,0.6359177859177858,1.6045395565215759,0.14943973562350688,1.6078822781075601,0.14941055913296525
