,Accuracy,F1 (micro)
Global,0.8670940170940172,0.8670940170940172
