,Accuracy,F1 (micro),Mean KL,Mean JS,Wmean KL,Wmean JS,Mean RMSE,Wmean RMSE
Global,0.8927553927553925,0.8927553927553925,0.18464303102773366,0.0740557726741344,0.17557267132120621,0.07031315839142369,0.15000951690133482,0.14874858711448408
