Mean ACC imiting Annot,Mean cross-entropy,Wmean ACC imiting Annot,wMean cross entropy
0.7364837560048759,0.7847770601511002,0.7309738484761945,0.7827672044202891
