,Accuracy,F1 (micro)
Global,0.8042124542124544,0.8042124542124544
