,Accuracy,F1 (micro)
Global,0.9216117216117217,0.9216117216117217
