,Accuracy,F1 (micro)
Global,0.6957875457875456,0.6957875457875456
