,Accuracy,F1 (micro),Mean KL,Mean JS,Wmean KL,Wmean JS
Global,0.7152014652014652,0.7152014652014652,0.6007350231287993,0.12508741032855983,0.5990368771722341,0.12483521332491469
