,Accuracy,F1 (micro)
Global,0.9348799348799349,0.9348799348799349
