Mean ACC imiting Annot,Mean cross-entropy,Wmean ACC imiting Annot,wMean cross entropy
0.7501566444351269,0.6043781121994668,0.7345936035852516,0.6266371148986359
