,Accuracy,F1 (micro),Mean KL,Mean JS,Wmean KL,Wmean JS
Global,0.783129833129833,0.783129833129833,2.099283509212367,0.13940456098046788,1.9487739810812414,0.12584933458783282
