Mean ACC imiting Annot,Mean cross-entropy,Wmean ACC imiting Annot,wMean cross entropy
0.6648296681154038,0.7734028344941376,0.6597610205070241,0.7852109680019775
