,Accuracy,F1 (micro)
Global,0.6478021978021976,0.6478021978021976
