,Accuracy,F1 (micro),Mean KL,Mean JS,Wmean KL,Wmean JS
Global,0.6544973544973546,0.6544973544973546,1.217619375351695,0.17949945679042564,1.2170625413887803,0.1794205815825681
