,Accuracy,F1 (micro)
Global,0.9304639804639805,0.9304639804639805
