,Accuracy,F1 (micro)
Global,0.938949938949939,0.938949938949939
