,Accuracy,F1 (micro),Mean KL,Mean JS,Wmean KL,Wmean JS
Global,0.9129629629629628,0.9129629629629628,2.4145620066499114,0.1374569645906019,2.1963623030431316,0.12601118443657097
