,Accuracy,F1 (micro)
Global,0.7344999999999999,0.7344999999999999
