Groups,Entropy,Diag Mean,KL to I,I similar % (JS),Accuracy,F1 (micro)
0.0,1.284179538488388,0.5736972942948342,0.7663919891268984,0.7007356796037711,0.6115,0.6115
1.0,1.0460728377103805,0.6887571886181831,0.47639358499778195,0.7976846204050909,0.7107800000000001,0.7107800000000001
2.0,1.5937978982925416,0.46896355748176577,0.8633175096123633,0.641805451316083,0.6008100000000001,0.6008100000000001
3.0,1.2216568470001221,0.6444568306207656,0.48242789364095123,0.7829582194298526,0.73712,0.73712
