,Accuracy,F1 (micro)
Global,0.7532200000000001,0.7532200000000001
