,Accuracy,F1 (micro),Average KL,Average PearsonCorr,Average RMSE
Global,0.7977460000000001,0.7977460000000001,0.1041207015336143,0.2955136492026896,0.04082551539042379
