,Accuracy,F1 (micro),Average KL,Average PearsonCorr
Global,0.8215639999999998,0.8215639999999998,0.012916909118948364,0.9733977761926115
