ACC imiting Annotator,CE imiting Annotator
0.4108682249275408,1.767659138111925
