,Accuracy,F1 (micro),Average KL,Average PearsonCorr
Global,0.8515979999999999,0.8515979999999999,0.6747128993910978,0.8307119849655002
