Groups,Entropy,Diag Mean,KL to I,I similar % (JS),Accuracy,F1 (micro)
0.0,1.2116826355457306,0.6533490628004074,0.48808980621463294,0.7839634899272759,0.7382899999999999,0.7382899999999999
1.0,1.4906899213790894,0.5277410060167312,0.7368780858568071,0.6868550306151471,0.72098,0.72098
2.0,1.3382142901420593,0.6339971989393234,0.4807993265585071,0.7805654554410808,0.76428,0.76428
3.0,1.3213337898254394,0.6225289732217789,0.5326375736223083,0.7645597797744961,0.74634,0.74634
