,Accuracy,F1 (micro),Average KL,Average PearsonCorr
Global,0.8515979999999999,0.8515979999999999,0.02831098201537443,0.9465051734960858
