ACC imiting Annotator,CE imiting Annotator
0.45941834418593414,1.7104895019345343
