ACC imiting Annotator,CE imiting Annotator
0.4446561676504491,1.7487895910727453
