,Accuracy,F1 (micro),Average KL,Average PearsonCorr,Average RMSE
Global,0.8272679999999999,0.8272679999999999,0.2194991213748787,-0.12755537909099415,0.04276983228426978
