,Accuracy,F1 (micro),Average KL,Average PearsonCorr,Average RMSE
Global,0.756852,0.756852,0.010101970613045266,0.9737365574326198,0.07666397228703214
