Groups,Entropy,Diag Mean,KL to I,I similar % (JS),Accuracy,F1 (micro)
0.0,1.5275660157203674,0.554959487915039,0.6026708716538891,0.7273915839999602,0.74444,0.74444
1.0,1.5036896228790284,0.5661731421947479,0.581515998678349,0.7359447248037668,0.74439,0.74439
2.0,1.5236145496368407,0.5584973156452179,0.5936218281778104,0.7307064784744688,0.7441300000000001,0.7441300000000001
3.0,1.533135211467743,0.5540937721729279,0.6029240874743451,0.7270885850460995,0.7438,0.7438
