,Accuracy,F1 (micro),Average KL,Average PearsonCorr,Average RMSE
Global,0.8397079999999999,0.8397079999999999,0.19457374137195488,-0.24544076801963427,0.027833247904340323
