ACC imiting Annotator,CE imiting Annotator
0.4463243099506612,1.7291812049623616
