ACC imiting Annotator,CE imiting Annotator
0.34017768758457473,1.8952292506064157
