,Accuracy,F1 (micro),Mean KL,Mean JS,Mean PearsonCorr
Global,0.41594999999999993,0.41594999999999993,0.20312260542801136,0.050221015434156566,0.9389631211582072
