,Accuracy,F1 (micro)
Global,0.7290699999999999,0.7290699999999999
