Groups,Prob,T(g),Entropy,Diag Mean,KL to I,I sim %(JS),Spammer,Accuracy,F1 (micro)
0.0,0.2621807992458344,523.8,1.2476457476615905,0.6065198451280593,0.639929608305513,0.7372328609696595,0.5065198600292206,0.62293,0.62293
1.0,0.24617518186569215,491.8,0.9985058724880218,0.7233644813299179,0.3715595220260294,0.8331210818593187,0.6233644664287568,0.6704799999999999,0.6704799999999999
2.0,0.2473089337348938,494.1,1.326126253604889,0.5683065265417099,0.6899642618116072,0.7144357902578207,0.4683065414428711,0.6007899999999999,0.6007899999999999
3.0,0.24433508962392808,488.3,1.1386417329311371,0.672476863861084,0.45916168979914573,0.7967183390899415,0.5724768429994583,0.71878,0.71878
