,Accuracy,F1 (micro),Mean KL,Mean JS,Mean PearsonCorr
Global,0.89421,0.89421,0.4506932618423426,0.027734659509510685,0.8656067948843713
