Mean ACC imiting Annot,Mean cross-entropy,Wmean ACC imiting Annot,wMean cross entropy
0.38911552918084047,1.8662093890221585,0.3890496772787004,1.8663928654414677
