,Accuracy,F1 (micro),Mean KL,Mean JS,Wmean KL,Wmean JS
Global,0.624916,0.624916,0.6296641690450313,0.34027193226787444,0.6299793727123618,0.34045475299499683
