Groups,Prob,Entropy,Diag Mean,KL to I,I sim %(JS),Spammer,Accuracy,F1 (micro)
0.0,0.2808486182242632,1.2967875123023986,0.5929858088493347,0.6234284335653049,0.735191154043934,0.49298578649759295,0.6830400000000002,0.68304
1.0,0.5023835808038711,1.2838155627250671,0.6138395875692367,0.5613546905087692,0.754622329826085,0.5138395667076111,0.7518,0.7518
2.0,0.17752375956624747,1.1274912536144257,0.6793330371379852,0.476305791329002,0.7990956826851615,0.579333046078682,0.7228800000000001,0.7228800000000001
3.0,0.039244039356708525,1.456030547618866,0.4865817934274673,0.9103333560141657,0.6412707820570207,0.38658180832862854,0.5136000000000001,0.5136000000000001
