,Accuracy,F1 (micro),Mean KL,Mean JS,Mean PearsonCorr,Average RMSE
Global,0.7854539999999999,0.785454,0.4067557124680225,0.08361031118942824,-0.09923318993563784,0.03717601181374119
