,Accuracy,F1 (micro),Mean KL,Mean JS,Mean PearsonCorr,Average RMSE
Global,0.79638,0.79638,0.41833708338277287,0.07987275420720098,-0.2743452463161443,0.023007976214137582
