ACC imiting Annotator,CE imiting Annotator
0.36071235431490833,1.8133526888016056
