,Accuracy,F1 (micro),Mean KL,Mean JS,Wmean KL,Wmean JS,Mean RMSE,Wmean RMSE
Global,0.715864,0.715864,0.9205315207717151,0.23530610973664343,0.9204147546351503,0.2352840279199003,0.3687236585527823,0.36859411676571946
