,Accuracy,F1 (micro),Mean KL,Mean JS,Wmean KL,Wmean JS
Global,0.713758,0.713758,0.6905359109804803,0.3799219004751094,0.6909712791456134,0.3801523777711472
