,Accuracy,F1 (micro),Mean KL,Mean JS,Mean PearsonCorr
Global,0.512368,0.512368,0.24091779034505975,0.05950674562562306,0.9262981422177358
