,Accuracy,F1 (micro),Mean KL,Mean JS,Mean PearsonCorr
Global,0.829658,0.829658,0.483934916934464,0.03009063516464276,0.8596442368442181
