,Accuracy,F1 (micro),Mean KL,Mean JS,Mean PearsonCorr
Global,0.45498200000000005,0.45498200000000005,0.2154820782195146,0.05270814033661828,0.9034831096055956
