,Accuracy,F1 (micro),Mean KL,Mean JS,Wmean KL,Wmean JS
Global,0.539168,0.539168,1.0347686982063617,0.3184701987107469,1.0349624135819475,0.3183839146268137
