,Accuracy,F1 (micro),Mean KL,Mean JS,Mean PearsonCorr
Global,0.554884,0.554884,0.24471203503932276,0.060084397751123654,0.8923835686548062
