,Accuracy,F1 (micro),Mean KL,Mean JS,Mean PearsonCorr
Global,0.7355879999999999,0.735588,0.015036051156779912,0.0035185836491103835,0.9608421575043951
