,Accuracy,F1 (micro)
Global,0.6879700000000001,0.6879700000000001
