Groups,Prob,T(g),Entropy,Diag Mean,KL to I,I sim %(JS),Spammer,Accuracy,F1 (micro)
0.0,0.2528527930378914,505.2,1.5813262581825256,0.49370667040348054,0.7566271849812547,0.6732476058574071,0.39370666444301605,0.64566,0.64566
1.0,0.2578191369771957,515.0,1.61772563457489,0.46528843343257903,0.8192256940555657,0.6500494918056466,0.3652884364128113,0.5782999999999999,0.5782999999999999
2.0,0.2343345582485199,468.1,1.610225749015808,0.45291432440280915,0.8676146351287072,0.6357556791823541,0.35291431546211244,0.54137,0.54137
3.0,0.2549935206770897,509.6,1.5876991748809814,0.5048510223627091,0.7099129067262935,0.6862584840994852,0.4048510015010834,0.66239,0.66239
