,Accuracy,F1 (micro)
Global,0.7432200000000001,0.7432200000000001
