Groups,Prob,T(g),Entropy,Diag Mean,KL to I,I sim %(JS),Spammer,Accuracy,F1 (micro)
0.0,0.23554910272359847,470.6,1.1191221088171006,0.6654297515749932,0.5238826196437187,0.7810100563687309,0.5654297508299351,0.71201,0.71201
1.0,0.2793210133910179,558.1,1.5680582404136658,0.4853198409080505,0.8387089439724562,0.6523849536979824,0.38531982600688935,0.65182,0.65182
2.0,0.2353876382112503,470.3,1.2663434341549873,0.629294428229332,0.53628214996639,0.7660944121436688,0.529294416308403,0.7102799999999999,0.7102799999999999
3.0,0.2497422516345978,498.9,1.272381141781807,0.6134853720664978,0.5859275787451392,0.748901934073078,0.5134853929281235,0.71459,0.71459
