Groups,Prob,T(g),Entropy,Diag Mean,KL to I,I sim %(JS),Spammer,Accuracy,F1 (micro)
0.0,0.345841521024704,34.2,0.6109216094017029,0.8543159008026123,0.18065094120085493,0.8790416099045671,0.8381287932395936,0.61824,0.61824
1.0,0.30394319295883176,29.8,0.7272461116313934,0.8182559370994568,0.24069862871173978,0.8442755174525118,0.7980621099472046,0.71692,0.71692
2.0,0.1771372824907303,17.4,1.1062039971351623,0.6574612319469452,0.5464385015455769,0.6757506168886561,0.6194013476371765,0.61634,0.61634
3.0,0.17307798862457274,16.8,1.2955860137939452,0.580832016468048,0.7437592203804428,0.5868294674535182,0.5342577934265137,0.512,0.512
