,Accuracy,F1 (micro),Mean KL,Mean JS,Wmean KL,Wmean JS
Global,0.5233960000000001,0.5233960000000001,1.477645136192132,0.41836184868272686,1.47816780371068,0.4185910867698719
