ACC imiting Annotator,CE imiting Annotator
0.3629742814764384,1.7584861019379805
