,Accuracy,F1 (micro),Mean KL,Mean JS,Wmean KL,Wmean JS,Mean RMSE,Wmean RMSE
Global,0.8079560000000001,0.8079560000000001,0.6868543324392855,0.18334977320559015,0.6863887374455447,0.18319131235079117,0.36792492413646427,0.3676517064788315
