,Accuracy,F1 (micro),Mean KL,Mean JS,Mean PearsonCorr
Global,0.7935739999999999,0.7935739999999999,0.5005019180205663,0.09800208925308994,-0.2137864869921268
