Groups,Prob,T(g),Entropy,Diag Mean,KL to I,I sim %(JS),Spammer,Accuracy,F1 (micro)
0.0,0.43136537075042725,42.8,0.603120094537735,0.8681314706802368,0.14962702154790114,0.8962455742734333,0.8534794092178345,0.7697,0.7697
1.0,0.24233854711055755,23.8,1.311877393722534,0.5734319686889648,1.0701270639274223,0.5648684546459266,0.5260355293750762,0.64818,0.64818
2.0,0.1626428484916687,16.0,1.2346672892570496,0.6285411596298218,0.5662451297131279,0.6558199034762602,0.587267953157425,0.70016,0.70016
3.0,0.1636532336473465,16.0,1.2808517336845398,0.5873860657215119,0.7339111237087188,0.5917827239998816,0.5415400326251983,0.60524,0.60524
