ACC imiting Annotator,CE imiting Annotator
0.36806711330704295,1.7573062976978917
