,Accuracy,F1 (micro),Mean KL,Mean JS,Wmean KL,Wmean JS,Mean RMSE,Wmean RMSE
Global,0.818768,0.818768,0.011189135444951415,0.004025644466216511,0.011186658766540802,0.004024793283104014,0.32950849685320677,0.3296169547190115
