,Accuracy,F1 (micro),Mean KL,Mean JS,Wmean KL,Wmean JS
Global,0.3984,0.3984,1.7618688483102733,0.37042666560697635,1.761645632940247,0.3705472614149105
