,Accuracy,F1 (micro),Mean KL,Mean JS,Mean PearsonCorr,Average RMSE
Global,0.778416,0.778416,0.2624772587093725,0.05791975756665664,0.4722626821689463,0.04233489877521949
