ACC imiting Annotator,CE imiting Annotator
0.3733758785181023,1.87155995983901
