,Accuracy,F1 (micro)
Global,0.7862500000000001,0.7862500000000001
