ACC imiting Annotator,CE imiting Annotator
0.34706623244263735,1.8600868466274463
