,Accuracy,F1 (micro),Mean KL,Mean JS,Mean PearsonCorr,Average RMSE
Global,0.7780859999999999,0.7780859999999999,0.08480756539167687,0.02266094166249171,0.8719087905464658,0.06338656253484166
