,Accuracy,F1 (micro),Mean KL,Mean JS,Wmean KL,Wmean JS
Global,0.782692,0.782692,0.014758766779773178,0.004426283143702975,0.014765174486839814,0.004426268411703425
