,Accuracy,F1 (micro),Mean KL,Mean JS,Wmean KL,Wmean JS
Global,0.726292,0.726292,0.01678494985616408,0.005354741055453431,0.016789479781112362,0.00535483488699314
