,Accuracy,F1 (micro),Mean KL,Mean JS,Wmean KL,Wmean JS,Mean RMSE,Wmean RMSE
Global,0.8291999999999999,0.8291999999999999,0.011902920648055027,0.004511338450239307,0.01190297657164902,0.004511600086380024,0.20968500514514007,0.20953063976427105
