,Accuracy,F1 (micro)
Global,0.76504,0.7650399999999999
