,Accuracy,F1 (micro)
Global,0.7105400000000002,0.7105400000000002
