Groups,Prob,T(g),Entropy,Diag Mean,KL to I,I sim %(JS),Spammer,Accuracy,F1 (micro)
0.0,0.18665620796382426,372.9,1.2981343269348145,0.592755863070488,0.6455645876111252,0.7309731986891597,0.4927558660507202,0.65628,0.65628
1.0,0.5084908246994019,1016.4,1.264027327299118,0.6434162616729736,0.4766312720415097,0.7838992619241674,0.5434162527322769,0.7812500000000001,0.7812500000000001
2.0,0.24420389905571938,487.9,1.4406027793884277,0.5521072059869766,0.6720058758862186,0.7105846464427396,0.4521072134375572,0.70606,0.70606
3.0,0.06064907871186733,120.9,1.4799539685249328,0.5273977845907212,0.7520502586807141,0.6864583081132237,0.4273978009819984,0.6280399999999999,0.6280399999999999
