,Accuracy,F1 (micro)
Global,0.39514000000000005,0.39514000000000005
