,Accuracy,F1 (micro),Mean KL,Mean JS,Mean PearsonCorr
Global,0.634932,0.634932,0.08978666725137997,0.023326435442457907,0.9334308297705197
