,Accuracy,F1 (micro),Mean KL,Mean JS,Mean PearsonCorr,Average RMSE
Global,0.803492,0.8034920000000001,0.011097806271063802,0.0029272207117858632,0.9819323819770398,0.0654467229529628
