,Accuracy,F1 (micro)
Global,0.7436100000000001,0.7436100000000001
