,Accuracy,F1 (micro)
Global,0.6890499999999999,0.6890499999999999
