Groups,Prob,T(g),Entropy,Diag Mean,KL to I,I sim %(JS),Spammer,Accuracy,F1 (micro)
0.0,0.22894919589161872,22.5,1.5339412212371826,0.4997979372739792,0.7731138659770476,0.6733743504054228,0.3997979283332825,0.6273299999999999,0.6273299999999999
1.0,0.28673606663942336,28.2,1.501831865310669,0.48171290159225466,0.8901962961977837,0.6496219987966151,0.3817128837108612,0.60247,0.60247
2.0,0.261323731392622,25.7,1.510251235961914,0.49622378051280974,0.8450492760002261,0.6653516347336624,0.39622379541397096,0.62903,0.62903
3.0,0.2229910045862198,21.7,1.5085503458976746,0.49640071392059326,0.7988952306234113,0.6682256589832177,0.3964007318019867,0.5982799999999999,0.5982799999999999
