,Accuracy,F1 (micro),Mean KL,Mean JS,Mean PearsonCorr,Average RMSE
Global,0.6946439999999999,0.6946439999999999,0.5728495266469131,0.11174892631537744,-0.1058165652391804,0.03496597432561245
