ACC imiting Annotator,CE imiting Annotator
0.3716774532486904,1.8875496489708616
