Mean ACC imiting Annot,Mean cross-entropy,Wmean ACC imiting Annot,wMean cross entropy
0.3833011674292136,1.8373619392826206,0.3835859187707665,1.836816149905302
