,Accuracy,F1 (micro)
Global,0.7300500000000001,0.7300500000000001
