Groups,Prob,T(g),Entropy,Diag Mean,KL to I,I sim %(JS),Spammer,Accuracy,F1 (micro)
0.0,0.24507400691509246,23.9,1.5538073658943177,0.5289480000734329,0.6546581901693803,0.706874946890763,0.4289480060338974,0.72888,0.72888
1.0,0.25064425468444823,24.6,1.5656081318855286,0.5207230597734451,0.6703845487696197,0.7005548524975701,0.4207230508327484,0.7248300000000001,0.7248300000000001
2.0,0.23136073350906372,22.7,1.5458128452301025,0.5331745386123657,0.6465288110590152,0.7101518220957675,0.43317456245422364,0.72761,0.72761
3.0,0.2729210019111633,26.7,1.546423351764679,0.5315888106822968,0.6495550557228421,0.7088932353610088,0.43158881068229676,0.72829,0.72829
