,Accuracy,F1 (micro)
Global,0.72965,0.7296500000000001
