Mean ACC imiting Annot,Mean cross-entropy,Wmean ACC imiting Annot,wMean cross entropy
0.3972481296268989,1.6943334115860964,0.3974698730029662,1.6939676177664946
