,Accuracy,F1 (micro),Mean KL,Mean JS,Mean PearsonCorr,Average RMSE
Global,0.7974379999999999,0.7974379999999999,0.011430649072956843,0.0028491805466436806,0.9656771410713454,0.04083026724118997
