ACC imiting Annotator,CE imiting Annotator
0.37498781353941124,1.8179509671153382
