,Accuracy,F1 (micro)
Global,0.6609700000000001,0.6609700000000001
