,Accuracy,F1 (micro),Mean KL,Mean JS,Mean PearsonCorr
Global,0.554884,0.554884,1.3219238259131558,0.2828751036090127,0.6781662676438562
