,Accuracy,F1 (micro),Mean KL,Mean JS,Mean PearsonCorr
Global,0.5110960000000001,0.5110960000000001,0.19384854288080816,0.0464438055596799,0.9280714498954497
