ACC imiting Annotator,CE imiting Annotator
0.3325106235044587,1.9087062868360416
