,Accuracy,F1 (micro),Mean KL,Mean JS,Mean PearsonCorr
Global,0.699584,0.699584,0.06555126125747306,0.01641877942778385,0.9052389485332848
