Mean ACC imiting Annot,Mean cross-entropy,Wmean ACC imiting Annot,wMean cross entropy
0.3657441921165672,1.7546304848174146,0.3658392848224542,1.7543569259811598
