Mean ACC imiting Annot,Mean cross-entropy,Wmean ACC imiting Annot,wMean cross entropy
0.35437159700182247,1.8769967222429016,0.3544395944663637,1.8768305222944335
