,Accuracy,F1 (micro),Mean KL,Mean JS,Mean PearsonCorr
Global,0.711576,0.711576,0.08030914623869638,0.020995887868733135,0.9394151967420026
