,Accuracy,F1 (micro),Mean KL,Mean JS,Wmean KL,Wmean JS
Global,0.7161519999999999,0.7161519999999999,0.5327265124284912,0.29217839993505623,0.5325100228192712,0.2920534125234878
