,Accuracy,F1 (micro)
Global,0.7296199999999999,0.7296199999999999
