Groups,Prob,T(g),Entropy,Diag Mean,KL to I,I sim %(JS),Spammer,Accuracy,F1 (micro)
0.0,0.5320975601673126,52.8,0.8260595023632049,0.7919897437095642,0.2569134802177932,0.8270837865942106,0.7688774824142456,0.7394499999999999,0.7394499999999999
1.0,0.18705467283725738,18.2,1.316763436794281,0.5936676532030105,0.6679450520313632,0.6134907508339495,0.5485196053981781,0.62613,0.62613
2.0,0.14407457858324052,13.9,1.2056303441524505,0.6487302601337432,0.5206807364672492,0.6793542476113894,0.6097002983093261,0.6934700000000001,0.6934700000000001
3.0,0.13677318394184113,13.1,1.2956998884677886,0.5794963270425797,1.093296638520048,0.56303817152838,0.5327737003564834,0.60327,0.60327
