ACC imiting Annotator,CE imiting Annotator
0.3738107669015639,1.8543328901436897
