,Accuracy,F1 (micro),Mean KL,Mean JS,Mean PearsonCorr
Global,0.45498200000000005,0.45498200000000005,1.8193059932011455,0.27240511091507885,0.6635293256255872
