,Accuracy,F1 (micro)
Global,0.7775200000000001,0.7775200000000001
