ACC imiting Annotator,CE imiting Annotator
0.3894882481730222,1.7113073008186652
