,Accuracy,F1 (micro),Mean KL,Mean JS,Wmean KL,Wmean JS
Global,0.7458,0.7457999999999999,0.01437386723971595,0.004913282810113851,0.014368506383583779,0.004912400376204782
