,Accuracy,F1 (micro)
Global,0.5462900000000002,0.5462900000000002
