ACC imiting Annotator,CE imiting Annotator
0.38646896019511534,1.7257980826017225
