ACC imiting Annotator,CE imiting Annotator
0.3910645769113234,1.7861465420371438
