ACC imiting Annotator,CE imiting Annotator
0.35052573902832523,1.8762007878846645
