,Accuracy,F1 (micro)
Global,0.94928,0.9492799999999999
