,Accuracy,F1 (micro)
Global,0.6998200000000001,0.6998200000000001
