ACC imiting Annotator,CE imiting Annotator
0.37361036839541584,1.8418470702446552
