,Accuracy,F1 (micro),Mean KL,Mean JS,Mean PearsonCorr
Global,0.5110960000000001,0.5110960000000001,1.1912011166434602,0.22074415872133263,0.8397357981451614
