,Accuracy,F1 (micro),Mean KL,Mean JS,Wmean KL,Wmean JS,Mean RMSE,Wmean RMSE
Global,0.832854,0.832854,0.011113453084631065,0.004216099747079523,0.011109650299016942,0.004214391896096391,0.2223804440261523,0.22234094327492526
