,Accuracy,F1 (micro),Mean KL,Mean JS,Mean PearsonCorr
Global,0.820036,0.820036,0.08940340873891034,0.020941518144649125,0.8731020978359837
