,Accuracy,F1 (micro)
Global,0.7537999999999999,0.7537999999999999
