ACC imiting Annotator,CE imiting Annotator
0.3594525428053918,1.8568245864264472
