Mean ACC imiting Annot,Mean cross-entropy,Wmean ACC imiting Annot,wMean cross entropy
0.3709754394224895,1.8386709916717467,0.37091328027649817,1.8388679313010876
