Groups,Prob,T(g),Entropy,Diag Mean,KL to I,I sim %(JS),Spammer,Accuracy,F1 (micro)
0.0,0.4088040180504322,817.1,1.3760027289390564,0.5719996124505997,0.6379008252997984,0.7246866591262705,0.47199960350990294,0.66127,0.66127
1.0,0.3009708598256111,601.5,1.1049856036901473,0.683477395772934,0.433619081150335,0.8059405401980907,0.5834774315357208,0.70938,0.70938
2.0,0.18520472422242165,370.0,1.2654245018959045,0.6064498066902161,0.6004195536302599,0.7456336717940404,0.5064498230814933,0.58977,0.58977
3.0,0.10502039715647697,209.6,1.3961487352848052,0.5420181542634964,0.7121450784548387,0.6993588871144112,0.44201816618442535,0.50903,0.50903
