,Accuracy,F1 (micro),Mean KL,Mean JS,Wmean KL,Wmean JS,Mean RMSE,Wmean RMSE
Global,0.836368,0.836368,0.6793612569635177,0.1672178488072368,0.6793578832500852,0.16722115015301656,0.42214342487776496,0.42218666431984514
