Mean ACC imiting Annot,Mean cross-entropy,Wmean ACC imiting Annot,wMean cross entropy
0.38736649799415357,1.840519637718375,0.3876776226059127,1.839934232010719
