,Accuracy,F1 (micro),Mean KL,Mean JS,Wmean KL,Wmean JS
Global,0.7301759999999999,0.7301760000000002,0.5180290821974037,0.2919429800431974,0.517809171827803,0.2918174766844777
