,Accuracy,F1 (micro),Mean KL,Mean JS,Wmean KL,Wmean JS
Global,0.7498319999999999,0.7498319999999999,0.014373864506237944,0.004913283137427254,0.014368503644351044,0.00491240069934037
