,Accuracy,F1 (micro)
Global,0.5513600000000001,0.5513600000000001
