,Accuracy,F1 (micro),Mean KL,Mean JS,Wmean KL,Wmean JS
Global,0.41827999999999993,0.41827999999999993,2.2085791989362304,0.3945382546960433,2.2082208989330128,0.3946444540551733
