,Accuracy,F1 (micro),Mean KL,Mean JS,Wmean KL,Wmean JS,Mean RMSE,Wmean RMSE
Global,0.8025,0.8025,0.6237372489679982,0.152670061074651,0.6237472222695006,0.15267168037699028,0.4279369707739346,0.4279970478051551
