,Accuracy,F1 (micro)
Global,0.41492000000000007,0.41492000000000007
