,Accuracy,F1 (micro)
Global,0.7482599999999999,0.7482599999999999
