,Accuracy,F1 (micro),Mean KL,Mean JS,Wmean KL,Wmean JS
Global,0.783056,0.783056,0.014758766861673423,0.004426283158427246,0.014765174532496905,0.004426268451082832
