Mean ACC imiting Annot,Mean cross-entropy,Wmean ACC imiting Annot,wMean cross entropy
0.3689733537463492,1.8418360710144044,0.3689123482149822,1.8420310240572675
