Mean ACC imiting Annot,Mean cross-entropy,Wmean ACC imiting Annot,wMean cross entropy
0.335269385255453,1.9054080992028666,0.3353203815612046,1.905237726405859
