Mean ACC imiting Annot,Mean cross-entropy,Wmean ACC imiting Annot,wMean cross entropy
0.39884031042865564,1.6904449939727784,0.39906469618648394,1.6900757766379395
