,Accuracy,F1 (micro),Mean KL,Mean JS,Wmean KL,Wmean JS,Mean RMSE,Wmean RMSE
Global,0.838184,0.838184,0.012246601419252892,0.00463757624246052,0.012247253153449615,0.00463806115016646,0.21883327607393274,0.21864415921690056
