Mean ACC imiting Annot,Mean cross-entropy,Wmean ACC imiting Annot,wMean cross entropy
0.3908376330410113,1.8567877659665606,0.39078179159824544,1.8569439595909816
