,Accuracy,F1 (micro),Mean KL,Mean JS,Wmean KL,Wmean JS
Global,0.6055919999999999,0.6055919999999999,0.6545945132282129,0.3406441024338876,0.654930100792296,0.34082792720412725
