,Accuracy,F1 (micro),Mean KL,Mean JS,Wmean KL,Wmean JS
Global,0.722072,0.722072,0.6726824654197755,0.37868184114387377,0.6731384494074415,0.3789129806363474
