Groups,Prob,T(g),Entropy,Diag Mean,KL to I,I sim %(JS),Spammer,Accuracy,F1 (micro)
0.0,0.25237573087215426,24.8,0.9763638973236084,0.7250441670417785,0.3615676550691725,0.7625851711445669,0.6944935202598572,0.63584,0.63584
1.0,0.3888597905635834,38.4,0.6966982007026672,0.8391443729400635,0.18488411097249466,0.8724036488714824,0.8212715148925781,0.57062,0.57062
2.0,0.15440966784954072,15.0,1.2401806712150574,0.5926011323928833,0.7240972857887048,0.6004146079721553,0.5473345935344696,0.5815400000000001,0.5815400000000001
3.0,0.2043548047542572,19.8,0.9525006294250489,0.714646315574646,0.8929865244623031,0.7059548427891984,0.6829403281211853,0.6319800000000001,0.6319800000000001
