,Accuracy,F1 (micro),Mean KL,Mean JS,Wmean KL,Wmean JS,Mean RMSE,Wmean RMSE
Global,0.836604,0.836604,0.011154788185481277,0.004232048097414962,0.011150605766812052,0.004230226612617105,0.2265213427691711,0.22647931216115266
