,Accuracy,F1 (micro)
Global,0.5323399999999999,0.5323399999999999
