Groups,Prob,T(g),Entropy,Diag Mean,KL to I,I sim %(JS),Spammer,Accuracy,F1 (micro)
0.0,0.3368114173412323,33.0,1.0729017972946167,0.7121840953826905,0.35947593225026775,0.75869585701946,0.6802045583724976,0.7624599999999999,0.7624599999999999
1.0,0.20154724419116973,19.6,1.1627313494682312,0.6354898929595947,0.9814128799640963,0.6292757342797973,0.5949887871742249,0.66622,0.66622
2.0,0.31307063102722166,31.0,0.7269565284252166,0.821081280708313,0.22356614277431977,0.8507607131964594,0.8012013912200928,0.70774,0.70774
3.0,0.14857069104909898,14.6,1.201409351825714,0.6240593254566192,0.623995832941852,0.6385485178119108,0.5822881400585175,0.65966,0.65966
