,Accuracy,F1 (micro),Mean KL,Mean JS,Wmean KL,Wmean JS
Global,0.537472,0.537472,1.4281755956937578,0.3457027632894207,1.4286504821650818,0.3456401867848568
