,Accuracy,F1 (micro),Mean KL,Mean JS,Wmean KL,Wmean JS,Mean RMSE,Wmean RMSE
Global,0.810772,0.810772,0.010960494531658557,0.0039491787915402,0.010958067467067237,0.003948332253405352,0.3195167614843221,0.31963029559950956
