Groups,Prob,T(g),Entropy,Diag Mean,KL to I,I sim %(JS),Spammer,Accuracy,F1 (micro)
0.0,0.4315239906311035,42.6,0.9995122194290161,0.7390924215316772,0.3263565647597946,0.781116132226131,0.7101026773452759,0.75688,0.75688
1.0,0.14284382313489913,14.0,1.1443122148513794,0.6688193082809448,0.511150638629746,0.6936485779373627,0.632021450996399,0.67622,0.67622
2.0,0.26317735612392423,25.8,1.1032793641090393,0.6883806228637696,0.43869294802347153,0.722452391900471,0.6537562251091004,0.69216,0.69216
3.0,0.16245483756065368,15.8,1.0306628942489624,0.695707631111145,0.8792301391994458,0.6902314991906978,0.6618973612785339,0.68086,0.68086
