,Accuracy,F1 (micro),Mean KL,Mean JS,Wmean KL,Wmean JS,Mean RMSE,Wmean RMSE
Global,0.6204000000000001,0.6204000000000001,1.0918008088220796,0.25635856113389605,1.0917846386324026,0.2563603495782497,0.3295150729727322,0.32946351695550113
