Mean ACC imiting Annot,Mean cross-entropy,Wmean ACC imiting Annot,wMean cross entropy
0.3677439805643785,1.7502087354660034,0.36784138241022823,1.7499315181486508
