,Accuracy,F1 (micro),Mean KL,Mean JS,Wmean KL,Wmean JS
Global,0.7196800000000001,0.7196800000000001,0.016784948864216383,0.005354741092828363,0.016789478763729403,0.005354834947582638
