,Accuracy,F1 (micro)
Global,0.7015399999999999,0.7015399999999999
