,Accuracy,F1 (micro),Mean KL,Mean JS,Wmean KL,Wmean JS
Global,0.541156,0.541156,1.1505242115255763,0.39995730415155384,1.150890282469032,0.40017750313250106
