,Accuracy,F1 (micro),Mean KL,Mean JS,Wmean KL,Wmean JS,Mean RMSE,Wmean RMSE
Global,0.795608,0.795608,0.9384621600878731,0.22045004142603944,0.9377932588341877,0.2202523772578293,0.42872535465918543,0.42834190862061716
