,Accuracy,F1 (micro)
Global,0.9276094276094277,0.9276094276094277
