,Accuracy,F1 (micro),F1 (macro)
All,0.817255892255892,0.8172558922558919,0.813080498618523
