,Accuracy,F1 (micro)
All,0.8347923681257011,0.8347923681257011
