Groups,Prob,T(g),Entropy,Diag mean,Isim (JS),S_raykar,S_bias,C_bias,Iner JS,Iner NormF,Accuracy,F1 (micro)
0.0,0.06372566744685174,161.76666666666668,1.5744216095619743,0.325506636789999,0.47775101633074224,0.22915044204571314,0.10099950901583546,2.1666666666666665,0.4440878907824929,0.27076574377562745,0.4617845117845119,0.4617845117845119
1.0,0.9362742165724437,2384.233333333333,0.21027865944491786,0.9639172170103395,0.9815822478072559,0.958762533726102,0.0049104082112470014,1.9333333333333333,0.4440878907824929,0.27076574377562745,0.8348204264870929,0.834820426487093
