,Accuracy,F1 (micro),(R) NormF mean,(R) JS mean,(R) NormF w,(R) JS w,(G) NormF,(G) JS,RMSE mean,RMSE w
All,0.8149666666666667,0.8149666666666667,0.2318871578485841,0.3591874678102904,0.23188715784858407,0.3591874678102903,0.16953360092899084,0.2101660085486296,0.09740871613663132,0.09740871613663132
