,Accuracy,F1 (micro),F1 (macro)
All,0.7590628507295174,0.7590628507295175,0.7352975936257049
