,Accuracy,F1 (micro),F1 (macro)
All,0.009836486787346364,0.009836486787346372,0.01113441627009681
