,Accuracy,F1 (micro),(R) NormF mean,(R) JS mean,(R) NormF w,(R) JS w,(G) NormF,(G) JS,RMSE mean,RMSE w
All,0.8050999999999999,0.8050999999999999,0.29651031984942033,0.5212238079898174,0.29651031984942033,0.5212238079898174,0.10906334664795912,0.09493000232248779,0.12695982201282557,0.12695982201282557
