,Accuracy,F1 (micro)
Global,0.7749438832772167,0.7749438832772167
