,Accuracy,F1 (micro)
All,0.8191358024691355,0.8191358024691355
