,Accuracy,F1 (micro),F1 (macro)
All,0.8014590347923684,0.8014590347923684,0.7704783212129234
