Groups,Prob,T(g),Entropy,Diag mean,Isim (JS),S_raykar,S_bias,C_bias,Iner JS,Iner NormF,Accuracy,F1 (micro)
0.0,0.00022830336871456142,0.6046119049072353,0.02025588417680746,0.008993316096331673,0.005304442158312331,0.010278075538664753,0.0104733112229854,0.9122621455602671,0.004389981697214582,0.0017700904201681151,0.011664451748813571,0.011664451748813587
0.0,0.00017369308744128578,0.6904105059069326,0.00014197005889521149,0.0008656425735166242,0.0013455444248053694,0.0009893057983047144,0.0004099851423939186,0.8034647195462634,0.004389981697214582,0.0017700904201681151,0.06773792867271577,0.06773792867271577
0.0,5.7289023232204334e-05,0.0,2.184094047568647e-05,0.00020523435131459592,0.00032185485034508097,0.000234553544359538,0.0002256369346303191,0.8034647195462634,0.004389981697214582,0.0017700904201681151,0.07093741984304258,0.07093741984304257
