,Accuracy,F1 (micro),Mean NormF,Mean JS,Wmean NormF,Wmean JS,Mean RMSE,Wmean RMSE
Global,0.7950666666666667,0.7950666666666667,0.10701117215863602,0.07673009412616844,0.10701117215863602,0.07673009412616844,0.0,0.0
