,Accuracy,F1 (micro),F1 (macro)
All,0.14116161616161618,0.14116161616161618,0.08926075964088258
