,Accuracy,F1 (micro),F1 (macro)
All,0.031359923142559774,0.031359923142559774,0.04742662806524528
