,Accuracy,F1 (micro),(R) NormF mean,(R) JS mean,(R) NormF w,(R) JS w,(G) NormF,(G) JS,RMSE mean,RMSE w
All,0.8075,0.8075,0.2967744946151953,0.5224066273396604,0.2967744946151953,0.5224066273396605,0.10866397802908424,0.09124334534214266,0.1318544693102997,0.1318544693102997
