Groups,Prob,T(g),Entropy,Diag mean,Isim (JS),S_raykar,S_bias,C_bias,Iner JS,Iner NormF,Accuracy,F1 (micro)
0.0,0.9414118786652883,2397.266666666667,0.17974135335953262,0.9721322381815517,0.9859175276362027,0.9681511293503449,0.0008707102833154225,5.766666666666667,0.3810947952749899,0.2295233667195479,0.8359708193041525,0.8359708193041525
1.0,0.02858507198592027,72.36666666666666,1.8256506257448195,0.2058492513034697,0.36385296829580305,0.09239914434682256,0.05583741125362921,3.4,0.3810947952749899,0.2295233667195479,0.35679012345679006,0.35679012345679006
2.0,0.03000303143635392,75.93333333333334,1.8039335638856557,0.2177025103914348,0.37536254938243907,0.10594572616163975,0.05844769770817481,3.933333333333333,0.3810947952749899,0.2295233667195479,0.3677890011223345,0.3677890011223345
