,Accuracy,F1 (micro),(R) NormF mean,(R) JS mean,(R) NormF w,(R) JS w,(G) NormF,(G) JS,RMSE mean,RMSE w
All,0.7546666666666669,0.7546666666666669,0.25794646786506126,0.4114777806842352,0.2579464678650612,0.41147778068423524,0.09038899736567085,0.10077806320455472,0.03241722287658684,0.03241722287658685
