,Accuracy,F1 (micro),F1 (macro),(R) NormF mean,(R) JS mean,(R) NormF w,(R) JS w,(G) NormF,(G) JS,RMSE mean,RMSE w
All,0.8065000000000001,0.8065000000000001,0.7831600720899747,0.23743807777785608,0.3686715636848543,0.23743807777785605,0.3686715636848543,0.058437201283863656,0.04789477250359563,0.029603455045151154,0.029603455045151154
