,Accuracy,F1 (micro),(R) NormF mean,(R) JS mean,(R) NormF w,(R) JS w,(G) NormF,(G) JS,RMSE mean,RMSE w
All,0.7701333333333336,0.7701333333333336,0.22518907374318,0.3306323775943518,0.22518907374318,0.3306323775943518,0.1359528186670199,0.1628467627736928,0.03256118309121843,0.032561183091218436
