,Accuracy,F1 (micro)
All,0.8020482603815939,0.8020482603815939
