,Accuracy,F1 (micro),F1 (macro)
All,0.01073169052513193,0.01073169052513192,0.01211982846333563
