,Accuracy,F1 (micro)
All,0.764337822671156,0.764337822671156
