,Accuracy,F1 (micro),Mean NormF,Mean JS,Wmean NormF,Wmean JS
Global,0.8364999999999999,0.8364999999999999,0.27213236753458125,0.5255909034330475,0.2721323675345813,0.5255909034330475
