,Accuracy,F1 (micro)
All,0.8184343434343434,0.8184343434343434
