ACC imiting Annot mean,Cross-entropy mean,ACC imiting Annot wmean,Cross entropy wmean
0.8919644025651093,0.27245317932256535,0.8919644025651093,0.27245317932256535
