,Accuracy,F1 (micro),Mean NormF,Mean JS,Wmean NormF,Wmean JS,Mean RMSE,Wmean RMSE
Global,0.7827333333333333,0.7827333333333334,0.1071579942229866,0.07692300033550614,0.10715799422298661,0.07692300033550614,0.0,0.0
