,Accuracy,F1 (micro)
Global,0.14486531986531984,0.14486531986531984
