,Accuracy,F1 (micro)
All,0.8285353535353532,0.8285353535353532
