,Accuracy,F1 (micro)
All,0.930976430976431,0.930976430976431
