ACC imiting Annot mean,Cross-entropy mean,ACC imiting Annot wmean,Cross entropy wmean
0.9496270121711816,0.17362008450051977,0.9496270121711816,0.17362008450051977
