,Accuracy,F1 (micro),(R) NormF mean,(R) JS mean,(R) NormF w,(R) JS w,(G) NormF,(G) JS,RMSE mean,RMSE w
All,0.8217333333333332,0.8217333333333332,0.27931866862249743,0.4919088792034996,0.2793186686224975,0.49190887920349957,0.13185539596028906,0.1086873959799799,0.0852637089386206,0.08526370893862062
