,Accuracy,F1 (micro),F1 (macro),(R) NormF mean,(R) JS mean,(R) NormF w,(R) JS w,(G) NormF,(G) JS,RMSE mean,RMSE w
All,0.027821674204755446,0.027821674204755467,0.04541758525539255,0.006693515340036744,0.015801798640344596,0.00669351534003674,0.01580179864034459,0.015008756071136558,0.029100327058739342,0.004368588334111902,0.004368588334111902
