,Accuracy,F1 (micro)
All,0.836475869809203,0.836475869809203
