,Accuracy,F1 (micro),F1 (macro),(R) NormF mean,(R) JS mean,(R) NormF w,(R) JS w,(G) NormF,(G) JS,RMSE mean,RMSE w
All,0.03178373098859785,0.03178373098859785,0.044904327070579175,0.0003297723629413913,0.0004435548781184418,0.00032977236294139275,0.00044355487811844214,5.330458033979868e-05,0.00018223449757573545,0.0,0.0
