,Accuracy,F1 (micro),Mean NormF,Mean JS,Wmean NormF,Wmean JS
Global,0.8050333333333335,0.8050333333333335,0.2665985952825777,0.5173128558574864,0.2665985952825777,0.5173128558574864
