Mean ACC imiting Annot,Mean cross-entropy,Wmean ACC imiting Annot,wMean cross entropy
0.8035597434890719,0.5623272081744204,0.8035597434890719,0.5623272081744203
