Groups,Prob,T(g),Entropy,Diag mean,Isim (JS),S_raykar,S_bias,C_bias,Iner JS,Iner NormF,Accuracy,F1 (micro)
0.0,0.2895959181090196,737.1,0.9926646545132446,0.3843045214230634,0.45832776931132024,0.296348024483501,0.32918756409121297,5.6,0.5917737798978157,0.3454981835903376,0.3798821548821548,0.3798821548821548
1.0,0.34684937745332717,882.9,0.870937696301645,0.3350928792719244,0.40301652512890557,0.24010614773934222,0.3424960428422083,1.6,0.5917737798978157,0.3454981835903376,0.3678170594837261,0.3678170594837261
2.0,0.3635541915893555,925.4333333333333,0.9825685787821049,0.47768157487198637,0.5584615803619026,0.40306465699655586,0.22799044853662784,4.766666666666667,0.5917737798978157,0.3454981835903376,0.48866442199775545,0.48866442199775545
