,Accuracy,F1 (micro),F1 (macro),(R) NormF mean,(R) JS mean,(R) NormF w,(R) JS w,(G) NormF,(G) JS,RMSE mean,RMSE w
All,0.7895666666666667,0.7895666666666667,0.7516712064791717,0.21944180307837452,0.30498679964687453,0.21944180307837452,0.30498679964687453,0.14331992499870588,0.1609976665072032,0.010927889019761812,0.010927889019761812
