,Accuracy,F1 (micro)
All,0.9419191919191919,0.9419191919191919
