,Accuracy,F1 (micro),(R) NormF mean,(R) JS mean,(R) NormF w,(R) JS w,(G) NormF,(G) JS,RMSE mean,RMSE w
All,0.8462,0.8462,0.28427101181499553,0.5043477085894096,0.28427101181499553,0.5043477085894097,0.08543230555988195,0.054399053612817584,0.1753042795445622,0.17530427954456224
