,Accuracy,F1 (micro)
Global,0.7984567901234573,0.7984567901234573
