,Accuracy,F1 (micro),Mean NormF,Mean JS,Wmean NormF,Wmean JS,Mean RMSE,Wmean RMSE
Global,0.8435333333333334,0.8435333333333334,0.2855958328667431,0.5066696696124113,0.2855958328667431,0.5066696696124114,0.17466300222483974,0.17466300222483974
