,Accuracy,F1 (micro)
Global,0.9335016835016835,0.9335016835016835
