,Accuracy,F1 (micro),F1 (macro)
All,0.9259259259259259,0.9259259259259259,0.9275854570074991
