,Accuracy,F1 (micro)
Global,0.9461538461538461,0.9461538461538461
