,Accuracy,F1 (micro),Mean KL,Mean JS
Global,0.5377696377696377,0.5377696377696377,2.046800613297473,0.1966078471367517
