,Accuracy,F1 (micro)
Global,0.5921855921855921,0.5921855921855921
