,Accuracy,F1 (micro),Mean KL,Mean JS
Global,0.9345136345136345,0.9345136345136345,0.008327567830695269,0.002907353278696796
