,Accuracy,F1 (micro),Mean KL,Mean JS
Global,0.9292226292226292,0.9292226292226292,3.102773111224127,0.5561781984366628
