ACC imiting Annotator,CE imiting Annotator
0.701768338174402,0.6696959986488503
