Groups,Prob,T(g),Entropy,Diag Mean,KL to I,I sim %(JS),Spammer,Accuracy,F1 (micro)
0.0,0.17442562729120253,16.9,0.33289992064237595,0.5234399557113647,1.4515131248849427,0.42121288909887455,0.28515992537140844,0.33369963369963374,0.33369963369963374
1.0,0.4847941756248474,48.0,0.1883234955370426,0.78878093957901,0.772549410104416,0.7410142366373899,0.6831713825464248,0.6507936507936509,0.6507936507936509
2.0,0.34078020602464676,33.5,0.20851709842681884,0.61030033826828,1.369916936301227,0.510035451648476,0.4154504895210266,0.5663003663003663,0.5663003663003663
