,Accuracy,F1 (micro),Mean KL,Mean JS,Wmean KL,Wmean JS,Mean RMSE,Wmean RMSE
Global,0.5784696784696786,0.5784696784696786,1.0649511442525077,0.19746455583368777,1.0650839134136902,0.19750314315836523,0.14251296011884018,0.14239817344151343
