,Accuracy,F1 (micro),Mean KL,Mean JS
Global,0.6564102564102564,0.6564102564102564,0.754574254254156,0.14236257840667763
