,Accuracy,F1 (micro)
Global,0.7999999999999999,0.7999999999999999
