Groups,Prob,T(g),Entropy,Diag Mean,KL to I,I sim %(JS),Spammer,Accuracy,F1 (micro)
0.0,0.23006432354450226,22.7,0.2915020138025284,0.7047991275787353,0.6242743917363709,0.6757149128919229,0.5571986883878708,0.6306471306471306,0.6306471306471306
1.0,0.5353238046169281,53.1,0.0946171946823597,0.9822695672512054,0.01800189314712406,0.9870713626749186,0.9734043419361115,0.8896214896214898,0.8896214896214898
2.0,0.23461186289787292,23.0,0.28322137594223024,0.6267045736312866,1.1311203131477179,0.5411013783092645,0.4400568574666977,0.38315018315018323,0.38315018315018323
