,Accuracy,F1 (micro)
Global,0.5913308913308912,0.5913308913308912
