,Accuracy,F1 (micro)
Global,0.6752136752136753,0.6752136752136753
