,Accuracy,F1 (micro)
Global,0.9411477411477411,0.9411477411477411
