ACC imiting Annotator,CE imiting Annotator
0.7907692974354862,0.6453019738197326
