,Accuracy,F1 (micro)
Global,0.9393569393569393,0.9393569393569393
