,Accuracy,F1 (micro)
Global,0.9487179487179487,0.9487179487179487
