,Accuracy,F1 (micro)
Global,0.9330891330891331,0.9330891330891331
