ACC imiting Annotator,CE imiting Annotator
0.6653447921691312,0.7671353761735094
