,Accuracy,F1 (micro),Mean KL,Mean JS,Wmean KL,Wmean JS,Mean RMSE,Wmean RMSE
Global,0.9290191290191292,0.9290191290191292,0.22023486983293475,0.09414773021637941,0.20931104198676104,0.08960203985270834,0.10264920595983935,0.10102007507752571
