,Accuracy,F1 (micro)
Global,0.6650793650793652,0.6650793650793652
