,Accuracy,F1 (micro)
Global,0.6831501831501833,0.6831501831501833
