,Accuracy,F1 (micro)
Global,0.9416361416361416,0.9416361416361416
