,Accuracy,F1 (micro)
Global,0.901831501831502,0.901831501831502
