,Accuracy,F1 (micro),Mean KL,Mean JS
Global,0.7054131054131054,0.7054131054131053,0.513515391051419,0.1421569823628992
