,Accuracy,F1 (micro)
Global,0.7111111111111111,0.7111111111111111
