ACC imiting Annotator,CE imiting Annotator
0.6393551469088417,0.8282089139800725
