,Accuracy,F1 (micro),Mean KL,Mean JS
Global,0.9305657305657306,0.9305657305657306,2.030627187070419,0.12541890420852367
