,Accuracy,F1 (micro),Mean KL,Mean JS,Wmean KL,Wmean JS,Mean RMSE,Wmean RMSE
Global,0.8863654863654864,0.8863654863654864,0.8394471311030223,0.15534082375325736,0.840702299262434,0.1555563279473958,0.17859199730023897,0.17882998171846437
