Groups,Prob,T(g),Entropy,Diag Mean,KL to I,I sim %(JS),Spammer,Accuracy,F1 (micro)
0.0,0.5005242019891739,1000.6,0.1756468340754509,0.8140087395906448,0.8050835942852415,0.7693075694901629,0.7210131287574768,0.8252747252747252,0.8252747252747252
1.0,0.2886368975043297,576.8,0.2034691110253334,0.6196248173713684,1.309271101835908,0.5166174885562047,0.4294371947646141,0.5997557997557997,0.5997557997557997
2.0,0.21083888858556749,421.3,0.3775483831763268,0.552506884932518,1.2576009333948197,0.48081831627536353,0.3287603163626045,0.38913308913308914,0.38913308913308914
