,Accuracy,F1 (micro),Mean KL,Mean JS,Wmean KL,Wmean JS,Mean RMSE,Wmean RMSE
Global,0.9386650386650386,0.9386650386650386,0.014751284092466833,0.006399716562471247,0.014715864917632127,0.006385409518439247,0.07953425040199659,0.07932967702620354
