ACC imiting Annotator,CE imiting Annotator
0.7699377853375126,0.6671734631061554
