,Accuracy,F1 (micro),Mean KL,Mean JS,Wmean KL,Wmean JS,Mean RMSE,Wmean RMSE
Global,0.7523809523809525,0.7523809523809525,0.6600126805257377,0.13896112579822886,0.6678033226869851,0.1390314555869337,0.15041156815128903,0.1495715684674392
