ACC imiting Annotator,CE imiting Annotator
0.6938508353139622,0.6964487112960124
