,Accuracy,F1 (micro)
Global,0.9477411477411477,0.9477411477411477
