,Accuracy,F1 (micro),Mean KL,Mean JS
Global,0.9241351241351243,0.9241351241351243,2.4830311205987425,0.1418475313451721
