,Accuracy,F1 (micro)
Global,0.9361009361009361,0.9361009361009361
