,Accuracy,F1 (micro),Mean KL,Mean JS,Wmean KL,Wmean JS,Mean RMSE,Wmean RMSE
Global,0.7925925925925927,0.7925925925925927,0.8490745106970868,0.16487648282984058,0.8560076929209707,0.16544179591502264,0.17994281358482384,0.17854024723593492
