,Accuracy,F1 (micro),Mean KL,Mean JS
Global,0.9340252340252342,0.9340252340252342,0.00980708710802018,0.003352554062629096
