,Accuracy,F1 (micro),Mean KL,Mean JS,Wmean KL,Wmean JS,Mean RMSE,Wmean RMSE
Global,0.9381766381766383,0.9381766381766383,0.015940396536525202,0.006924200223682111,0.015871477245945807,0.006895697405056423,0.07906048778551636,0.0790149631018877
