ACC imiting Annotator,CE imiting Annotator
0.7228835440695243,0.7287705361843109
