Groups,Prob,T(g),Entropy,Diag Mean,KL to I,I sim %(JS),Spammer,Accuracy,F1 (micro)
0.0,0.5547943413257599,1109.2,0.09809810034930706,0.9804377675056457,0.020018959803234426,0.9856557821338671,0.9706566452980041,0.8997557997557999,0.8997557997557999
1.0,0.22700684666633605,453.3,0.28038810938596725,0.6478365957736969,1.0920888407912273,0.5634500652505495,0.4717548966407776,0.42796092796092805,0.42796092796092805
2.0,0.21819881945848466,436.0,0.31171296909451485,0.6884068071842193,0.6785413255237821,0.6578484757662573,0.5326102048158645,0.6399267399267401,0.6399267399267401
