,Accuracy,F1 (micro),Mean KL,Mean JS
Global,0.6620675620675621,0.6620675620675621,0.5159631353385922,0.13689858371118335
