,Accuracy,F1 (micro),Mean KL,Mean JS,Wmean KL,Wmean JS,Mean RMSE,Wmean RMSE
Global,0.895034595034595,0.895034595034595,0.7224182294870453,0.13944489336622992,0.7249371704182622,0.1393350838192763,0.18407311966762618,0.1827547230744389
