,Accuracy,F1 (micro)
Global,0.7995115995115996,0.7995115995115996
