,Accuracy,F1 (micro)
Global,0.8404151404151404,0.8404151404151404
