,Accuracy,F1 (micro)
Global,0.9476190476190476,0.9476190476190476
