Groups,Prob,T(g),Entropy,Diag Mean,KL to I,I sim %(JS),Spammer,Accuracy,F1 (micro)
0.0,0.3730955421924591,745.7,0.1606560081243515,0.6655220985412598,1.0978125771409653,0.5697322739883788,0.4982831299304962,0.540903540903541,0.540903540903541
1.0,0.48314174711704255,965.8,0.20669680908322335,0.9285905599594116,0.08739571882982337,0.9413452809504579,0.892885810136795,0.6836385836385837,0.6836385836385837
2.0,0.1437627151608467,286.9,0.48596728444099424,0.5248983532190323,1.0344054539405196,0.48023226956670867,0.28734751492738725,0.33382173382173386,0.33382173382173386
