,Accuracy,F1 (micro)
Global,0.730891330891331,0.730891330891331
