ACC imiting Annotator,CE imiting Annotator
0.8424735685184291,0.7113388657569886
