,Accuracy,F1 (micro),Mean KL,Mean JS,Wmean KL,Wmean JS,Mean RMSE,Wmean RMSE
Global,0.9352055352055352,0.9352055352055352,0.32893138021823587,0.13745272596653577,0.3054626616259359,0.1280227228212058,0.10962171402331784,0.11710531676512528
