,Accuracy,F1 (micro),Mean KL,Mean JS
Global,0.7459910459910459,0.7459910459910459,0.5127690188620649,0.15368890741358415
