,Accuracy,F1 (micro),Mean KL,Mean JS
Global,0.7355718355718356,0.7355718355718356,0.49669123500201795,0.13410171648452462
