,Accuracy,F1 (micro)
Global,0.599023199023199,0.599023199023199
