,Accuracy,F1 (micro)
Global,0.6680097680097681,0.6680097680097681
