,Accuracy,F1 (micro),Mean KL,Mean JS
Global,0.6489621489621489,0.6489621489621489,0.5203920670313325,0.13178661841241196
