,Accuracy,F1 (micro)
Global,0.752991452991453,0.7529914529914532
