,Accuracy,F1 (micro),Mean KL,Mean JS
Global,0.5612128612128613,0.5612128612128613,2.2507801252109796,0.19656446281292747
