,Accuracy,F1 (micro),Mean KL,Mean JS
Global,0.6784289784289784,0.6784289784289784,0.6358399217062767,0.09881002919000056
