,Accuracy,F1 (micro),Mean KL,Mean JS,Wmean KL,Wmean JS,Mean RMSE,Wmean RMSE
Global,0.9362637362637363,0.9362637362637363,0.1769388043018199,0.07113867384149232,0.1675012297746103,0.06728104116584782,0.13148224969271394,0.13162845147747457
