,Accuracy,F1 (micro)
Global,0.8907203907203909,0.8907203907203909
