,Accuracy,F1 (micro)
Global,0.5891330891330893,0.5891330891330893
