,Accuracy,F1 (micro),Mean KL,Mean JS,Wmean KL,Wmean JS,Mean RMSE,Wmean RMSE
Global,0.9369149369149369,0.9369149369149369,0.20610783711918074,0.08766763542957848,0.1948940449984867,0.08308590804071064,0.11992555386234256,0.11938313410305576
