,Accuracy,F1 (micro),Mean KL,Mean JS
Global,0.5636955636955637,0.5636955636955637,2.2321244917059007,0.2011894987693208
