,Accuracy,F1 (micro),Mean KL,Mean JS
Global,0.8086284086284087,0.8086284086284087,0.3952679310629229,0.10887623056231274
