ACC imiting Annotator,CE imiting Annotator
0.6967288269867056,0.6402753114700317
