ACC imiting Annotator,CE imiting Annotator
0.735714790997261,0.5849045395851136
