Groups,Prob,T(g),Entropy,Diag Mean,KL to I,I sim %(JS),Spammer,Accuracy,F1 (micro)
0.0,0.38828873336315156,3848.9,0.15737505927681922,0.7938883870840072,0.8528118469615606,0.7447098440020534,0.6908325910568237,0.7836385836385836,0.7836385836385836
1.0,0.27136357575654985,2689.8,0.29611493498086927,0.574273732304573,1.4749001411169549,0.4731961843879784,0.3614106014370918,0.5047619047619047,0.5047619047619047
2.0,0.3403476893901825,3373.7,0.21486999988555908,0.6358733266592026,1.2416064693688176,0.5513402184370559,0.4538100004196167,0.6297924297924297,0.6297924297924297
