ACC imiting Annotator,CE imiting Annotator
0.7499376308189603,0.6307835380134925
