,Accuracy,F1 (micro)
Global,0.9498168498168498,0.9498168498168498
