,Accuracy,F1 (micro)
Global,0.7434676434676435,0.7434676434676435
