,Accuracy,F1 (micro)
Global,0.5731379731379731,0.5731379731379731
