,Accuracy,F1 (micro),Mean KL,Mean JS,Wmean KL,Wmean JS,Mean RMSE,Wmean RMSE
Global,0.7420024420024419,0.7420024420024419,0.8424211364589395,0.18108269551768597,0.8616881601168593,0.18212188358915765,0.1690016329074731,0.1701385210837238
