,Accuracy,F1 (micro)
Global,0.9438339438339438,0.9438339438339438
