,Accuracy,F1 (micro)
Global,0.9488400488400488,0.9488400488400488
