,Accuracy,F1 (micro),Mean KL,Mean JS
Global,0.8151404151404152,0.8151404151404152,2.134754689924057,0.15605136506556755
