,Accuracy,F1 (micro)
Global,0.7706959706959707,0.7706959706959707
