,Accuracy,F1 (micro),Mean KL,Mean JS
Global,0.5673178673178673,0.5673178673178673,1.903302107040135,0.1881358912856829
