ACC imiting Annotator,CE imiting Annotator
0.6286569543152636,0.7640741639008414
