Groups,Prob,Entropy,Diag mean,Isim (JS),S_raykar,S_bias,C_bias,Iner JS,Iner NormF,Accuracy,F1 (micro)
0.0,0.25498218312859533,0.010293450249830232,0.9987593839691462,0.9993806615858911,0.9981390759537192,0.00028607158161319537,0.0,0.011671577828228915,0.028691924429167542,0.8821246628708421,0.8821246628708421
1.0,0.36472254395484927,0.053795580017805864,0.9900230291097196,0.9949610175919567,0.9850345436645792,0.00512770302461627,1.95,0.011671577828228915,0.028691924429167542,0.881926131255619,0.881926131255619
2.0,0.3802953645586967,0.13301747291485067,0.9679944374528094,0.9834760644910873,0.9519916561792143,0.01598609233738508,0.0,0.011671577828228915,0.028691924429167542,0.8813267905304165,0.8813267905304165
