,Accuracy,F1 (micro),F1 (macro),(R) NormF mean,(R) JS mean,(R) NormF w,(R) JS w,(G) NormF,(G) JS
All,0.0029823593011966613,0.0029823593011966596,0.004132768914009959,1.1102230246251565e-16,5.551115123125783e-17,5.551115123125783e-17,1.3877787807814457e-17,4.163336342344337e-17,6.938893903907228e-18
