,Accuracy,F1 (micro),F1 (macro)
All,0.003221654575027841,0.0032216545750278322,0.004047988770262111
