Groups,Prob,Entropy,Diag mean,Isim (JS),S_raykar,S_bias,C_bias,Iner JS,Iner NormF,Accuracy,F1 (micro)
0.0,0.00761395485769969,0.46894581909483907,0.8585576229511588,0.9238237543681709,0.787836434426738,0.022762169496688116,0.4,0.038113356202204504,0.07771514251934677,0.8774985016481871,0.8774985016481871
1.0,0.979053634519788,0.019575646557018513,0.9970853254695292,0.9985405408131438,0.995627988204294,0.0017417049200141644,0.0,0.038113356202204504,0.07771514251934677,0.8806075816601739,0.8806075816601739
2.0,0.013332410622512484,0.34615152579062997,0.9071835612294814,0.9512775936292875,0.8607753418442222,0.03498797707844033,0.0,0.038113356202204504,0.07771514251934677,0.8791804015582857,0.8791804015582857
