,Accuracy,F1 (micro),F1 (macro),(R) NormF mean,(R) JS mean,(G) NormF,(G) JS
All,0.0028324624905112844,0.002832462490511287,0.0029213544705481292,0.0002184982612334641,0.0005670220319343003,0.0003561912274153319,0.0009299538376768233
