,Accuracy,F1 (micro),F1 (macro),(R) NormF mean,(R) JS mean,(G) NormF,(G) JS
All,0.8325195369880722,0.832519536988072,0.8256031496089434,0.2717231581648384,0.1875064799921887,0.1213838442246242,0.06631018335028181
