,Accuracy,F1 (micro),F1 (macro)
All,0.0015190499883485727,0.0015190499883485666,0.0020604292686761897
