,Accuracy,F1 (micro),F1 (macro)
All,0.8798059634402158,0.8798059634402158,0.8666838125180751
