,Accuracy,F1 (micro),F1 (macro)
All,0.8970632304465088,0.8970632304465087,0.8862465332311215
