,Accuracy,F1 (micro),F1 (macro)
All,0.003174055499657634,0.0031740554996576398,0.0032490293878199273
