,Accuracy,F1 (micro),F1 (macro),(R) NormF mean,(R) JS mean,(R) NormF w,(R) JS w,(G) NormF,(G) JS
All,0.004388921011214385,0.004388921011214402,0.0062154694163889385,5.551115123125783e-17,2.7755575615628914e-17,6.938893903907228e-17,0.0,2.7755575615628914e-17,6.938893903907228e-18
