,Accuracy,F1 (micro),F1 (macro)
All,0.002399267275346001,0.002399267275346001,0.0033669136720685428
