,Accuracy,F1 (micro),F1 (macro),(R) NormF mean,(R) JS mean,(G) NormF,(G) JS
All,0.0015537510061356683,0.0015537510061356748,0.0019523675115727622,0.00030674990272549574,0.0002309470465886184,0.00036799116801947075,0.00021158354256981392
