,Accuracy,F1 (micro),F1 (macro)
All,0.004628565846670479,0.004628565846670486,0.006200956245892036
