,Accuracy,F1 (micro),F1 (macro)
All,0.88487788432724,0.88487788432724,0.8714057630814322
