,Accuracy,F1 (micro),F1 (macro),(R) NormF mean,(R) JS mean,(G) NormF,(G) JS
All,0.8237881191609381,0.8237881191609381,0.8127696799896432,0.20686590781461178,0.1360069217151994,0.20232586648784467,0.06910213065784768
