Groups,Prob,Entropy,Diag mean,Isim (JS),S_raykar,S_bias,C_bias,Iner JS,Iner NormF,Accuracy,F1 (micro)
0.0,0.19215322620488895,0.26385593948933905,0.26141887513440476,0.22314979344933344,0.3921283127016072,0.33489720735424877,0.9,0.1976803655823996,0.2110421812211589,0.25184067823461326,0.25184067823461326
0.0,0.2212898467041116,0.0575599818305734,0.018694902377499503,0.0101839570847262,0.028042353566249283,0.012455510789021145,0.806225774829855,0.1976803655823996,0.2110421812211589,0.0022927720495485317,0.0022927720495485478
0.0,0.1190157167084167,0.2027193845078631,0.26572034445191794,0.2325713300156419,0.3985805166778769,0.3902458261314236,0.9273618495495705,0.1976803655823996,0.2110421812211589,0.23959399796085673,0.23959399796085673
