,Accuracy,F1 (micro),Mean NormF,Mean JS,Wmean NormF,Wmean JS
Global,0.706884,0.706884,0.06739773201341381,0.10868476728680967,0.06725910976395924,0.10828889521684873
