,Accuracy,F1 (micro),Mean NormF,Mean JS,Wmean NormF,Wmean JS
Global,0.513692,0.513692,0.14744478638938993,0.23483558044671748,0.1474109636957989,0.2347204878028101
