Groups,Prob,Entropy,Diag Mean,KL to I,I sim %(JS),Spammer,Accuracy,F1 (micro)
0.0,0.554623931646347,0.7534582197666169,0.7972477436065674,0.2564194663251609,0.8288460205038962,0.7747197151184082,0.76678,0.76678
1.0,0.11247120946645736,1.1754992842674254,0.6346070528030395,1.0113052685814345,0.6290748762381387,0.5940078139305115,0.67486,0.67486
2.0,0.19082143306732177,1.1444755673408509,0.643508780002594,0.5656580244166898,0.6629072675802359,0.6038986504077911,0.66782,0.6678200000000001
3.0,0.14208343178033828,1.1792173385620117,0.6468077301979065,0.5342786931483012,0.6732814712111017,0.607564115524292,0.68984,0.68984
