,Accuracy,F1 (micro)
Global,0.7311000000000001,0.7311000000000001
