,Accuracy,F1 (micro),Mean NormF,Mean JS,Wmean NormF,Wmean JS
Global,0.70156,0.70156,0.13762663919741244,0.19376176468986617,0.13752962816502362,0.19352467904837467
