,Accuracy,F1 (micro),Mean NormF,Mean JS,Wmean NormF,Wmean JS
Global,0.784636,0.784636,0.014025345544714195,0.0044262831437029745,0.014021846831577381,0.004426268411703425
