,Accuracy,F1 (micro),Mean NormF,Mean JS
Global,0.82046,0.82046,0.13831989764231142,0.2079673034171615
