,Accuracy,F1 (micro),Mean NormF,Mean JS,Wmean NormF,Wmean JS
Global,0.730304,0.730304,0.1406008375499271,0.19838428100886435,0.14061517380436253,0.19844857975446123
