Mean ACC imiting Annot,Mean cross-entropy,Wmean ACC imiting Annot,wMean cross entropy
0.3880852129437652,1.8461368034437142,0.38820607374403565,1.8457568723915372
