Mean ACC imiting Annot,Mean cross-entropy,Wmean ACC imiting Annot,wMean cross entropy
0.38202238476824457,1.8537335762084162,0.3823137453610333,1.8531597807142373
