,Accuracy,F1 (micro),Mean NormF,Mean JS,Wmean NormF,Wmean JS,Mean RMSE,Wmean RMSE
Global,0.8125879999999999,0.8125879999999999,0.1401490024125636,0.1966305401704581,0.14008778984248738,0.19646046386317106,0.3784959391505883,0.3781915990891303
