,Accuracy,F1 (micro),Mean NormF,Mean JS,Wmean NormF,Wmean JS
Global,0.49211599999999994,0.49211599999999994,0.1397569408612598,0.2144415746397347,0.1397412958442798,0.21442254917613662
