,Accuracy,F1 (micro),Mean NormF,Mean JS,Wmean NormF,Wmean JS
Global,0.7308319999999999,0.7308319999999999,0.0637944488133876,0.09475628439573922,0.06366542494041791,0.09438824658998002
