,Accuracy,F1 (micro),Mean NormF,Mean JS,Wmean NormF,Wmean JS
Global,0.698944,0.698944,0.12250666149645348,0.14484040727280306,0.12246207805294598,0.14474374405961887
