Groups,Prob,T(g),Entropy,Diag Mean,KL to I,I sim %(JS),Spammer,Accuracy,F1 (micro)
0.0,0.16666916012763977,332.8,1.1751052975654601,0.6414263844490051,0.9481103307225757,0.6387615409375995,0.6015848994255066,0.6939,0.6939
1.0,0.33600823283195497,671.4,1.3059707522392272,0.5808511734008789,0.6813740278569927,0.5963516987460059,0.5342791199684143,0.6215599999999999,0.6215599999999999
2.0,0.35688430070877075,713.2,0.9301443576812745,0.7610025823116302,0.30704639429264546,0.7970058160929004,0.7344473481178284,0.7792999999999999,0.7792999999999999
3.0,0.140438312292099,280.4,1.3183997988700866,0.5891449153423309,0.6593154394610063,0.6075003502701838,0.5434943437576294,0.6977400000000001,0.6977400000000001
