Mean ACC imiting Annot,Mean cross-entropy,Wmean ACC imiting Annot,wMean cross entropy
0.4161816625813084,1.6807763579585768,0.41630383918536795,1.6802293570578748
