,Accuracy,F1 (micro),Mean NormF,Mean JS,Wmean NormF,Wmean JS
Global,0.514916,0.514916,0.14499945673792833,0.2307177478525903,0.14500701109477054,0.23070088914854664
