Groups,Prob,T(g),Entropy,Diag Mean,KL to I,I sim %(JS),Spammer,Accuracy,F1 (micro)
0.0,0.37135371565818787,742.4,0.8040686011314392,0.811163580417633,0.21818867746864612,0.8495226742134564,0.7901818156242371,0.76396,0.76396
1.0,0.1574569270014763,314.4,1.14573792219162,0.6581362366676331,0.5393160696110874,0.68047136534261,0.6201513648033142,0.6976600000000001,0.6976600000000001
2.0,0.2793920785188675,558.2,0.7100659191608429,0.8324335098266602,0.20346377736763208,0.8626604367063557,0.8138149976730347,0.7353400000000001,0.73534
3.0,0.19179728627204895,383.0,1.4188090682029724,0.5096987247467041,1.2347589093706166,0.4903899411422474,0.4552208185195923,0.58798,0.58798
