,Accuracy,F1 (micro),Mean NormF,Mean JS,Wmean NormF,Wmean JS,Mean RMSE,Wmean RMSE
Global,0.827172,0.8271719999999998,0.15483664722747975,0.23386853731028526,0.1548995275952098,0.23402761921985996,0.4289441209314949,0.4289004787482952
