,Accuracy,F1 (micro)
Global,0.6756400000000001,0.6756400000000001
