ACC imiting Annotator,CE imiting Annotator
0.6751818559847322,0.6847589941070812
