,Accuracy,F1 (micro),Average KL,Average PearsonCorr
Global,0.9149776149776152,0.9149776149776152,0.012572567469841455,0.9903191585826358
