,Accuracy,F1 (micro)
Global,0.6697802197802196,0.6697802197802196
