,Accuracy,F1 (micro)
Global,0.9304029304029304,0.9304029304029304
