,Accuracy,F1 (micro),Average KL,Average PearsonCorr
Global,0.5894179894179892,0.5894179894179892,1.807826242105207,0.4826468175500107
