,Accuracy,F1 (micro),Average KL,Average PearsonCorr
Global,0.6526048026048026,0.6526048026048026,1.1080667242215545,0.41680975746119653
