Groups,Prob,T(g),Entropy,Diag Mean,KL to I,I similar % (JS),Accuracy,F1 (micro)
0.0,0.32797674760222434,1639.3,0.24235498011112214,0.7629943072795868,0.7045213329560867,0.810015120860243,0.7142857142857142,0.7142857142857143
1.0,0.27549227848649027,1376.95,0.2569333067163825,0.8745317369699478,0.2360324859376402,0.917229869314095,0.8333943833943834,0.8333943833943834
2.0,0.3965309798717499,1982.15,0.21548527106642723,0.8886468291282654,0.21083448982893932,0.9256760371757522,0.8627594627594629,0.8627594627594629
