Groups,Prob,T(g),Entropy,Diag Mean,KL to I,I similar % (JS),Accuracy,F1 (micro)
0.0,0.3525946468114853,34.9,0.39227027744054793,0.8040271416306496,0.3910069176000318,0.8741977690362489,0.6906593406593404,0.6906593406593404
1.0,0.3089627675712109,30.35,0.389712230861187,0.8128665119409562,0.3641509222360134,0.880650639507385,0.7099511599511601,0.7099511599511599
2.0,0.33844258412718775,33.25,0.3940499871969223,0.7957937538623809,0.40431126726983846,0.8680456802761972,0.6877899877899877,0.6877899877899877
