,Accuracy,F1 (micro)
Global,0.7735653235653237,0.7735653235653237
