,Accuracy,F1 (micro),Average KL,Average PearsonCorr
Global,0.6256817256817256,0.6256817256817256,0.6168325823609259,0.7335064552397581
