,Accuracy,F1 (micro)
Global,0.9385836385836386,0.9385836385836386
