,Accuracy,F1 (micro)
Global,0.9264957264957265,0.9264957264957265
