,Accuracy,F1 (micro)
Global,0.5023199023199022,0.5023199023199022
