,Accuracy,F1 (micro)
Global,0.7851648351648354,0.7851648351648354
