,Accuracy,F1 (micro),Average KL,Average PearsonCorr,Average RMSE
Global,0.6956450956450957,0.6956450956450957,0.7727108121942969,0.3720068650877065,0.19080326322193783
