,Accuracy,F1 (micro),Average KL,Average PearsonCorr
Global,0.7423483923483924,0.7423483923483924,1.1624270944497457,0.4025920744116499
