,Accuracy,F1 (micro),Average KL,Average PearsonCorr
Global,0.5995929995929996,0.5995929995929996,0.20771211049017593,0.9423492238042342
