,Accuracy,F1 (micro),Average KL,Average PearsonCorr,Average RMSE
Global,0.7507936507936508,0.7507936507936508,0.017211123148025503,0.9890553279859159,0.12891538774655228
