ACC imiting Annotator,CE imiting Annotator
0.6013457842105094,0.8173272815019195
