,Accuracy,F1 (micro),Average KL,Average PearsonCorr,Average RMSE
Global,0.8681522181522181,0.8681522181522181,0.4504257921334651,0.5490921335370782,0.08889561518154823
