,Accuracy,F1 (micro),Average KL,Average PearsonCorr
Global,0.5995929995929996,0.5995929995929996,1.8057107058501554,0.48203604050432347
