ACC imiting Annotator,CE imiting Annotator
0.6380927592389469,0.8457615613937378
