,Accuracy,F1 (micro),Average KL,Average PearsonCorr
Global,0.7054538054538055,0.7054538054538055,0.9839023477034321,0.417976739148257
