,Accuracy,F1 (micro)
Global,0.6150183150183148,0.6150183150183148
