,Accuracy,F1 (micro),Average KL,Average PearsonCorr
Global,0.5277167277167277,0.5277167277167277,1.640596207765365,0.4617059384617219
