,Accuracy,F1 (micro),Average KL,Average PearsonCorr,Average RMSE
Global,0.7454415954415954,0.7454415954415954,0.01492853164942691,0.9111691054195699,0.09639179544225443
