,Accuracy,F1 (micro),Average KL,Average PearsonCorr,Average RMSE
Global,0.7501221001221,0.7501221001221,0.017673082829489824,0.9902174061039345,0.1779942354787793
