ACC imiting Annotator,CE imiting Annotator
0.6290099580060702,0.8994677782058715
