ACC imiting Annotator,CE imiting Annotator
0.6241648647390472,0.797218344119859
