,Accuracy,F1 (micro),Average KL,Average PearsonCorr
Global,0.5150386650386649,0.5150386650386649,0.21602680127073434,0.9381150952139354
