,Accuracy,F1 (micro)
Global,0.7276556776556775,0.7276556776556775
