,Accuracy,F1 (micro)
Global,0.6225274725274723,0.6225274725274723
