,Accuracy,F1 (micro)
Global,0.9177859177859178,0.9177859177859178
