ACC imiting Annotator,CE imiting Annotator
0.6618775801932373,0.7504635295065614
