ACC imiting Annotator,CE imiting Annotator
0.6652083026741964,0.7012813316741578
