ACC imiting Annotator,CE imiting Annotator
0.6585811660278761,0.7720905721187592
