Groups,Prob,T(g),Entropy,Diag Mean,KL to I,I similar % (JS),Accuracy,F1 (micro)
0.0,0.3241236373782158,1620.25,0.2815878439694643,0.8866452753543854,0.14339598461127717,0.9340597318266257,0.6801587301587302,0.6801587301587302
1.0,0.3327014774084091,1662.95,0.2664406007155776,0.9019884407520294,0.11739149048552296,0.94477914702255,0.7192918192918192,0.7192918192918192
2.0,0.3431748829782009,1715.5,0.29066290650516746,0.8870513498783111,0.13744333665841263,0.9356388996726887,0.6976190476190476,0.6976190476190476
