ACC imiting Annotator,CE imiting Annotator
0.652816889319871,0.7171052845636037
