,Accuracy,F1 (micro),Average KL,Average PearsonCorr,Average RMSE
Global,0.6694749694749694,0.6694749694749694,0.7315753116692482,0.5447915435615288,0.18746184898251736
