ACC imiting Annotator,CE imiting Annotator
0.6734767204693248,0.7474926620721817
