ACC imiting Annotator,CE imiting Annotator
0.6642615954132022,0.7247499760633856
