,Accuracy,F1 (micro)
Global,0.7134920634920634,0.7134920634920634
