,Accuracy,F1 (micro),Average KL,Average PearsonCorr
Global,0.7423483923483924,0.7423483923483924,0.1544160885553218,0.9637796154857083
