,Accuracy,F1 (micro),Average KL,Average PearsonCorr,Average RMSE
Global,0.7095238095238096,0.7095238095238096,0.5350684066320983,0.6536339099837597,0.1499342939980554
