,Accuracy,F1 (micro),Average KL,Average PearsonCorr
Global,0.642104192104192,0.642104192104192,1.1098465211445647,0.4075264730160546
