,Accuracy,F1 (micro),Average KL,Average PearsonCorr
Global,0.6256817256817256,0.6256817256817256,1.4776824748630426,0.40816215894344265
