Groups,Prob,T(g),Entropy,Diag Mean,KL to I,I similar % (JS),Accuracy,F1 (micro)
0.0,0.3118293099105358,30.65,0.34630656987428665,0.6505417570471763,1.1297570091314044,0.7178929169857317,0.6173382173382173,0.6173382173382173
1.0,0.34267221540212633,33.7,0.3021759785711765,0.7221713215112686,1.0489817333163758,0.769636369445087,0.6272893772893773,0.6272893772893773
2.0,0.3454984754323959,34.0,0.31093420907855035,0.7042096361517907,1.080933007902348,0.7550063909657604,0.6726495726495727,0.6726495726495727
