,Accuracy,F1 (micro)
Global,0.7250915750915751,0.7250915750915752
