,Accuracy,F1 (micro)
Global,0.7542124542124544,0.7542124542124544
