,Accuracy,F1 (micro),Average KL,Average PearsonCorr
Global,0.5894179894179892,0.5894179894179892,0.20573029929522132,0.9260989852809374
