,Accuracy,F1 (micro)
Global,0.757814407814408,0.757814407814408
