,Accuracy,F1 (micro),Average KL,Average PearsonCorr
Global,0.7125356125356124,0.7125356125356124,0.7664385363719735,0.41070046407198335
