ACC imiting Annotator,CE imiting Annotator
0.6540717462620055,0.7324213184479337
