,Accuracy,F1 (micro),Average KL,Average PearsonCorr
Global,0.622039072039072,0.622039072039072,1.2700504876228391,0.6741017305582508
