,Accuracy,F1 (micro),Average KL,Average PearsonCorr,Average RMSE
Global,0.8683964183964183,0.8683964183964183,0.7072977335100447,0.3604044770413974,0.12017382384079393
