,Accuracy,F1 (micro),Average KL,Average PearsonCorr,Average RMSE
Global,0.7559422059422058,0.7559422059422058,0.7084304006788165,0.35498653683970416,0.16333190973189765
