,Accuracy,F1 (micro)
Global,0.685042735042735,0.685042735042735
