Groups,Prob,T(g),Entropy,Diag Mean,KL to I,I similar % (JS),Accuracy,F1 (micro)
0.0,0.3622284665703773,35.75,0.2402002852410078,0.8383057534694671,0.40022186413927524,0.8776143374033512,0.6912698412698414,0.6912698412698414
1.0,0.3448303572833538,34.1,0.2422207798808813,0.8441886842250824,0.38163090081902196,0.8841255652679152,0.7166056166056167,0.7166056166056167
2.0,0.29294117316603663,28.75,0.23364322893321515,0.8233207404613495,0.5123165876666821,0.8602904398164453,0.7003663003663003,0.7003663003663003
