,Accuracy,F1 (micro)
Global,0.7173992673992671,0.7173992673992672
