,Accuracy,F1 (micro),Average KL,Average PearsonCorr,Average RMSE
Global,0.8687016687016685,0.8687016687016685,0.7173155979961685,0.39781014589238656,0.14574174123422587
