Groups,Prob,T(g),Entropy,Diag Mean,KL to I,I similar % (JS),Accuracy,F1 (micro)
0.0,0.3686040371656418,36.35,0.3468364529311657,0.7367476701736451,0.7713498467553717,0.7999333853836533,0.6681929181929182,0.6681929181929182
1.0,0.345359580218792,34.0,0.35133383348584174,0.7115978926420212,0.8298741072828879,0.7772447451506616,0.6825396825396823,0.6825396825396823
2.0,0.28603638112545016,28.2,0.29115414768457415,0.7659239307045936,0.7934537840766732,0.8104353729913907,0.7286324786324786,0.7286324786324786
