Groups,Prob,T(g),Entropy,Diag Mean,KL to I,I similar % (JS),Accuracy,F1 (micro)
0.0,0.32042695879936217,640.35,0.37516151890158655,0.7667665608227253,0.5300954883416215,0.8399438398591684,0.68003663003663,0.68003663003663
1.0,0.3633935287594795,726.2,0.35121482983231544,0.7991553217172622,0.4729068305897474,0.8625186700458819,0.7335775335775335,0.7335775335775335
2.0,0.316179508715868,631.95,0.3632461927831173,0.7977566115558148,0.47034549256030916,0.8630108909061933,0.7143467643467644,0.7143467643467644
