,Accuracy,F1 (micro),Average KL,Average PearsonCorr,Average RMSE
Global,0.7721611721611723,0.7721611721611723,0.6027687009416067,0.4925814689249292,0.1619945503880858
