,Accuracy,F1 (micro)
Global,0.6252747252747254,0.6252747252747254
