,Accuracy,F1 (micro)
Global,0.9267676767676768,0.9267676767676768
