,Accuracy,F1 (micro)
Global,0.8383557800224465,0.8383557800224465
