,Accuracy,F1 (micro),Average KL,Average PearsonCorr,Average RMSE
Global,0.6724257224257225,0.6724257224257225,0.7248140236033921,0.5213299504365729,0.20718139263057064
