,Accuracy,F1 (micro),Average KL,Average PearsonCorr
Global,0.539010989010989,0.539010989010989,0.21180921969097993,0.9271583775798646
