Groups,Prob,T(g),Entropy,Diag Mean,KL to I,I similar % (JS),Accuracy,F1 (micro)
0.0,0.3861735947430134,38.2,0.3166170857846737,0.7156751945614814,0.7960105644316056,0.7771586968360936,0.5906593406593406,0.5906593406593406
1.0,0.32259380742907523,31.7,0.3421876221895218,0.7758928805589675,0.5513336101849589,0.8376376508611922,0.6294871794871794,0.6294871794871794
2.0,0.29123260602355006,28.65,0.35999160781502726,0.7937592878937721,0.4283195434934227,0.8570567932244375,0.6384615384615383,0.6384615384615383
