ACC imiting Annotator,CE imiting Annotator
0.6585374480009983,0.7219041943088893
