,Accuracy,F1 (micro)
Global,0.6645299145299145,0.6645299145299145
