,Accuracy,F1 (micro)
Global,0.9377289377289377,0.9377289377289377
