Groups,Prob,T(g),Entropy,Diag Mean,KL to I,I sim %(JS),Spammer,Accuracy,F1 (micro)
0.0,0.6845733463764191,39.96666666666667,0.3803245852390925,0.9229768375555675,0.0809818959154418,0.9424263712929306,0.9119735380013784,0.8384399551066214,0.8384399551066213
1.0,0.31542666753133136,18.033333333333335,0.7723248422145843,0.7842683573563893,0.2572360607949788,0.8245797459205094,0.7534495631853739,0.8336700336700333,0.8336700336700333
