,Accuracy,F1 (micro),Mean NormF,Mean JS,Wmean NormF,Wmean JS,Mean RMSE,Wmean RMSE
Global,0.8335333333333331,0.8335333333333331,0.18965796091755394,0.23661835680468152,0.1416274826990383,0.1463136343136344,0.13455446720377828,0.09592985211359767
