,Accuracy,F1 (micro)
Global,0.6660200000000001,0.6660200000000001
