,Accuracy,F1 (micro),Mean KL,Mean JS,Mean PearsonCorr,Average RMSE
Global,0.719944,0.719944,0.5412682121967318,0.10825695280235301,0.024660373458029166,0.357495851329127
