,Accuracy,F1 (micro)
Global,0.7245400000000001,0.7245400000000001
