,Accuracy,F1 (micro),Mean KL,Mean JS,Mean PearsonCorr,Average RMSE
Global,0.7982420000000001,0.7982420000000001,0.6347925909594201,0.11917243906417485,-0.07561925316016524,0.3796715348200267
