ACC imiting Annotator,CE imiting Annotator
0.33116410738886365,1.9282817812201742
