,Accuracy,F1 (micro)
Global,0.6438599999999999,0.6438599999999999
