ACC imiting Annotator,CE imiting Annotator
0.3671338846638642,1.8766000990818146
