ACC imiting Annotator,CE imiting Annotator
0.33661658105672887,1.9081627174728524
