,Accuracy,F1 (micro),Mean KL,Mean JS,Mean PearsonCorr
Global,0.838772,0.838772,0.6165322693801853,0.11414041786427705,-0.06915474033661234
