,Accuracy,F1 (micro),Mean KL,Mean JS,Mean PearsonCorr,Average RMSE
Global,0.80245,0.80245,0.39696938324200953,0.0726980042301732,-0.10052980581459611,0.3691039487392903
