,Accuracy,F1 (micro)
All,0.8320145903479234,0.8320145903479234
