,Accuracy,F1 (micro),(R) NormF mean,(R) JS mean,(R) NormF w,(R) JS w,(G) NormF,(G) JS,RMSE mean,RMSE w
All,0.8261999999999998,0.8261999999999998,0.18553823992035137,0.2312549035743762,0.1466692406571277,0.15465354767628628,0.08437209193051708,0.06254314266456049,0.12273673403419604,0.08513283601622823
