,Accuracy,F1 (micro)
All,0.8336700336700335,0.8336700336700335
