ACC imiting Annot mean,Cross-entropy mean,ACC imiting Annot wmean,Cross entropy wmean
0.8053905048520711,0.5461580397890452,0.8374689176809318,0.45504015877022863
