Groups,Prob,T(g),Entropy,Diag Mean,KL to I,I similar % (JS),Accuracy,F1 (micro)
0.0,0.30919541567564013,618.0,1.0970390737056732,0.7104891121387482,0.37415349552352806,0.8284523008804088,0.7758999999999999,0.7758999999999999
1.0,0.4406944990158081,880.8,1.3305012166500092,0.5994887590408325,0.6104107105637832,0.7403882299944125,0.71081,0.71081
2.0,0.20863003339618444,416.8,1.2672489702701568,0.608586186170578,0.6072015840860784,0.7434011355270099,0.6703,0.6703
3.0,0.041480053775012495,82.5,1.2721368730068208,0.6186818301677703,0.5711886289290387,0.754761675986255,0.70701,0.70701
