,Accuracy,F1 (micro),Average KL,Average PearsonCorr,Average RMSE
Global,0.8231340000000001,0.8231339999999999,0.19815681048908806,0.1326992234933341,0.0362753611542284
