,Accuracy,F1 (micro)
Global,0.7525299999999999,0.75253
