ACC imiting Annotator,CE imiting Annotator
0.4486342364303083,1.6931471886428557
