,Accuracy,F1 (micro),Average KL,Average PearsonCorr
Global,0.948592,0.948592,1.300238053480393,0.5926631520151298
