ACC imiting Annotator,CE imiting Annotator
0.3929227612163761,1.8061642007534335
