,Accuracy,F1 (micro)
Global,0.7940699999999999,0.79407
