,Accuracy,F1 (micro),Average KL,Average PearsonCorr
Global,0.855446,0.8554459999999999,0.31398151884187425,-0.23215521685011836
