,Accuracy,F1 (micro),Average KL,Average PearsonCorr
Global,0.8508479999999998,0.8508479999999998,0.33555248052231457,-0.14210104869831913
