,Accuracy,F1 (micro),Average KL,Average PearsonCorr
Global,0.620922,0.620922,0.2886544859034759,0.8851972739760668
