,Accuracy,F1 (micro),Average KL,Average PearsonCorr
Global,0.7157040000000001,0.7157040000000001,0.016436574130466872,0.976332881542394
