,Accuracy,F1 (micro),Average KL,Average PearsonCorr
Global,0.632038,0.632038,0.2332879631574945,0.9449570015203641
