ACC imiting Annotator,CE imiting Annotator
0.4669619871016385,1.6943151853963698
