ACC imiting Annotator,CE imiting Annotator
0.454616314912228,1.6647400184647854
