,Accuracy,F1 (micro)
Global,0.6216499999999999,0.6216499999999999
