,Accuracy,F1 (micro),Average KL,Average PearsonCorr,Average RMSE
Global,0.7329139999999998,0.7329139999999998,0.19866510085833372,0.28304909577067117,0.04284040052555934
