ACC imiting Annotator,CE imiting Annotator
0.46425385112828144,1.6609621130145886
