,Accuracy,F1 (micro),Average KL,Average PearsonCorr
Global,0.756846,0.756846,0.13324237387109086,0.7770392468456901
