ACC imiting Annotator,CE imiting Annotator
0.3665888306075198,1.8131600200724827
