,Accuracy,F1 (micro),Average KL,Average PearsonCorr,Average RMSE
Global,0.631444,0.631444,0.24961655965555646,0.2981279284449355,0.054172951879399155
