Groups,Prob,T(g),Entropy,Diag Mean,KL to I,I similar % (JS),Accuracy,F1 (micro)
0.0,0.25404547303915026,507.7,1.4855472803115846,0.5699076533317566,0.5797273363076751,0.7373186532121359,0.75267,0.75267
1.0,0.28190048933029177,563.3,1.4106629967689515,0.5991645514965057,0.5313903580533119,0.7578119973013051,0.7501,0.7501
2.0,0.23647058457136155,472.5,1.4170193910598754,0.5961551129817962,0.5376581784429566,0.7554029169434975,0.75563,0.75563
3.0,0.2275834634900093,454.5,1.3114881277084351,0.6374036192893981,0.4699491136957922,0.7841617409638594,0.7566200000000001,0.7566200000000001
