ACC imiting Annotator,CE imiting Annotator
0.3503709111471819,1.834194925737195
