,Accuracy,F1 (micro),Average KL,Average PearsonCorr,Average RMSE
Global,0.868642,0.868642,0.32674684781832347,-0.27654278835519663,0.02625429586332605
