ACC imiting Annotator,CE imiting Annotator
0.3551738205496177,1.842937153404811
