,Accuracy,F1 (micro)
Global,0.7343400000000001,0.7343400000000001
