Groups,Prob,Entropy,Diag Mean,KL to I,I similar % (JS),Accuracy,F1 (micro)
0.0,0.23279549926519394,1.4392418026924134,0.5900661289691925,0.5430404518056673,0.7523744683866339,0.7610399999999999,0.7610399999999999
1.0,0.30912594497203827,1.4501634001731873,0.5848079741001129,0.5536125083267167,0.7482073682447027,0.75994,0.75994
2.0,0.24165020436048507,1.3826528429985045,0.6129081308841705,0.5050664458982989,0.7684424663303009,0.76163,0.76163
3.0,0.21642835289239884,1.4106511235237122,0.6014300167560578,0.5246401918476524,0.7602487581309021,0.7611100000000001,0.7611100000000001
