ACC imiting Annotator,CE imiting Annotator
0.456535228026575,1.7148724812002178
