ACC imiting Annotator,CE imiting Annotator
0.39039377909385975,1.7313878856397953
