,Accuracy,F1 (micro),Average KL,Average PearsonCorr
Global,0.9057939999999999,0.9057939999999999,0.46905393345943597,0.8638524716655385
