,Accuracy,F1 (micro),Average KL,Average PearsonCorr
Global,0.937992,0.937992,1.2921705965643764,0.6491493514222699
