,Accuracy,F1 (micro),Average KL,Average PearsonCorr
Global,0.5750299999999999,0.5750299999999999,0.9320348406437375,0.6875323948791421
