Groups,Prob,T(g),Entropy,Diag Mean,KL to I,I similar % (JS),Accuracy,F1 (micro)
0.0,0.2082957521080971,20.4,1.2870095193386077,0.6404790788888931,0.4854920612630814,0.7809057105020161,0.75852,0.75852
1.0,0.2961089849472046,29.0,0.9577850610017776,0.7485846221446991,0.32816113066470665,0.8501436177750017,0.75964,0.7596400000000001
2.0,0.25143061857670546,24.7,1.3551802039146423,0.6075350672006607,0.5778451811101216,0.7512724462381799,0.7080299999999999,0.7080299999999999
3.0,0.24416463524103166,24.1,1.1084507167339326,0.6908227145671845,0.4251147891633288,0.8097597385480201,0.75553,0.75553
