ACC imiting Annotator,CE imiting Annotator
0.3399000520888931,1.8927685370179206
