,Accuracy,F1 (micro)
Global,0.7546600000000001,0.7546600000000001
