,Accuracy,F1 (micro),Average KL,Average PearsonCorr,Average RMSE
Global,0.770878,0.770878,0.476658965057155,-0.46756780562148953,0.023373681632669768
