,Accuracy,F1 (micro)
Global,0.74951,0.7495099999999999
