,Accuracy,F1 (micro)
Global,0.7262199999999999,0.7262199999999999
