,Accuracy,F1 (micro),Average KL,Average PearsonCorr
Global,0.531334,0.531334,0.804705833536889,0.8485235878429629
