ACC imiting Annotator,CE imiting Annotator
0.34210328391749767,1.8897079418865967
