ACC imiting Annotator,CE imiting Annotator
0.46650267132960155,1.6727073064020472
