Mean ACC imiting Annot,Mean cross-entropy,Wmean ACC imiting Annot,wMean cross entropy
0.3867152608142438,1.7345165396234385,0.38678644439377025,1.7342599925239697
