Groups,Prob,T(g),Entropy,Diag Mean,KL to I,I similar % (JS),Accuracy,F1 (micro)
0.0,0.2653214201331139,530.1,1.6374809622764588,0.4969105809926987,0.7197660462319433,0.6814728888932206,0.6870299999999999,0.6870299999999999
1.0,0.2373739793896675,474.3,1.4999671697616577,0.556958070397377,0.6109339346157001,0.7260197774323787,0.6866999999999999,0.6866999999999999
2.0,0.24934663325548173,498.3,1.5964664816856384,0.514566308259964,0.6892062555406111,0.694163301779957,0.69159,0.69159
3.0,0.2479579582810402,495.4,1.6137871623039246,0.5039241701364517,0.7089526591452192,0.6860875168278058,0.6754399999999999,0.6754399999999999
