Groups,Prob,T(g),Entropy,Diag Mean,KL to I,I similar % (JS),Accuracy,F1 (micro)
0.0,0.20698800981044768,20.4,1.423255693912506,0.6062319815158844,0.5087186595270474,0.7657105023120405,0.759,0.759
1.0,0.2940665915608406,28.8,1.374558925628662,0.6242001116275787,0.47913400265317796,0.778280666212501,0.7605700000000001,0.7605699999999999
2.0,0.2509035152383149,24.6,1.4522413849830627,0.5934948980808258,0.5376215809201995,0.7548864730408076,0.75729,0.75729
3.0,0.2480418860912323,24.4,1.4122591614723206,0.6100213408470154,0.5019534988902921,0.7684986967088394,0.75873,0.75873
