,Accuracy,F1 (micro),Average KL,Average PearsonCorr,Average RMSE
Global,0.656034,0.656034,0.8286510902080642,-0.358627350849446,0.032723710681675476
