Groups,Prob,Entropy,Diag Mean,KL to I,I similar % (JS),Accuracy,F1 (micro)
0.0,0.22993740886449815,1.3173756897449493,0.6216480135917664,0.5215763477503106,0.7661978708438754,0.75559,0.75559
1.0,0.3173656865954399,1.3757869333028794,0.5979878902435303,0.5633240005260937,0.7495189480848611,0.74554,0.74554
2.0,0.24169411063194274,1.2027127623558045,0.6644017398357391,0.4639389633076464,0.7932165842433961,0.74352,0.7435200000000001
3.0,0.21100279092788696,0.9861226454377174,0.738816249370575,0.3371405130145466,0.8451781553642451,0.76314,0.76314
