,Accuracy,F1 (micro)
Global,0.41645999999999994,0.41645999999999994
