,Accuracy,F1 (micro)
Global,0.7631899999999999,0.7631899999999999
