,Accuracy,F1 (micro)
Global,0.6047199999999999,0.6047199999999999
