,Accuracy,F1 (micro),Average KL,Average PearsonCorr
Global,0.6547599999999999,0.6547599999999999,0.7726358594697482,0.739760399550552
