,Accuracy,F1 (micro)
Global,0.7514000000000001,0.7514000000000001
