Groups,Prob,Entropy,Diag Mean,KL to I,I similar % (JS),Accuracy,F1 (micro)
0.0,0.37186685409396886,1.3479811012744904,0.5818660914897918,0.6291564941434713,0.7302725240282832,0.68943,0.68943
1.0,0.4880035787820816,1.05535888671875,0.7196798741817474,0.36214496184855083,0.8336685661961578,0.7811800000000001,0.7811800000000001
2.0,0.11043510027229786,1.4431275010108948,0.5137666597962379,0.8413423163202796,0.6637306878874616,0.5995600000000001,0.5995600000000001
3.0,0.029694469273090364,1.290792751312256,0.5974073052406311,0.651808430423653,0.7333682652946525,0.66875,0.66875
