,Accuracy,F1 (micro)
Global,0.7882600000000001,0.7882600000000001
