,Accuracy,F1 (micro)
Global,0.5963399999999999,0.5963399999999999
