ACC imiting Annotator,CE imiting Annotator
0.3562507860634053,1.8241978133518977
