,Accuracy,F1 (micro),Average KL,Average PearsonCorr
Global,0.94644,0.94644,1.1423122088543283,0.7770540333651588
