,Accuracy,F1 (micro),Mean NormF,Mean JS
Global,0.824136,0.824136,0.14400290967387144,0.21124925569763042
