Groups,Prob,T(g),Entropy,Diag Mean,KL to I,I similar % (JS),Accuracy,F1 (micro)
0.0,0.36107063964009284,35.5,1.1792934834957123,0.6652044922113418,0.4550883555442078,0.7952601445836731,0.645,0.645
1.0,0.3595374241471291,35.4,1.1123943567276,0.6907597184181213,0.43267576841108346,0.8093638897584153,0.6114,0.6114
2.0,0.1630130849778652,15.6,0.955621749162674,0.7518269419670105,0.32374570314733686,0.8526066018131679,0.5947300000000001,0.5947300000000001
3.0,0.11637885347008706,11.1,1.0450026482343673,0.7164248704910279,0.3776314321291015,0.8293707468096849,0.59934,0.59934
