,Accuracy,F1 (micro),Average KL,Average PearsonCorr,Average RMSE
Global,0.862398,0.862398,0.32973987162505153,-0.29458194329235754,0.033919773819425944
