,Accuracy,F1 (micro)
Global,0.6108399999999999,0.6108399999999999
