Groups,Prob,T(g),Entropy,Diag Mean,KL to I,I similar % (JS),Accuracy,F1 (micro)
0.0,0.27902910113334656,27.4,1.541290807723999,0.5046320497989655,0.7929804235736887,0.6761579750120389,0.60789,0.60789
1.0,0.2614914506673813,25.6,1.5290632486343383,0.47412919998168945,0.9557850968725556,0.6391348013605705,0.5521799999999999,0.5521799999999999
2.0,0.23044272735714913,22.6,1.5333375573158263,0.4791319251060486,0.9011229975422707,0.6454795464802696,0.5645699999999999,0.5645699999999999
3.0,0.22903672009706497,22.5,1.5431690216064453,0.5113260805606842,0.7596070288574358,0.6844548362929439,0.59169,0.59169
