,Accuracy,F1 (micro),Average KL,Average PearsonCorr,Average RMSE
Global,0.7678700000000002,0.76787,0.011200976713231035,0.9669320102800413,0.05002844607913061
