ACC imiting Annotator,CE imiting Annotator
0.3910137006743149,1.7282586432565268
