,Accuracy,F1 (micro),Average KL,Average PearsonCorr
Global,0.83973,0.83973,0.17972862697122768,0.19919760475410603
