,Accuracy,F1 (micro)
Global,0.6772900000000001,0.6772900000000001
