,Accuracy,F1 (micro),Average KL,Average PearsonCorr,Average RMSE
Global,0.8529180000000001,0.8529180000000001,0.4563471475357618,-0.48789040285787966,0.016603317147751845
