,Accuracy,F1 (micro),Average KL,Average PearsonCorr
Global,0.6202099999999999,0.6202099999999999,0.297252725666675,0.8336294710556515
