,Accuracy,F1 (micro),Average KL,Average PearsonCorr
Global,0.632038,0.632038,0.6872801519755268,0.8718789517186334
