ACC imiting Annotator,CE imiting Annotator
0.4680827816112479,1.7056840178188317
