,Accuracy,F1 (micro)
Global,0.6547599999999999,0.6547599999999999
