,Accuracy,F1 (micro),Average KL,Average PearsonCorr,Average RMSE
Global,0.83898,0.83898,0.1568607088903183,0.03890503806505108,0.02698561726125457
