,Accuracy,F1 (micro),Average KL,Average PearsonCorr,Average RMSE
Global,0.6558059999999999,0.6558059999999999,0.24291785620222997,0.26404486960280177,0.051893292366063784
