,Accuracy,F1 (micro),Average KL,Average PearsonCorr,Average RMSE
Global,0.7547140000000001,0.7547140000000001,0.07636569871133948,0.8694105474906365,0.07874174435162476
