,Accuracy,F1 (micro),Average KL,Average PearsonCorr
Global,0.618084,0.618084,0.093915860684912,0.9352542820453937
