,Accuracy,F1 (micro),Average KL,Average PearsonCorr
Global,0.8432099999999998,0.8432099999999998,0.3048492278122716,-0.2588340658769349
