ACC imiting Annotator,CE imiting Annotator
0.42305234395988267,1.6746596353144212
