Groups,Prob,Entropy,Diag Mean,KL to I,I similar % (JS),Accuracy,F1 (micro)
0.0,0.29609957663342357,1.3367316544055938,0.5949831262230874,0.616362025160767,0.738866820253203,0.69088,0.69088
1.0,0.4043835148215294,1.2593352317810058,0.6312302112579345,0.533515854056889,0.7668252613381081,0.7204799999999999,0.7204799999999999
2.0,0.20646306611597537,1.2764750838279724,0.6232801735401153,0.5466751413379214,0.7625884439873635,0.7012799999999999,0.7012800000000001
3.0,0.09305382147431374,1.5588029712438582,0.4180812895298004,1.0928217904842192,0.5775889359694164,0.4755,0.4755
