,Accuracy,F1 (micro),Average KL,Average PearsonCorr,Average RMSE
Global,0.7597720000000001,0.7597720000000001,0.4243232741969102,-0.3273268211256709,0.03182977836511277
