,Accuracy,F1 (micro),Average KL,Average PearsonCorr
Global,0.620922,0.620922,0.7899565816994242,0.7401868868490991
