,Accuracy,F1 (micro),Average KL,Average PearsonCorr
Global,0.62263,0.62263,0.6448297531116691,0.6175721275735409
