,Accuracy,F1 (micro),Average KL,Average PearsonCorr
Global,0.935262,0.935262,0.46332275059227906,0.8661841464366734
