,Accuracy,F1 (micro),Average KL,Average PearsonCorr,Average RMSE
Global,0.6545920000000001,0.6545920000000001,0.7884377719010555,-0.23822226558720172,0.04511227226445087
