,Accuracy,F1 (micro),Average KL,Average PearsonCorr
Global,0.618084,0.618084,0.627837632334625,0.5821339985371015
