Groups,Prob,T(g),Entropy,Diag Mean,KL to I,I similar % (JS),Accuracy,F1 (micro)
0.0,0.3583451934158802,35.3,1.002616783976555,0.7366366654634475,0.3425207444488097,0.8437549323775014,0.74238,0.74238
1.0,0.3999603517353535,39.5,1.1245975852012635,0.6979559510946274,0.39242219063162004,0.8205308887597532,0.7565899999999999,0.7565899999999999
2.0,0.140808629989624,13.4,1.4948744833469392,0.5347634255886078,0.7185218574281955,0.6949440386897308,0.66707,0.66707
3.0,0.10088583081960678,9.5,1.43118913769722,0.5527278333902359,0.7211727576270713,0.7033174764407699,0.6386000000000001,0.6386000000000001
