,Accuracy,F1 (micro)
Global,0.71716,0.7171599999999999
