,Accuracy,F1 (micro)
Global,0.6385400000000001,0.6385400000000001
