,Accuracy,F1 (micro)
Global,0.7027700000000001,0.7027700000000001
