,Accuracy,F1 (micro),Average KL,Average PearsonCorr
Global,0.7711700000000001,0.7711700000000001,0.014492615398559425,0.9806024476538185
