ACC imiting Annotator,CE imiting Annotator
0.44672034455755416,1.6956005692268115
