,Accuracy,F1 (micro),Average KL,Average PearsonCorr,Average RMSE
Global,0.8523399999999999,0.8523399999999999,0.34414310152931854,-0.4739465445899314,0.017160944707312435
