,Accuracy,F1 (micro)
Global,0.7721500000000001,0.7721500000000001
