,Accuracy,F1 (micro),Average KL,Average PearsonCorr,Average RMSE
Global,0.8560180000000001,0.8560180000000001,0.46325278526036523,-0.3396604669237556,0.020635596669334372
