,Accuracy,F1 (micro),Average KL,Average PearsonCorr,Average RMSE
Global,0.764816,0.764816,0.6333626268435142,-0.3362929951172492,0.03419290679346671
