ACC imiting Annotator,CE imiting Annotator
0.4574355235138956,1.674123852851596
