,Accuracy,F1 (micro),Average KL,Average PearsonCorr
Global,0.6202099999999999,0.6202099999999999,0.7945523699755126,0.7542563693120196
