,Accuracy,F1 (micro),Average KL,Average PearsonCorr
Global,0.6926440000000001,0.6926440000000001,0.682928184357137,0.6333925778033856
