,Accuracy,F1 (micro),Average KL,Average PearsonCorr,Average RMSE
Global,0.8263360000000001,0.8263360000000001,0.20658814699890105,0.16958737657011028,0.031499012590309475
