,Accuracy,F1 (micro),Average KL,Average PearsonCorr
Global,0.612404,0.612404,0.7807337764870917,0.7487953999947208
