,Accuracy,F1 (micro),Average KL,Average PearsonCorr
Global,0.91228,0.91228,0.0978237502084969,0.8671006073917849
