,Accuracy,F1 (micro),Average KL,Average PearsonCorr
Global,0.423146,0.423146,1.909291702962412,0.6620814781196422
