,Accuracy,F1 (micro),Average KL,Average PearsonCorr,Average RMSE
Global,0.626802,0.626802,0.7829401160524483,-0.3756801295231039,0.03766762873461742
