Groups,Prob,Entropy,Diag Mean,KL to I,I sim %(JS),Spammer,Accuracy,F1 (micro)
0.0,0.5336045384407043,0.6379560261964798,0.8602330207824707,0.15604081517882373,0.8911234444530821,0.8447034001350403,0.7565799999999999,0.7565799999999999
1.0,0.11064687669277191,1.2330402851104736,0.6175539016723632,1.0566070702172292,0.6101146404882579,0.5750599086284638,0.65434,0.65434
2.0,0.2072935312986374,1.259723424911499,0.5843535482883453,0.7476418614609346,0.5860164522018452,0.5381706357002258,0.6076600000000001,0.6076600000000001
3.0,0.14845506250858306,1.2850708723068238,0.5972560405731201,0.6365068809157318,0.618538069143207,0.5525066912174225,0.64018,0.64018
