,Accuracy,F1 (micro)
Global,0.7936800000000002,0.79368
