,Accuracy,F1 (micro)
Global,0.7406200000000001,0.7406200000000001
