,Accuracy,F1 (micro)
Global,0.5824399999999998,0.5824399999999998
