,Accuracy,F1 (micro)
Global,0.7386600000000001,0.7386600000000001
