,Accuracy,F1 (micro)
Global,0.7676700000000001,0.7676700000000001
