,Accuracy,F1 (micro),Average KL,Average PearsonCorr,Average RMSE
Global,0.784964,0.784964,0.01099557238222365,0.9809950575879629,0.05758668812343757
