,Accuracy,F1 (micro)
Global,0.7676399999999999,0.7676399999999999
