,Accuracy,F1 (micro),Average KL,Average PearsonCorr
Global,0.91228,0.91228,1.0735185774546188,0.6524704596320869
