,Accuracy,F1 (micro)
Global,0.7118399999999999,0.7118399999999999
