Groups,Prob,T(g),Entropy,Diag Mean,KL to I,I similar % (JS),Accuracy,F1 (micro)
0.0,0.2707327052950859,541.1,1.4863255739212036,0.5569948136806488,0.6314121493830548,0.7211536495665795,0.7449699999999999,0.7449699999999999
1.0,0.2830446407198906,565.6,1.176675134897232,0.6815640360116959,0.4155073917617208,0.8099610951289467,0.77366,0.77366
2.0,0.23346542865037917,466.5,1.1309560686349869,0.6839997470378876,0.44020679352856257,0.8043301762580743,0.7585700000000001,0.7585700000000001
3.0,0.21275722235441208,425.1,1.1270397484302521,0.7016442000865937,0.38196342400363353,0.824188704926651,0.7732999999999999,0.7732999999999999
