,Accuracy,F1 (micro),Average KL,Average PearsonCorr
Global,0.937992,0.937992,0.24689326176237053,0.7954814697246018
