,Accuracy,F1 (micro)
Global,0.7871799999999999,0.78718
