Groups,Prob,Entropy,Diag Mean,KL to I,I similar % (JS),Accuracy,F1 (micro)
0.0,0.34074501469731333,1.098846159875393,0.6900117635726929,0.42603733844236,0.809889179447981,0.74525,0.74525
1.0,0.4641556113958359,1.4758340775966645,0.5338647902011872,0.7597561001076762,0.6874394165229548,0.6773100000000001,0.6773100000000001
2.0,0.1630691833794117,1.168119129538536,0.6571671277284622,0.48838190919016516,0.7852422038745909,0.71811,0.71811
3.0,0.032030193507671355,1.526371669769287,0.47774468958377836,0.8637382887269996,0.6441118119936035,0.54855,0.54855
