,Accuracy,F1 (micro),Average KL,Average PearsonCorr
Global,0.8666319999999998,0.8666319999999998,0.3749512602517713,-0.2951788975782261
