,Accuracy,F1 (micro)
Global,0.7477199999999999,0.7477199999999999
