,Accuracy,F1 (micro),Average KL,Average PearsonCorr
Global,0.423146,0.423146,0.2020407335347675,0.9387141873807113
