,Accuracy,F1 (micro),Average KL,Average PearsonCorr,Average RMSE
Global,0.7823599999999999,0.7823599999999999,0.01263190341694719,0.9786621432964824,0.05700863355042481
