,Accuracy,F1 (micro)
Global,0.7666100000000001,0.7666100000000001
