,Accuracy,F1 (micro),Average KL,Average PearsonCorr,Average RMSE
Global,0.846372,0.846372,0.40604109805146277,-0.3939665469928181,0.02365231579018536
