,Accuracy,F1 (micro)
Global,0.8366722783389448,0.8366722783389448
