Mean ACC imiting Annot,Mean cross-entropy,Wmean ACC imiting Annot,wMean cross entropy
0.8043801604122992,0.5317797408574166,0.831985342232692,0.48460402605191427
