Groups,Prob,Entropy,Diag mean,Isim (JS),S_raykar,S_bias,C_bias,Iner JS,Iner NormF,Accuracy,F1 (micro)
0.0,0.1207788593993126,0.07153092344085654,0.046719430504359,0.03547987839003055,0.06229257400581199,0.10335944444848265,1.061838029079765,0.0993770555237509,0.05787692647797891,0.08365733353307074,0.08365733353307074
0.0,0.1098635684101056,0.0908992263387904,0.1850776054512513,0.17534774989534177,0.24677014060166835,0.2776808717612803,1.3592277219068187,0.0993770555237509,0.05787692647797891,0.20723077740025778,0.20723077740025778
0.0,0.09730567232776154,0.05333852774492103,0.030365213869417616,0.018326860370657734,0.0404869518258901,0.032180144007939955,1.1789826122551597,0.0993770555237509,0.05787692647797891,0.059548829561239,0.059548829561239
