,Accuracy,F1 (micro),F1 (macro)
All,0.7835365853658537,0.7835365853658537,0.7324864587826289
