,Accuracy,F1 (micro),F1 (macro),(R) NormF mean,(R) JS mean,(G) NormF,(G) JS
All,0.6508712256832558,0.6508712256832558,0.6339306830267495,0.31597727926188324,0.2933600966992695,0.1775978399415715,0.12510565179554517
