,Accuracy,F1 (micro),F1 (macro)
All,0.013893804074421262,0.013893804074421246,0.015133373188233842
