,Accuracy,F1 (micro),F1 (macro),(R) NormF mean,(R) JS mean,(G) NormF,(G) JS
All,0.6513844134144886,0.6513844134144886,0.6282416918303719,0.31571810011320645,0.2918396478098169,0.16172685061862851,0.1218459850534183
