Groups,Prob,Entropy,Diag mean,Isim (JS),S_raykar,S_bias,C_bias,Iner JS,Iner NormF,Accuracy,F1 (micro)
0.0,0.3512351676821709,0.22102154370051247,0.730820124668638,0.7679422690470109,0.6410934995581842,0.20841727262034987,1.15,0.38705380770191955,0.41685706611977275,0.615599593495935,0.615599593495935
1.0,0.21047692485153674,0.28631931526855225,0.5282108345011852,0.5981814615507601,0.3709477793349135,0.551642812796098,1.45,0.38705380770191955,0.41685706611977275,0.3935721544715447,0.3935721544715447
2.0,0.4382880076766014,0.036806521180819035,0.989444225327236,0.9939948354993897,0.985925633769648,0.009210011286225572,0.9,0.38705380770191955,0.41685706611977275,0.7244664634146342,0.7244664634146342
