,Accuracy,F1 (micro),F1 (macro)
All,0.673668297728448,0.673668297728448,0.6532976149498875
