,Accuracy,F1 (micro),F1 (macro)
All,0.7500254065040649,0.7500254065040649,0.6952168219553095
