Groups,Prob,Entropy,Diag mean,Isim (JS),S_raykar,S_bias,C_bias,Iner JS,Iner NormF,Accuracy,F1 (micro)
0.0,0.010840809768329488,0.02310252326900695,0.014278303699629014,0.008238154789403134,0.019037738266172017,0.022166352917210023,0.0,0.008931878975076689,0.006012867352501235,0.009004768996963645,0.009004768996963645
0.0,0.011074989121145741,0.0016172065856315644,0.00026423027115161994,0.00013243082143350713,0.00035230702820217643,0.00023758127307911713,0.48989794855663577,0.008931878975076689,0.006012867352501235,0.005489862889475864,0.005489862889475856
0.0,0.004597169404063831,0.04349894245137577,0.015924488485760266,0.016343130788368375,0.021232651314347036,0.023057649957551805,0.0,0.008931878975076689,0.006012867352501235,0.010481868859219524,0.010481868859219524
