,Accuracy,F1 (micro),F1 (macro)
All,0.7395325203252032,0.7395325203252033,0.6945601980855061
