,Accuracy,F1 (micro),F1 (macro),(R) NormF mean,(R) JS mean,(G) NormF,(G) JS
All,0.009397914016232814,0.009397914016232814,0.01255697072040338,0.008587627546846652,0.012351754667458097,0.013789817964900997,0.01611501944370764
