,Accuracy,F1 (micro),F1 (macro)
All,0.9474969474969475,0.9474969474969475,0.9475751009428673
