,Accuracy,F1 (micro),F1 (macro)
All,0.9385429385429386,0.9385429385429386,0.9382601873410295
