,Accuracy,F1 (micro),F1 (macro)
All,0.9377289377289377,0.9377289377289377,0.9374681672522621
