,Accuracy,F1 (micro),F1 (macro)
All,0.9462759462759462,0.9462759462759462,0.9463340354035523
