ACC imiting Annotator,CE imiting Annotator
0.6432144409515986,0.8848091885138407
