Groups,Entropy,Diag Mean,KL to I,I similar % (JS),Accuracy,F1 (micro)
0.0,0.44114881232380865,0.6535602863878012,0.97854144244016,0.7346090411106333,0.8374847374847377,0.8374847374847377
1.0,0.4573958426713943,0.6459708962589502,0.9192213987698719,0.7319891748418234,0.8155067155067156,0.8155067155067156
2.0,0.43748904690146445,0.6540268134325743,0.9685779234770836,0.7347111847609409,0.8337606837606838,0.8337606837606838
