,Accuracy,F1 (micro)
Global,0.9186202686202687,0.9186202686202687
