,Accuracy,F1 (micro)
Global,0.9221611721611722,0.9221611721611722
