,Accuracy,F1 (micro)
Global,0.667887667887668,0.667887667887668
