,Accuracy,F1 (micro),Average KL,Average PearsonCorr,Average RMSE
Global,0.7101139601139601,0.7101139601139601,0.8277023221624894,0.11312149690030275,0.09933450398448793
