,Accuracy,F1 (micro)
Global,0.945054945054945,0.945054945054945
