Groups,Entropy,Diag Mean,KL to I,I similar % (JS),Accuracy,F1 (micro)
0.0,0.2989907506853342,0.8735071375966073,0.23634375731011623,0.9220307703491418,0.7476800976800978,0.7476800976800978
1.0,0.37819802574813366,0.7970894634723663,0.38265783482725746,0.8677215293322492,0.7042124542124542,0.7042124542124542
2.0,0.3770772501826286,0.8079576224088669,0.31491424426576803,0.8785384474216018,0.6768009768009768,0.6768009768009768
