,Accuracy,F1 (micro)
Global,0.7155677655677658,0.7155677655677658
