,Accuracy,F1 (micro)
Global,0.6462759462759464,0.6462759462759464
