,Accuracy,F1 (micro)
Global,0.8929181929181931,0.8929181929181931
