ACC imiting Annotator,CE imiting Annotator
0.6755865336401236,0.7288265913091592
