Groups,Entropy,Diag Mean,KL to I,I similar % (JS),Accuracy,F1 (micro)
0.0,0.3398791179060936,0.8317402541637421,0.3357680314253397,0.8917738894496166,0.7689865689865689,0.7689865689865689
1.0,0.290792778506875,0.8374564930796623,0.37009650847310416,0.8889916739604862,0.8195360195360196,0.8195360195360196
2.0,0.34472057074308393,0.8263432443141937,0.318033173229239,0.8895976757345225,0.7826007326007327,0.7826007326007327
