ACC imiting Annotator,CE imiting Annotator
0.6464081551206564,0.7790370468905679
