,Accuracy,F1 (micro),Average KL,Average PearsonCorr
Global,0.8933658933658932,0.8933658933658932,0.5706049401356954,0.7218879861646397
