ACC imiting Annotator,CE imiting Annotator
0.6193470341896239,0.8097138040936898
