,Accuracy,F1 (micro)
Global,0.9271469271469271,0.9271469271469273
