,Accuracy,F1 (micro),Average KL,Average PearsonCorr,Average RMSE
Global,0.9002645502645503,0.9002645502645503,0.572773917341131,0.362281169078713,0.1360282482119786
