,Accuracy,F1 (micro),Average KL,Average PearsonCorr,Average RMSE
Global,0.6407203907203908,0.6407203907203908,0.9419992578797904,0.23224133843271239,0.18320722301363887
