,Accuracy,F1 (micro),Average KL,Average PearsonCorr,Average RMSE
Global,0.6733211233211234,0.6733211233211234,0.2024505756330654,,0.18916204669299191
