Groups,Entropy,Diag Mean,KL to I,I similar % (JS),Accuracy,F1 (micro)
0.0,0.28989172950387,0.7202488780021667,0.8535791775931525,0.7689774619802956,0.6866300366300364,0.6866300366300364
1.0,0.2676619555801153,0.900292444229126,0.12284473868254982,0.9428147195505684,0.8437118437118439,0.8437118437118439
2.0,0.261376778781414,0.8715624034404754,0.23003857022954227,0.9163086188498099,0.8532967032967033,0.8532967032967033
