ACC imiting Annotator,CE imiting Annotator
0.6378428991382952,0.7835037567096553
