ACC imiting Annotator,CE imiting Annotator
0.604629115560221,0.8046816043981538
