,Accuracy,F1 (micro),Average KL,Average PearsonCorr
Global,0.7104395604395605,0.7104395604395605,0.5777014026538089,0.7248057769842837
