,Accuracy,F1 (micro),Average KL,Average PearsonCorr
Global,0.6400081400081402,0.6400081400081402,1.1411244388428599,0.4031983499028845
