Groups,Entropy,Diag Mean,KL to I,I similar % (JS),Accuracy,F1 (micro)
0.0,0.28708315677940843,0.8930168628692627,0.12871461855012856,0.9395171187588701,0.8426129426129428,0.8426129426129428
1.0,0.3835205242037773,0.8467569321393966,0.19088087391300868,0.9114729573958217,0.7937728937728938,0.7937728937728938
2.0,0.35339100025594233,0.8505656957626343,0.18911680466952846,0.9128127657511429,0.7746031746031747,0.7746031746031747
