,Accuracy,F1 (micro),Average KL,Average PearsonCorr,Average RMSE
Global,0.9094017094017094,0.9094017094017094,0.5834036050521065,0.20417229781091,0.10597683125542254
