,Accuracy,F1 (micro),Average KL,Average PearsonCorr,Average RMSE
Global,0.8205535205535204,0.8205535205535204,0.6597664273385802,0.2767592205887596,0.16567434725605346
