,Accuracy,F1 (micro)
Global,0.9095848595848597,0.9095848595848597
