ACC imiting Annotator,CE imiting Annotator
0.6370992330209974,0.7991421739875124
