,Accuracy,F1 (micro),Average KL,Average PearsonCorr
Global,0.6400081400081402,0.6400081400081402,0.6110382393740467,0.7325289835142554
