Groups,Entropy,Diag Mean,KL to I,I similar % (JS),Accuracy,F1 (micro)
0.0,0.4344814896583557,0.6174828600138426,1.2035938925442466,0.6976541448782261,0.6921855921855921,0.6921855921855921
1.0,0.4309354707598686,0.6169357348233462,1.1964982286976749,0.698175341456154,0.6885836385836384,0.6885836385836384
2.0,0.44154190719127656,0.6148183979094028,1.1861192111995513,0.6973698336517787,0.6768620268620269,0.6768620268620269
