,Accuracy,F1 (micro),Average KL,Average PearsonCorr,Average RMSE
Global,0.8722425722425722,0.8722425722425722,0.6668852768581786,0.20709919274432392,0.10553925598759244
