,Accuracy,F1 (micro),Average KL,Average PearsonCorr
Global,0.7167073667073666,0.7167073667073666,0.6248940431693781,0.7203393009158245
