,Accuracy,F1 (micro)
Global,0.7166056166056165,0.7166056166056165
