,Accuracy,F1 (micro)
Global,0.880769230769231,0.880769230769231
