,Accuracy,F1 (micro)
Global,0.8225274725274726,0.8225274725274726
