,Accuracy,F1 (micro),Average KL,Average PearsonCorr
Global,0.91005291005291,0.91005291005291,0.5443971745804214,0.7296012008868666
