,Accuracy,F1 (micro)
Global,0.6842490842490843,0.6842490842490843
