,Accuracy,F1 (micro)
Global,0.8021324354657688,0.802132435465769
