,Accuracy,F1 (micro),(R) NormF mean,(R) JS mean,(R) NormF w,(R) JS w,(G) NormF,(G) JS,RMSE mean,RMSE w
All,0.8379666666666665,0.8379666666666665,0.1686426039889007,0.21093397563124944,0.13621673205231696,0.144988074676621,0.0666396381965232,0.0597205796903979,0.12646743691861712,0.0877241198795969
