,Accuracy,F1 (micro),Mean NormF,Mean JS,Wmean NormF,Wmean JS
Global,0.8048000000000002,0.8048000000000002,0.16903867942571674,0.21468426838953106,0.11684476613019437,0.1087103274941128
