ACC imiting Annot mean,Cross-entropy mean,ACC imiting Annot wmean,Cross entropy wmean
0.7696906509523297,0.6300914410448815,0.7929066876063342,0.5877115943503963
