ACC imiting Annot mean,Cross-entropy mean,ACC imiting Annot wmean,Cross entropy wmean
0.7987778591677458,0.6052732618056511,0.8326789687213716,0.48933762192331415
