ACC imiting Annot mean,Cross-entropy mean,ACC imiting Annot wmean,Cross entropy wmean
0.8306594070969171,0.4202307923505849,0.8511189634864545,0.37639199694064757
