Groups,Prob,T(g),Entropy,Diag mean,Isim (JS),S_raykar,S_bias,C_bias,Iner JS,Iner NormF,Accuracy,F1 (micro)
0.0,0.014099683348710338,0.3,2.0338247799128926,0.19760444035026783,0.38107597430486784,0.08297650325744894,0.008217969757485495,4.533333333333333,0.34613912375922157,0.20386990401481325,0.7556397306397308,0.7556397306397308
1.0,0.971908164024353,56.9,0.23236947044864578,0.9606533753761466,0.97999152106163,0.9550324290013105,0.0032261910054195886,2.8333333333333335,0.34613912375922157,0.20386990401481325,0.83030303030303,0.83030303030303
2.0,0.013992177733841041,0.4,2.0370899165075556,0.19791657261272072,0.38292918141148735,0.08333322584310938,0.008363445641866744,4.366666666666666,0.34613912375922157,0.20386990401481325,0.7385241301907969,0.7385241301907969
