,Accuracy,F1 (micro)
Global,0.9343434343434344,0.9343434343434344
