,Accuracy,F1 (micro)
All,0.829489337822671,0.829489337822671
