,Accuracy,F1 (micro)
Global,0.8326318742985407,0.8326318742985408
