,Accuracy,F1 (micro),(R) NormF mean,(R) JS mean,(R) NormF w,(R) JS w,(G) NormF,(G) JS,RMSE mean,RMSE w
All,0.8086000000000001,0.8086000000000001,0.17449854662228742,0.21344109817347165,0.1375895389953752,0.14598456541571558,0.08599352710478887,0.07285443664040243,0.09880205672315091,0.06356497840596778
