,Accuracy,F1 (micro),Mean NormF,Mean JS,Wmean NormF,Wmean JS,Mean RMSE,Wmean RMSE
Global,0.8537999999999998,0.8537999999999998,0.1759998000821488,0.2945984479699593,0.13998108405301493,0.23683863862908788,0.07013317301285266,0.06075121057453212
