,Accuracy,F1 (micro)
All,0.7985129068462403,0.7985129068462405
