,Accuracy,F1 (micro),(R) NormF mean,(R) JS mean,(R) NormF w,(R) JS w,(G) NormF,(G) JS,RMSE mean,RMSE w
All,0.7983666666666666,0.7983666666666666,0.2049819449646484,0.26293990750186874,0.15471971663306291,0.16696056980955828,0.11289171565934161,0.10098675659880466,0.09465131525727896,0.06213846355189111
