,Accuracy,F1 (micro),(R) NormF mean,(R) JS mean,(R) NormF w,(R) JS w,(G) NormF,(G) JS,RMSE mean,RMSE w
All,0.8461333333333333,0.8461333333333333,0.18216063264424787,0.22787866513629124,0.13261449320518057,0.1330874408988164,0.07664971467427892,0.045929969828789684,0.1521182011689414,0.11446145792435547
