,Accuracy,F1 (micro)
Global,0.8333613916947248,0.8333613916947248
