Mean ACC imiting Annot,Mean cross-entropy,Wmean ACC imiting Annot,wMean cross entropy
0.8443702351116664,1.1627537727355957,0.8252846486062034,0.9297548767737486
