,Accuracy,F1 (micro)
Global,0.8282267115600445,0.8282267115600447
