,Accuracy,F1 (micro),Average KL,Average PearsonCorr
Global,0.5219373219373219,0.5219373219373219,0.22768892581560557,0.9251771394577444
