,Accuracy,F1 (micro)
Global,0.5462148962148962,0.5462148962148962
