Groups,Entropy,Diag Mean,KL to I,I similar % (JS),Accuracy,F1 (micro)
0.0,0.3444236472249031,0.7358399987220764,0.9258379567072016,0.7911636302381851,0.6074481074481073,0.6074481074481073
1.0,0.3974727772176266,0.6936977908015252,0.9139199674746091,0.7631155654844191,0.6321733821733821,0.6321733821733821
2.0,0.3765596799552441,0.6783931866288185,0.9934252251310275,0.7446433744305232,0.6195970695970695,0.6195970695970695
