,Accuracy,F1 (micro)
Global,0.6333333333333332,0.6333333333333332
