ACC imiting Annotator,CE imiting Annotator
0.6656933571182843,0.7199388220978283
