,Accuracy,F1 (micro),Average KL,Average PearsonCorr,Average RMSE
Global,0.5909849409849409,0.5909849409849409,0.8247724045685969,0.5211973980939709,0.20069270331413147
