ACC imiting Annotator,CE imiting Annotator
0.678383170943529,0.7225565850734711
