,Accuracy,F1 (micro),Average KL,Average PearsonCorr
Global,0.5369556369556369,0.5369556369556369,0.21927455022219128,0.9016436536778365
