,Accuracy,F1 (micro),Average KL,Average PearsonCorr
Global,0.9176841676841676,0.9176841676841676,0.015353493345917032,0.9913349313798718
