ACC imiting Annotator,CE imiting Annotator
0.677067341165801,0.6759955208427593
