Groups,Entropy,Diag Mean,KL to I,I similar % (JS),Accuracy,F1 (micro)
0.0,0.278761925175786,0.746330612897873,0.9026654394777728,0.7927677817571014,0.6222832722832723,0.6222832722832723
1.0,0.31319771744310854,0.7724930480122566,0.7633166324228531,0.8218048119821834,0.6184981684981685,0.6184981684981685
2.0,0.31551396623253825,0.7306302174925804,0.8311975234071756,0.7860071492657801,0.6402319902319901,0.6402319902319901
