,Accuracy,F1 (micro),Average KL,Average PearsonCorr,Average RMSE
Global,0.5945665445665445,0.5945665445665446,0.5905381826424405,0.601101771550041,0.20722497377856772
