,Accuracy,F1 (micro)
Global,0.5689865689865689,0.5689865689865689
