,Accuracy,F1 (micro)
Global,0.9299145299145299,0.9299145299145299
