,Accuracy,F1 (micro),Average KL,Average PearsonCorr
Global,0.5369556369556369,0.5369556369556369,1.9570185389222718,0.5643379187443446
