Groups,Entropy,Diag Mean,KL to I,I similar % (JS),Accuracy,F1 (micro)
0.0,0.346494597196579,0.6864661991596221,0.9433406118860382,0.7501851041323053,0.6109279609279608,0.6109279609279608
1.0,0.2857266705483198,0.7172277078032494,0.9557926591958644,0.7684935629349292,0.712087912087912,0.712087912087912
2.0,0.25816029123961926,0.6877660691738129,1.0984238224764924,0.7369883745718168,0.6169719169719168,0.6169719169719168
