,Accuracy,F1 (micro),Average KL,Average PearsonCorr,Average RMSE
Global,0.6169312169312168,0.6169312169312168,0.6878067898316518,0.5874381730574278,0.21002968152484253
