,Accuracy,F1 (micro)
Global,0.6061050061050062,0.6061050061050062
