ACC imiting Annotator,CE imiting Annotator
0.6679248132482707,0.6807129116293759
