,Accuracy,F1 (micro),Average KL,Average PearsonCorr,Average RMSE
Global,0.7953194953194952,0.7953194953194952,0.018170042864837525,0.9908955119012319,0.20254683102794174
