,Accuracy,F1 (micro)
Global,0.8064102564102564,0.8064102564102564
