,Accuracy,F1 (micro),Average KL,Average PearsonCorr
Global,0.5219373219373219,0.5219373219373219,1.9250645533651016,0.5417951327741495
