,Accuracy,F1 (micro),F1 (macro)
All,0.9499389499389499,0.9499389499389499,0.9499355294300943
