,Accuracy,F1 (micro),F1 (macro)
All,0.9438339438339438,0.9438339438339438,0.9441566040830747
