,Accuracy,F1 (micro),F1 (macro)
All,0.9328449328449329,0.9328449328449329,0.932527253593619
