,Accuracy,F1 (micro),F1 (macro)
All,0.9344729344729344,0.9344729344729344,0.9341626026267985
