,Accuracy,F1 (micro),F1 (macro)
All,0.9287749287749287,0.9287749287749287,0.9282530355698162
