,Accuracy,F1 (micro),F1 (macro)
All,0.03799671038392665,0.03799671038392663,0.06693419143753065
