ACC imiting Annot mean,F1-mi imiting Annot mean,F1-ma imiting Annot mean,ACC imiting Annot wmean,F1-mi imiting Annot wmean,F1-ma imiting Annot wmean
0.0069450161807693015,0.0069450161807693015,0.01041939292466822,0.0071441866550966265,0.0071441866550966265,0.011060923247958728
