,Accuracy,F1 (micro),F1 (macro)
All,0.8424999999999999,0.8424999999999999,0.8287785699208575
