,Accuracy,F1 (micro),F1 (macro)
All,0.04128786141228436,0.041287861412284375,0.07377306735172745
