,Accuracy,F1 (micro),F1 (macro)
All,0.03942952573896875,0.039429525738968726,0.08171670025971882
