ACC imiting Annot mean,F1-mi imiting Annot mean,F1-ma imiting Annot mean,ACC imiting Annot wmean,F1-mi imiting Annot wmean,F1-ma imiting Annot wmean
0.5720083923527282,0.5720083923527282,0.4131660850601796,0.5828244187639885,0.5828244187639885,0.4145822780179757
