,Accuracy,F1 (micro),F1 (macro)
All,0.81875,0.81875,0.7918735588831992
