,Accuracy,F1 (micro),F1 (macro),(R) NormF mean,(R) JS mean,(R) NormF w,(R) JS w,(G) NormF,(G) JS,RMSE mean,RMSE w
All,0.8813262652530505,0.8813262652530505,0.881157212440878,0.2416023039384912,0.12088654863225012,0.20263599112456115,0.09089693813788835,0.1910944060120575,0.07947665995669473,0.12378036395441656,0.10831651409212137
