,Accuracy,F1 (micro),F1 (macro)
All,0.7366841710427607,0.7366841710427607,0.7360501103670429
