Groups,Prob,T(g),Entropy,Diag mean,Isim (JS),S_raykar,S_bias,C_bias,Iner JS,Iner NormF,Accuracy,F1 (micro)
0.0,0.0,0.0,0.055103084756876274,0.01619636238941463,0.008362498933832752,0.03239272477882924,0.01532159691502148,0.47696960070847283,,,0.005665171672522733,0.005665171672522725
