,Accuracy,F1 (micro),F1 (macro)
All,0.7535508877219305,0.7535508877219305,0.753090710380011
