ACC imiting Annot mean,F1-mi imiting Annot mean,F1-ma imiting Annot mean,ACC imiting Annot wmean,F1-mi imiting Annot wmean,F1-ma imiting Annot wmean
0.003174234276681936,0.0031742342766819436,0.003968274291205806,0.0019501695042360046,0.0019501695042360046,0.002116060378559279
