ACC imiting Annot mean,F1-mi imiting Annot mean,F1-ma imiting Annot mean,ACC imiting Annot wmean,F1-mi imiting Annot wmean,F1-ma imiting Annot wmean
0.8222894462925469,0.8222894462925471,0.8091106096501137,0.8253495999423338,0.8253495999423338,0.8217365595144415
