,Accuracy,F1 (micro),F1 (macro),(R) NormF mean,(R) JS mean,(R) NormF w,(R) JS w,(G) NormF,(G) JS,RMSE mean,RMSE w
All,0.005889428899451097,0.005889428899451103,0.006088914500856557,0.011248499098290048,0.01473959016607673,0.012989682360923639,0.015879925665870983,0.016388498571617744,0.01822858442291513,0.002707049702127083,0.0018701292672545341
