,Accuracy,F1 (micro),F1 (macro)
All,0.0054970970429236415,0.005497097042923664,0.005678061050921143
