,Accuracy,F1 (micro),F1 (macro)
All,0.7321830457614403,0.7321830457614403,0.7315771136960552
