Groups,Prob,T(g),Entropy,Diag mean,Isim (JS),S_raykar,S_bias,C_bias,Iner JS,Iner NormF,Accuracy,F1 (micro)
0.0,1.0,203.0,0.0975735651907892,0.9757304258599376,0.9875997102263883,0.9514608517198754,0.018334806586562776,0.35,,,0.7545636409102274,0.7545636409102274
