,Accuracy,F1 (micro)
Global,0.9308099308099308,0.9308099308099308
