ACC imiting Annot mean,F1-mi imiting Annot mean,F1-ma imiting Annot mean,ACC imiting Annot wmean,F1-mi imiting Annot wmean,F1-ma imiting Annot wmean
0.0016202740752228567,0.0016202740752228567,0.0016075373507037595,0.001133672214516845,0.001133672214516843,0.0011973476095134916
