,Accuracy,F1 (micro),F1 (macro)
All,0.9374999999999998,0.9374999999999998,0.8760335400859592
