Groups,Prob,T(g),Entropy,Diag mean,Isim (JS),S_raykar,S_bias,C_bias,Iner JS,Iner NormF,Accuracy,F1 (micro)
0.0,0.00047164080507099826,0.4330127018922193,0.02819942853377897,0.016382355410821857,0.009717590461405553,0.024573533116232817,0.021562088715219304,0.0,0.00878900492510986,0.021953813001029176,0.03488821434238214,0.03488821434238215
0.0,0.0004716408050710171,0.4330127018922193,0.0019021959636140364,0.0003036230097579116,0.0001520927945450413,0.00045543451463688785,0.0004293241683803238,0.0,0.00878900492510986,0.021953813001029176,0.03665719574653793,0.036657195746537946
