ACC imiting Annot mean,F1-mi imiting Annot mean,F1-ma imiting Annot mean,ACC imiting Annot wmean,F1-mi imiting Annot wmean,F1-ma imiting Annot wmean
0.00499986693134821,0.0049998669313482055,0.01451193740378087,0.005713711911904882,0.005713711911904887,0.015066153259728782
