,Accuracy,F1 (micro),F1 (macro)
All,0.01916213714594484,0.01916213714594487,0.029127519852892556
