ACC imiting Annot mean,F1-mi imiting Annot mean,F1-ma imiting Annot mean,ACC imiting Annot wmean,F1-mi imiting Annot wmean,F1-ma imiting Annot wmean
0.8907244882633366,0.8907244882633366,0.8420731535011653,0.8896599369661535,0.8896599369661535,0.8519605855754797
