,Accuracy,F1 (micro),F1 (macro)
All,0.93125,0.93125,0.8785188875038822
