,Accuracy,F1 (micro),F1 (macro)
All,0.03665719574653793,0.036657195746537946,0.06615048066290605
