,Accuracy,F1 (micro)
Global,0.8013047138047137,0.8013047138047137
