,Accuracy,F1 (micro)
Global,0.8139730639730642,0.8139730639730642
