,Accuracy,F1 (micro)
Global,0.8228535353535354,0.8228535353535354
