,Accuracy,F1 (micro)
Global,0.808291245791246,0.808291245791246
