,Accuracy,F1 (micro),Mean KL,Mean JS,Wmean KL,Wmean JS,Mean RMSE,Wmean RMSE
Global,0.8425500000000001,0.8425500000000001,0.8522776126503959,0.22855929196129443,0.4740191338213006,0.13394574498707473,0.14940872686146262,0.11160188457008242
