,Accuracy,F1 (micro)
Global,0.830892255892256,0.830892255892256
