,Accuracy,F1 (micro),Mean KL,Mean JS,Wmean KL,Wmean JS,Mean RMSE,Wmean RMSE
Global,0.8278000000000001,0.8278000000000002,0.8382053485262198,0.22756692957574134,0.4672715272238498,0.13480356984994685,0.1394359575137399,0.10239497447978012
