,Accuracy,F1 (micro),Mean KL,Mean JS,Wmean KL,Wmean JS
Global,0.8146500000000001,0.8146500000000001,2.298340276919885,0.41286023965514895,1.1545548800244778,0.34658821555176406
