Mean ACC imiting Annot,Mean cross-entropy,Wmean ACC imiting Annot,wMean cross entropy
0.7584633939047868,0.6662303032804762,0.7804672163329407,0.6242225395244481
