Groups,Prob,T(g),Entropy,Diag Mean,KL to I,I sim %(JS),Spammer,Accuracy,F1 (micro)
0.0,0.9967218279838562,58.0,0.4959648311138153,0.8679317384958267,0.14784945020903018,0.8969347197248041,0.8490648388862609,0.826388888888889,0.826388888888889
1.0,0.002261837729020044,0.0,2.0775372624397277,0.1356445886194706,1.998497601742106,-0.010448230166911121,0.012165243877097965,0.5954124579124579,0.5954124579124579
2.0,0.001016318000620231,0.0,2.0792480587959288,0.1284096844494343,2.052563791470168,-0.026533466590942644,0.003896782686933875,0.6313973063973063,0.6313973063973063
