,Accuracy,F1 (micro)
Global,0.9413919413919414,0.9413919413919414
