,Accuracy,F1 (micro)
Global,0.9267399267399268,0.9267399267399268
