,Accuracy,F1 (micro),F1 (macro)
All,0.6794262196827426,0.6794262196827426,0.6649771860023082
