,Accuracy,F1 (micro),F1 (macro),(R) NormF mean,(R) JS mean,(R) NormF w,(R) JS w,(G) NormF,(G) JS
All,0.0033704991585667516,0.0033704991585667516,0.008434372401554391,0.0,2.7755575615628914e-17,5.551115123125783e-17,2.7755575615628914e-17,2.7755575615628914e-17,3.469446951953614e-18
