,Accuracy,F1 (micro),F1 (macro),(R) NormF mean,(R) JS mean,(G) NormF,(G) JS
All,0.6509749470571782,0.6509749470571782,0.6287517304084957,0.30778041972786263,0.2782858282503057,0.16937876685937842,0.10881870531766864
