,Accuracy,F1 (micro),F1 (macro)
All,0.7592877767083734,0.7592877767083734,0.7092285820502411
