,Accuracy,F1 (micro),F1 (macro),(R) NormF mean,(R) JS mean,(G) NormF,(G) JS
All,0.6559077291791492,0.6559077291791492,0.6394013574663824,0.3113897391052631,0.28844410004999066,0.1605230644607006,0.11543662626136926
