,Accuracy,F1 (micro),F1 (macro)
All,0.003920159193665826,0.003920159193665826,0.0055449804707768825
