,Accuracy,F1 (micro),F1 (macro)
All,0.003833202069836365,0.003833202069836377,0.01134822570610073
