,Accuracy,F1 (micro),F1 (macro)
All,0.6348940246677045,0.6348940246677045,0.6161004171735271
