,Accuracy,F1 (micro),F1 (macro)
All,0.7845283926852743,0.7845283926852743,0.7436866047969309
