,Accuracy,F1 (micro),F1 (macro)
All,0.6128487606274697,0.6128487606274697,0.5922642847308776
