Groups,Prob,Entropy,Diag mean,Isim (JS),S_raykar,S_bias,C_bias,Iner JS,Iner NormF,Accuracy,F1 (micro)
0.0,0.0119852796379084,0.02780499507959279,0.01757164090269759,0.010083427437458374,0.02342885453693008,0.03984270227576186,0.0,0.007831589014360995,0.005434096088862002,0.028604210357775838,0.028604210357775838
0.0,0.008654718016593104,0.014344031694219894,0.003892142577501785,0.0019946029588158104,0.005189523436669066,0.0037756286223898333,0.714142842854285,0.007831589014360995,0.005434096088862002,0.009159349861564026,0.009159349861564019
0.0,0.009275842145997724,0.030771554116172464,0.007582674852716953,0.004663466609091919,0.010110233136955967,0.01824119984931202,0.0,0.007831589014360995,0.005434096088862002,0.011699381250450617,0.011699381250450617
