,Accuracy,F1 (micro),F1 (macro),(R) NormF mean,(R) JS mean,(R) NormF w,(R) JS w,(G) NormF,(G) JS
All,0.6011407679705918,0.6011407679705918,0.5101612603985464,0.2882713162124783,0.24259996855641078,0.23688324518897635,0.17386529741014212,0.1262569669051102,0.04737326753417828
