,Accuracy,F1 (micro),F1 (macro),(R) NormF mean,(R) JS mean,(G) NormF,(G) JS
All,0.6446195326542841,0.6446195326542841,0.6231050809580602,0.32603760551794186,0.3050888220883851,0.17759044525426623,0.1163639285962745
