,Accuracy,F1 (micro),F1 (macro),(R) NormF mean,(R) JS mean,(R) NormF w,(R) JS w,(G) NormF,(G) JS
All,0.6212612342720191,0.6212612342720191,0.6056890350625259,0.27990093804737637,0.2343513984657811,0.22217560236328734,0.1638406610092664,0.08127253929080698,0.01623553350405222
