,Accuracy,F1 (micro),F1 (macro),(R) NormF mean,(R) JS mean,(R) NormF w,(R) JS w,(G) NormF,(G) JS
All,0.6231390098693411,0.6231390098693411,0.6047541813985104,0.27266969423686377,0.22554969831513336,0.2143758373048335,0.15214043296137877,0.08113621241750908,0.016008038345857904
