Groups,Prob,Entropy,Diag mean,Isim (JS),S_raykar,S_bias,C_bias,Iner JS,Iner NormF,Accuracy,F1 (micro)
0.0,0.37492002695798876,0.1539284122384935,0.7443990354276716,0.7714242600898945,0.6591987139035621,0.2414312423928413,0.0,0.2872757016104272,0.3518122849497551,0.5358100826248353,0.5358100826248353
1.0,0.28318325579166415,0.040015302781830527,0.993172610156407,0.9965653015042207,0.9908968135418756,0.0038726689454640444,1.9,0.2872757016104272,0.3518122849497551,0.6032451203448688,0.6032451203448688
2.0,0.3418967694044113,0.5885357637192725,0.6406879335958876,0.7779157318784599,0.5209172447945167,0.4469842577756503,3.0,0.2872757016104272,0.3518122849497551,0.27342234462938564,0.27342234462938564
