Groups,Prob,Entropy,Diag mean,Isim (JS),S_raykar,S_bias,C_bias,Iner JS,Iner NormF,Accuracy,F1 (micro)
0.0,0.00908159644901904,0.042811924254054515,0.016023983091829928,0.00889545749527735,0.021365310789106598,0.005200330980172811,0.7810249675906655,0.015247977671822175,0.00922309166314584,0.003990458082485046,0.003990458082485046
0.0,0.008973780834805267,0.012814817422222733,0.002292563091603363,0.005689021124021624,0.003056750788804462,0.004181943366185495,0.0,0.015247977671822175,0.00922309166314584,0.004043143727657263,0.0040431437276572625
0.0,0.006487788242979156,0.017858448594327836,0.012630912142762483,0.017578141691006216,0.01684121619034998,0.013855831303856647,1.4924811556599298,0.015247977671822175,0.00922309166314584,0.0029315251144042924,0.0029315251144042924
