,Accuracy,F1 (micro),F1 (macro)
All,0.6058376242366184,0.6058376242366184,0.5877222147222011
