,Accuracy,F1 (micro),F1 (macro)
All,0.008267391295216475,0.008267391295216484,0.0078074331673314784
