Groups,Prob,Entropy,Diag mean,Isim (JS),S_raykar,S_bias,C_bias,Iner JS,Iner NormF,Accuracy,F1 (micro)
0.0,0.2044096965089376,0.18047672665849193,0.11037021554665981,0.08111596910322975,0.14716028739554643,0.10289431810372075,1.5,0.12298769397688308,0.07958099525769613,0.07794903608352795,0.07794903608352795
0.0,0.16124177739327225,0.14814655210547636,0.25117601488538643,0.21998778655448137,0.3349013531805153,0.3013144074196015,1.0136567466356647,0.12298769397688308,0.07958099525769613,0.1356117929309063,0.1356117929309063
0.0,0.07430978318918574,0.12500819062500235,0.13546020069856732,0.1397214994737566,0.1806136009314231,0.21435034662959976,1.2835497652993435,0.12298769397688308,0.07958099525769613,0.08752885724970567,0.08752885724970567
