,Accuracy,F1 (micro),F1 (macro)
All,0.5900850197581128,0.5900850197581128,0.5650837311665982
