,Accuracy,F1 (micro),F1 (macro)
All,0.007393254966963064,0.007393254966963064,0.012695015684778193
