,Accuracy,F1 (micro),F1 (macro),(R) NormF mean,(R) JS mean,(G) NormF,(G) JS
All,0.0055078085436444345,0.0055078085436444345,0.013063181493171639,0.009561934614243105,0.012634794295041631,0.014868223117400275,0.01831683616267763
