,Accuracy,F1 (micro),F1 (macro)
All,0.0037379021250562726,0.0037379021250562726,0.007813447369631535
