,Accuracy,F1 (micro),F1 (macro)
All,0.7663137632338787,0.7663137632338787,0.7338397370074928
