,Accuracy,F1 (micro),F1 (macro)
All,0.00508804658147036,0.00508804658147034,0.006176030472935394
