,Accuracy,F1 (micro),F1 (macro),(R) NormF mean,(R) JS mean,(G) NormF,(G) JS
All,0.0021238294966962014,0.0021238294966962014,0.006877349548163138,0.0006970607167405722,0.000513090555055129,0.0004819083236633589,0.0003028724725845367
