,Accuracy,F1 (micro),F1 (macro),(R) NormF mean,(R) JS mean,(G) NormF,(G) JS
All,0.00401256025975477,0.00401256025975477,0.007227426763314252,0.0035951039465713522,0.0048605355866222135,0.005902829237924181,0.0072031960140421505
