,Accuracy,F1 (micro),F1 (macro),(R) NormF mean,(R) JS mean,(G) NormF,(G) JS
All,0.6624046030287289,0.6624046030287289,0.6526300443723243,0.29921266809568114,0.25877936150371295,0.1492602896104527,0.08607305607299336
