,Accuracy,F1 (micro),F1 (macro),(R) NormF mean,(R) JS mean,(G) NormF,(G) JS
All,0.6545056920311565,0.6545056920311565,0.6373241188686035,0.3332927753589605,0.30298383121201794,0.19208624184301704,0.11319146286091661
