,Accuracy,F1 (micro),F1 (macro),(R) NormF mean,(R) JS mean,(R) NormF w,(R) JS w,(G) NormF,(G) JS
All,0.6092899940083882,0.6092899940083882,0.5311157592145493,0.29569153866420284,0.2526114761774867,0.24349420807954308,0.18463870962095627,0.1254631765207623,0.0465351129234869
