,Accuracy,F1 (micro),F1 (macro),(R) NormF mean,(R) JS mean,(R) NormF w,(R) JS w,(G) NormF,(G) JS
All,0.004274513199333552,0.004274513199333552,0.005935815023804426,1.1102230246251565e-16,2.7755575615628914e-17,5.551115123125783e-17,2.7755575615628914e-17,4.163336342344337e-17,3.469446951953614e-18
