,Accuracy,F1 (micro),F1 (macro)
All,0.7925890279114534,0.7925890279114534,0.7538663063398743
