,Accuracy,F1 (micro),F1 (macro),(R) NormF mean,(R) JS mean,(R) NormF w,(R) JS w,(G) NormF,(G) JS
All,0.6250898741761534,0.6250898741761534,0.5936004171913357,0.26449059894275784,0.2347305906703597,0.15393351374865455,0.10408706609747238,0.07929606236578587,0.021396825419979223
