,Accuracy,F1 (micro),F1 (macro)
All,0.7648941289701636,0.7648941289701635,0.6914768037066417
