,Accuracy,F1 (micro),F1 (macro)
All,0.00817842276194688,0.008178422761946885,0.009640833078893737
