Groups,Prob,T(g),Entropy,Diag mean,Isim (JS),S_raykar,S_bias,C_bias,Iner JS,Iner NormF,Accuracy,F1 (micro)
0.0,0.05763004198670387,2.9,2.023087327593455,0.18299453860266937,0.36450024805767794,0.06627947268876502,0.026592959819914178,2.3666666666666667,0.33068512505601005,0.22903002493337699,0.4517957351290685,0.4517957351290685
1.0,0.5281010041634242,30.666666666666668,0.29763498965781604,0.9463324599568774,0.972515586706438,0.9386656685221453,0.008133417809973504,3.1333333333333333,0.33068512505601005,0.22903002493337699,0.832239057239057,0.832239057239057
2.0,0.4142689347267151,23.966666666666665,0.6239771678200241,0.7935783615696915,0.8633367633837472,0.7640895560796477,0.08792764864587035,1.0,0.33068512505601005,0.22903002493337699,0.756537598204265,0.7565375982042649
