,Accuracy,F1 (micro),F1 (macro)
All,0.7992985409652078,0.7992985409652078,0.7920906998622017
