ACC imiting Annot mean,Cross-entropy mean,ACC imiting Annot wmean,Cross entropy wmean
0.0060051436281610545,0.009812062192720364,0.0048544681653864274,0.007498268935477048
