,Accuracy,F1 (micro),F1 (macro)
All,0.008868794883133314,0.008868794883133328,0.010110984185414928
