,Accuracy,F1 (micro),F1 (macro)
All,0.009004067630675355,0.009004067630675351,0.009855950348638927
