,Accuracy,F1 (micro),F1 (macro)
All,0.01123652424800704,0.011236524248007031,0.0126431890322709
