,Accuracy,F1 (micro),F1 (macro),(R) NormF mean,(R) JS mean,(R) NormF w,(R) JS w,(G) NormF,(G) JS,RMSE mean,RMSE w
All,0.006342099196813459,0.006342099196813456,0.006259450735919497,0.0058223680597422585,0.007517770967119688,0.005186619970615472,0.005474063084768006,0.006221182031040789,0.007795385407613029,0.007107105322507531,0.0050101600756809654
