,Accuracy,F1 (micro),F1 (macro)
All,0.833894500561167,0.833894500561167,0.8294062043530636
