,Accuracy,F1 (micro),F1 (macro)
All,0.8324915824915823,0.8324915824915823,0.8283477436752548
