,Accuracy,F1 (micro),F1 (macro),(R) NormF mean,(R) JS mean,(R) NormF w,(R) JS w,(G) NormF,(G) JS,RMSE mean,RMSE w
All,0.8376999999999999,0.8376999999999999,0.8342065261830836,0.16886042788185104,0.21121771869192094,0.13644834829000463,0.1452199762180701,0.06706639498585373,0.06033710097474026,0.12520973414228748,0.08718754089778825
