,Accuracy,F1 (micro),F1 (macro),(R) NormF mean,(R) JS mean,(R) NormF w,(R) JS w,(G) NormF,(G) JS,RMSE mean,RMSE w
All,0.009497894503520248,0.009497894503520246,0.010173564418181779,0.0010787609406564312,0.0017186473245247498,0.0012337229061259712,0.002246442496992845,0.002022242591829659,0.002217900798200733,0.0069361647092764135,0.006996941826869654
