,Accuracy,F1 (micro),F1 (macro),(R) NormF mean,(R) JS mean,(R) NormF w,(R) JS w,(G) NormF,(G) JS,RMSE mean,RMSE w
All,0.8120999999999999,0.8120999999999999,0.8068043126035029,0.17399340718439432,0.2125220326883003,0.13695240606573209,0.14489882590299227,0.0857016126067931,0.07216697474180613,0.10290815412242839,0.0663133097762073
