,Accuracy,F1 (micro),F1 (macro)
All,0.8293209876543207,0.8293209876543207,0.8231614606848561
