ACC imiting Annot mean,Cross-entropy mean,ACC imiting Annot wmean,Cross entropy wmean
0.0065700967857477265,0.0069744225223120114,0.003924355023139381,0.008690536461505959
