,Accuracy,F1 (micro),F1 (macro)
All,0.008179385325683755,0.008179385325683778,0.009585081240036682
