,Accuracy,F1 (micro),F1 (macro)
All,0.826627384960718,0.8266273849607183,0.8183790874958137
