,Accuracy,F1 (micro),F1 (macro),(R) NormF mean,(R) JS mean,(R) NormF w,(R) JS w,(G) NormF,(G) JS
All,0.8442666666666667,0.8442666666666667,0.8415326581965658,0.13943442083516364,0.1530202413519168,0.09834164343584181,0.08577790914006038,0.04682933416521603,0.03573014563175923
