,Accuracy,F1 (micro),F1 (macro)
All,0.008211518071333565,0.008211518071333572,0.00913785124540839
