,Accuracy,F1 (micro),F1 (macro)
All,0.8353254769921433,0.8353254769921433,0.8318764042676801
