ACC imiting Annot mean,Cross-entropy mean,ACC imiting Annot wmean,Cross entropy wmean
0.00755638142591523,0.011623242500368612,0.005461479311001987,0.007717895034841961
