,Accuracy,F1 (micro),F1 (macro)
All,0.8146464646464645,0.8146464646464646,0.8100393302033662
