,Accuracy,F1 (micro),F1 (macro),(R) NormF mean,(R) JS mean,(R) NormF w,(R) JS w,(G) NormF,(G) JS,RMSE mean,RMSE w
All,0.8482999999999999,0.8482999999999999,0.8439268442738967,0.17626183223463385,0.29510174224815056,0.14038093049333192,0.23754130268863172,0.16817822297074841,0.25929242013851195,0.06998343362616692,0.059377044889412374
