,Accuracy,F1 (micro),F1 (macro)
All,0.012620057085853564,0.012620057085853547,0.013651793220099014
