ACC imiting Annot mean,Cross-entropy mean,ACC imiting Annot wmean,Cross entropy wmean
0.005119167491124994,0.0051417925638323845,0.004142060799334576,0.0041495772833564735
