ACC imiting Annot mean,Cross-entropy mean,ACC imiting Annot wmean,Cross entropy wmean
0.7982113013201626,0.6064924287844826,0.8314095013741656,0.48968696471312667
