Groups,Prob,T(g),Entropy,Diag mean,Isim (JS),S_raykar,S_bias,C_bias,Iner JS,Iner NormF,Accuracy,F1 (micro)
0.0,0.0002591719667728873,0.0,0.018897871283218216,0.008887846827174839,0.005293404041478326,0.010157539231056962,0.011792230068489512,0.8000000000000002,0.004067214481203158,0.0016763341779060708,0.016095720037222563,0.016095720037222563
0.0,0.00020221047486256773,0.0,0.0001735248909895595,0.0011044352325153403,0.0017191909578574568,0.001262211694303244,0.0006074631357854727,0.7717224601860152,0.004067214481203158,0.0016763341779060708,0.07064106377824309,0.07064106377824307
0.0,5.920095941156914e-05,0.0,2.605971613381358e-05,0.00025923360276003957,0.00040665447111961326,0.0002962669745829011,0.00029545462398435974,0.7717224601860152,0.004067214481203158,0.0016763341779060708,0.07630553790823054,0.07630553790823054
