,Accuracy,F1 (micro),F1 (macro),(R) NormF mean,(R) JS mean,(R) NormF w,(R) JS w,(G) NormF,(G) JS,RMSE mean,RMSE w
All,0.8444,0.8444,0.838116146902836,0.18230463826743312,0.22783933141580298,0.1328089684450654,0.13311467946738667,0.07706476312485495,0.046206793994071,0.14992325414537247,0.11223661824368539
