,Accuracy,F1 (micro),F1 (macro),(R) NormF mean,(R) JS mean,(R) NormF w,(R) JS w,(G) NormF,(G) JS,RMSE mean,RMSE w
All,0.006270211763214671,0.006270211763214662,0.006357223233279096,0.002275273817289999,0.0032690843138297684,0.0021226293086848273,0.002948728835410691,0.0035154712542829437,0.00420785426576225,0.00769536908068512,0.006921383735144684
