,Accuracy,F1 (micro),F1 (macro)
All,0.010941465864829572,0.010941465864829589,0.011640840956646642
