,Accuracy,F1 (micro),F1 (macro),(R) NormF mean,(R) JS mean,(R) NormF w,(R) JS w,(G) NormF,(G) JS,RMSE mean,RMSE w
All,0.016560193235587557,0.016560193235587554,0.022060956392527836,0.002363256554621258,0.003493924221893787,0.0022465704236552474,0.003602156997955268,0.004053111872544673,0.004723119019744061,0.011808755770123084,0.012290800054404919
