,Accuracy,F1 (micro),F1 (macro)
All,0.8352974186307517,0.8352974186307517,0.8313329841011271
