,Accuracy,F1 (micro),F1 (macro),(R) NormF mean,(R) JS mean,(R) NormF w,(R) JS w,(G) NormF,(G) JS,RMSE mean,RMSE w
All,0.009271221901969325,0.009271221901969327,0.010910218691798769,0.0005896463584883738,0.0012596906987307442,0.0008821263875694194,0.0014988661292770788,0.000289304899458151,0.0006385557216512908,0.004866324119212677,0.0055459244249656744
