ACC imiting Annot mean,Cross-entropy mean,ACC imiting Annot wmean,Cross entropy wmean
0.7698506527478803,0.6317848363289512,0.792579505300353,0.5889918112953364
