ACC imiting Annot mean,Cross-entropy mean,ACC imiting Annot wmean,Cross entropy wmean
0.8263248778667583,0.501611014633421,0.8561313964140819,0.4014532380766415
