,Accuracy,F1 (micro),F1 (macro),(R) NormF mean,(R) JS mean,(R) NormF w,(R) JS w,(G) NormF,(G) JS
All,0.007243080989621911,0.007243080989621904,0.007651309909108465,0.0,8.326672684688674e-17,2.7755575615628914e-17,5.551115123125783e-17,2.7755575615628914e-17,6.938893903907228e-18
