,Accuracy,F1 (micro),F1 (macro)
All,0.013484983930274025,0.013484983930274018,0.01671808034151991
