ACC imiting Annot mean,Cross-entropy mean,ACC imiting Annot wmean,Cross entropy wmean
0.7722521087817147,0.6307605394611273,0.7949090433189372,0.5862923332327834
