Groups,Prob,T(g),Entropy,Diag mean,Isim (JS),S_raykar,S_bias,C_bias,Iner JS,Iner NormF,Accuracy,F1 (micro)
0.0,0.4067791869242986,23.0,1.1742330063113824,0.6812090064535575,0.8172302987979213,0.6356674359469231,0.00878953758745135,3.6,0.06338521888450907,0.09370528908878711,0.8300224466891131,0.8300224466891131
1.0,0.3220341424147288,19.0,0.36027327021528854,0.9302372185300211,0.9640336942199769,0.9202711068914528,0.008256045333673072,2.7,0.06338521888450907,0.09370528908878711,0.8340628507295171,0.8340628507295171
2.0,0.2711865057547887,16.0,0.7793439477098534,0.7777969446468801,0.8704487242668454,0.7460536510250059,0.07144421347773143,1.0,0.06338521888450907,0.09370528908878711,0.7546296296296297,0.7546296296296297
