ACC imiting Annot mean,Cross-entropy mean,ACC imiting Annot wmean,Cross entropy wmean
0.8225580174773952,0.47653375503910195,0.849757885093574,0.3832212581321547
