ACC imiting Annot mean,Cross-entropy mean,ACC imiting Annot wmean,Cross entropy wmean
0.8427207487332191,1.1622549573580423,0.824250752519304,0.9304092946929031
