,Accuracy,F1 (micro),F1 (macro)
All,0.8216891133557799,0.8216891133557799,0.8178747007288096
