,Accuracy,F1 (micro),F1 (macro),(R) NormF mean,(R) JS mean,(R) NormF w,(R) JS w,(G) NormF,(G) JS,RMSE mean,RMSE w
All,0.005204805471869201,0.005204805471869202,0.0056191307730473075,0.0033313692564740714,0.005437394722305997,0.0019608339423380495,0.002833689537689556,0.0022084067664602746,0.0022045831099793004,0.006581942227961734,0.0044354337504374595
