,Accuracy,F1 (micro),F1 (macro),(R) NormF mean,(R) JS mean,(R) NormF w,(R) JS w,(G) NormF,(G) JS,RMSE mean,RMSE w
All,0.8463666666666665,0.8463666666666665,0.8418704723057879,0.1818114388382703,0.2272755664787032,0.13229136991060594,0.13251406761965795,0.07599925963301642,0.04517412070620867,0.15286957409176002,0.1143305850019631
