,Accuracy,F1 (micro),F1 (macro),(R) NormF mean,(R) JS mean,(R) NormF w,(R) JS w,(G) NormF,(G) JS,RMSE mean,RMSE w
All,0.010257192598367264,0.01025719259836725,0.012612101203084576,0.0005923486777001005,0.0012790430098031374,0.0007868912326698396,0.0013964811641018755,0.0003631367921235578,0.0007655767148041821,0.00528208472782522,0.006566391564291447
