,Accuracy,F1 (micro),F1 (macro),(R) NormF mean,(R) JS mean,(R) NormF w,(R) JS w,(G) NormF,(G) JS,RMSE mean,RMSE w
All,0.8066666666666668,0.8066666666666668,0.8030556463172667,0.1949060813119187,0.23722309253488433,0.15366744287780812,0.16161170375513736,0.10321853621113611,0.09185677296647211,0.10584522760472523,0.06815861798193953
