,Accuracy,F1 (micro),F1 (macro)
All,0.9267676767676768,0.9267676767676768,0.9277302810973318
