Groups,Prob,T(g),Entropy,Diag mean,Isim (JS),S_raykar,S_bias,C_bias,Iner JS,Iner NormF,Accuracy,F1 (micro)
0.0,0.14092283352899054,7.733333333333333,1.8113278941995907,0.26344732999016834,0.4157420165705728,0.1582255199887638,0.017791857134806542,4.2,0.3705475754969429,0.2152244833509997,0.5351571268237936,0.5351571268237936
1.0,0.6100061236570279,35.56666666666667,0.8439980105994098,0.6982192766659465,0.7721715640191853,0.6551077447610817,0.014940966598163961,2.8,0.3705475754969429,0.2152244833509997,0.7456790123456788,0.7456790123456788
2.0,0.24907106375321747,14.233333333333333,1.5578948861626896,0.37554827687778924,0.5057870328123981,0.2863408878603306,0.020656405347964445,4.366666666666666,0.3705475754969429,0.2152244833509997,0.6037037037037037,0.6037037037037037
