,Accuracy,F1 (micro),F1 (macro)
All,0.020086514320688535,0.020086514320688524,0.027562904702911412
