ACC imiting Annot mean,Cross-entropy mean,ACC imiting Annot wmean,Cross entropy wmean
0.0059032046310989,0.011649050106375349,0.0025133394284856314,0.006704570533944571
