ACC imiting Annot mean,Cross-entropy mean,ACC imiting Annot wmean,Cross entropy wmean
0.005554796010847411,0.01969811442188715,0.0024252133249362258,0.01115464218887181
