,Accuracy,F1 (micro)
Global,0.92003367003367,0.92003367003367
