,Accuracy,F1 (micro)
Global,0.7965488215488217,0.7965488215488217
