Groups,Prob,T(g),Entropy,Diag Mean,KL to I,I sim %(JS),Spammer,Accuracy,F1 (micro)
0.0,0.9772247652212779,5127.966666666666,0.7653953254222869,0.7464065293471018,0.32714743338768254,0.7852604108334282,0.7101788938045501,0.8002525252525253,0.8002525252525253
1.0,0.02001434675573061,104.6,1.8794330954551697,0.19494663774967194,1.6920466749677778,0.10090898781406378,0.07993901347120604,0.41565656565656556,0.41565656565656556
2.0,0.0027608862719110524,14.033333333333333,2.052343463897705,0.13976320574680964,1.9742621929648638,-0.0021840941369730507,0.016872237933178744,0.34452861952861963,0.34452861952861963
