,Accuracy,F1 (micro)
Global,0.7814814814814818,0.7814814814814818
