,Accuracy,F1 (micro),Mean NormF,Mean JS,Wmean NormF,Wmean JS
Global,0.7929666666666666,0.7929666666666666,0.07240364496899979,0.07538835672709361,0.08982731562987255,0.09201852923483957
