,Accuracy,F1 (micro)
Global,0.7866161616161615,0.7866161616161615
