Mean ACC imiting Annot,Mean cross-entropy,Wmean ACC imiting Annot,wMean cross entropy
0.74792752889687,0.7216971142550209,0.7520601237842618,0.7310896889405606
