,Accuracy,F1 (micro)
Global,0.7858585858585859,0.7858585858585859
