,Accuracy,F1 (micro),Mean NormF,Mean JS,Wmean NormF,Wmean JS,Mean RMSE,Wmean RMSE
Global,0.8044333333333332,0.8044333333333332,0.23767596265609064,0.401218196193873,0.21336348398646834,0.3392975726038481,0.2007174906150029,0.16559050145257043
