,Accuracy,F1 (micro),Mean NormF,Mean JS,Wmean NormF,Wmean JS,Mean RMSE,Wmean RMSE
Global,0.7912666666666668,0.7912666666666668,0.1367534028368101,0.1376814791132121,0.15666795830852281,0.19703608212757398,0.01979614370188259,0.03795882278640899
