,Accuracy,F1 (micro),Mean NormF,Mean JS,Wmean NormF,Wmean JS
Global,0.7832666666666666,0.7832666666666666,0.2677381059970025,0.49613337896701265,0.23942888172461835,0.4079483508533255
