Mean ACC imiting Annot,Mean cross-entropy,Wmean ACC imiting Annot,wMean cross entropy
0.9704503545765227,1.504765706445358,0.9207275483137553,1.3845106382713004
