,Accuracy,F1 (micro),Mean NormF,Mean JS,Wmean NormF,Wmean JS
Global,0.7940666666666665,0.7940666666666665,0.2650919227297645,0.490106979051582,0.2356841416569645,0.4014222356668157
