,Accuracy,F1 (micro)
All,0.9373219373219374,0.9373219373219374
