,Accuracy,F1 (micro)
All,0.9474969474969475,0.9474969474969475
