,Accuracy,F1 (micro),Average KL,Average PearsonCorr,Average RMSE
Global,0.8583028083028083,0.8583028083028083,0.4772765449112845,0.5277569609076165,0.072767347532197
