,Accuracy,F1 (micro)
Global,0.9045177045177046,0.9045177045177046
