ACC imiting Annotator,CE imiting Annotator
0.618900324463066,0.8124732778688178
