,Accuracy,F1 (micro)
Global,0.7528693528693531,0.7528693528693531
