,Accuracy,F1 (micro),Average KL,Average PearsonCorr
Global,0.6624135124135125,0.6624135124135125,1.0783253624702276,0.7266628175025759
