,Accuracy,F1 (micro)
Global,0.8091575091575093,0.8091575091575093
