ACC imiting Annotator,CE imiting Annotator
0.5884258504571754,0.886194801450174
