,Accuracy,F1 (micro)
Global,0.933943833943834,0.933943833943834
