,Accuracy,F1 (micro)
Global,0.6374236874236875,0.6374236874236875
