,Accuracy,F1 (micro),Average KL,Average PearsonCorr,Average RMSE
Global,0.6343915343915343,0.6343915343915343,0.8221104153694082,0.3765287027505518,0.07860826929423713
