ACC imiting Annotator,CE imiting Annotator
0.6131224195513326,0.7988852622222076
