,Accuracy,F1 (micro),Average KL,Average PearsonCorr,Average RMSE
Global,0.7447700447700447,0.7447700447700447,0.6419169173165058,0.2972665036568703,0.04300587826413985
