,Accuracy,F1 (micro),Average KL,Average PearsonCorr,Average RMSE
Global,0.8939763939763941,0.8939763939763941,0.44181539943947545,0.36891555887324157,0.04703836642458928
