,Accuracy,F1 (micro)
Global,0.6614163614163613,0.6614163614163613
