ACC imiting Annotator,CE imiting Annotator
0.6188017138186683,0.7983820579063095
