,Accuracy,F1 (micro)
Global,0.8261294261294262,0.8261294261294262
