Groups,Entropy,Diag Mean,KL to I,I similar % (JS),Accuracy,F1 (micro)
0.0,0.3654364958405495,0.8513462215662002,0.18151593281169515,0.9150409599762973,0.78992673992674,0.78992673992674
1.0,0.3561319589614868,0.8552698940038681,0.18232562965942606,0.9159837470347657,0.7906593406593407,0.7906593406593407
2.0,0.3709977908059955,0.830631622672081,0.2268898045073024,0.8980874561857075,0.7641636141636141,0.7641636141636141
