,Accuracy,F1 (micro)
Global,0.6800976800976799,0.6800976800976799
