,Accuracy,F1 (micro)
Global,0.8761294261294262,0.8761294261294262
