,Accuracy,F1 (micro)
Global,0.8653846153846156,0.8653846153846155
