Groups,Entropy,Diag Mean,KL to I,I similar % (JS),Accuracy,F1 (micro)
0.0,0.3453376669436693,0.7869753308594227,0.41374786428106586,0.8532322227569997,0.7263736263736262,0.7263736263736262
1.0,0.30203870721161363,0.8678140059113503,0.19074917509478856,0.9185771724856728,0.8185592185592186,0.8185592185592186
2.0,0.38890560269355773,0.7981742933392525,0.3078152974706255,0.8722311890164163,0.7230769230769231,0.7230769230769231
