Groups,Entropy,Diag Mean,KL to I,I similar % (JS),Accuracy,F1 (micro)
0.0,0.3621618963778019,0.8403382450342178,0.2518036249196286,0.903202435255315,0.7078144078144077,0.7078144078144077
1.0,0.39227199330925944,0.8063651606440544,0.31231423836794875,0.8792408721182927,0.6832112332112332,0.6832112332112332
2.0,0.35713789612054825,0.834632508456707,0.27370217235754024,0.8976347399952818,0.7155677655677655,0.7155677655677655
