,Accuracy,F1 (micro),Average KL,Average PearsonCorr,Average RMSE
Global,0.8274114774114774,0.8274114774114774,0.6480604307183249,0.26234486542229235,0.056267113467287175
