Groups,Entropy,Diag Mean,KL to I,I similar % (JS),Accuracy,F1 (micro)
0.0,0.44835586100816727,0.6174266263842583,1.2194387514692644,0.6997327243003598,0.708119658119658,0.708119658119658
1.0,0.4536681994795799,0.6120616778731346,1.2360350303605565,0.6961932029862559,0.6812576312576311,0.6812576312576311
2.0,0.4548256039619446,0.610004986077547,1.2535139145279883,0.694371140808761,0.6923076923076921,0.6923076923076921
