ACC imiting Annotator,CE imiting Annotator
0.5832799017554088,0.8825671815361332
