,Accuracy,F1 (micro)
Global,0.9364468864468865,0.9364468864468865
