,Accuracy,F1 (micro)
Global,0.763858363858364,0.763858363858364
