,Accuracy,F1 (micro),Average KL,Average PearsonCorr
Global,0.7584656084656083,0.7584656084656083,0.16678717490290162,0.8375074822752178
