ACC imiting Annotator,CE imiting Annotator
0.6180014765372926,0.8116805676215059
