,Accuracy,F1 (micro),Average KL,Average PearsonCorr
Global,0.9254171754171756,0.9254171754171756,0.07753242406884966,0.8548319147450671
