,Accuracy,F1 (micro),Average KL,Average PearsonCorr
Global,0.6419617419617419,0.6419617419617419,0.1734660428680559,0.8797949174243531
