Groups,Entropy,Diag Mean,KL to I,I similar % (JS),Accuracy,F1 (micro)
0.0,0.41872487515211104,0.7181045286357403,0.7821807973643462,0.792958236159475,0.8255189255189258,0.8255189255189258
1.0,0.4045566447079182,0.7346973903477192,0.7321284500856541,0.8045292302873774,0.8612942612942615,0.8612942612942615
2.0,0.4204887986183167,0.7177980981767178,0.7710180144628906,0.7923518010028211,0.8198412698412699,0.8198412698412699
