,Accuracy,F1 (micro),Average KL,Average PearsonCorr,Average RMSE
Global,0.8209198209198207,0.8209198209198207,0.014348264881371272,0.8552107847969852,0.08699634712857983
