,Accuracy,F1 (micro),Average KL,Average PearsonCorr
Global,0.8415954415954415,0.8415954415954415,0.12910842641693893,0.8559693931844657
