ACC imiting Annotator,CE imiting Annotator
0.6239968536863908,0.8083471981687282
