,Accuracy,F1 (micro),Average KL,Average PearsonCorr
Global,0.6419617419617419,0.6419617419617419,1.2379132733883291,0.7256740123370613
