Groups,Entropy,Diag Mean,KL to I,I similar % (JS),Accuracy,F1 (micro)
0.0,0.2895691279321909,0.7798323638737201,0.5952739769379408,0.8299616945368798,0.7697191697191698,0.7697191697191698
1.0,0.30991308242082594,0.7564592748880387,0.6520125070225146,0.811983947927339,0.7235042735042734,0.7235042735042734
2.0,0.2972831059247255,0.8087443448603153,0.4872166363448923,0.8585810282242209,0.7891941391941395,0.7891941391941395
