,Accuracy,F1 (micro),Average KL,Average PearsonCorr,Average RMSE
Global,0.8054334554334555,0.8054334554334555,0.014677557333564989,0.9114519480011273,0.09370800746501137
