ACC imiting Annotator,CE imiting Annotator
0.6170098565270917,0.80446670636421
