,Accuracy,F1 (micro),Average KL,Average PearsonCorr,Average RMSE
Global,0.8680708180708179,0.8680708180708179,0.547803714160932,0.12845343302409626,0.04670722036907538
