,Accuracy,F1 (micro)
Global,0.8335164835164836,0.8335164835164836
