,Accuracy,F1 (micro),F1 (macro)
All,0.005617442673246509,0.005617442673246515,0.009575738644296915
