,Accuracy,F1 (micro),F1 (macro),(R) NormF mean,(R) JS mean,(G) NormF,(G) JS
All,0.0025607320201056836,0.0025607320201056836,0.0030561042338012544,0.0026802591764593375,0.0038090154256608024,0.00473527268724697,0.005364923063749372
