,Accuracy,F1 (micro),F1 (macro)
All,0.7414100096246391,0.7414100096246391,0.6065577978883396
