,Accuracy,F1 (micro),F1 (macro)
All,0.010125330730420502,0.010125330730420495,0.013656113545983969
