,Accuracy,F1 (micro),F1 (macro)
All,0.7745187680461983,0.7745187680461983,0.730612987742617
