Groups,Prob,Entropy,Diag mean,Isim (JS),S_raykar,S_bias,C_bias,Iner JS,Iner NormF,Accuracy,F1 (micro)
0.0,0.0844060715002731,0.0825386874098244,0.05753695422392246,0.04950910654661918,0.07671593896522995,0.1005878715353532,0.8529361054615991,0.08449669658437171,0.051533374423365474,0.13111679009872773,0.13111679009872773
0.0,0.08941347820402856,0.02700066971553461,0.007822287405519546,0.004057758345969025,0.010429716540692711,0.0071484463135142754,1.2609520212918492,0.08449669658437171,0.051533374423365474,0.0159356820710837,0.01593568207108369
0.0,0.08074971241415542,0.11892614593328918,0.14772240865793984,0.14159944415104558,0.19696321154391982,0.22048545131812594,0.9165151389911678,0.08449669658437171,0.051533374423365474,0.17462971204942498,0.17462971204942498
