Groups,Prob,Entropy,Diag mean,Isim (JS),S_raykar,S_bias,C_bias,Iner JS,Iner NormF,Accuracy,F1 (micro)
0.0,0.12389986649886471,0.1917478288734502,0.7413541729640076,0.7614121708711175,0.6551388972853434,0.21124378081447848,3.0,0.2938556017211206,0.3515824770786954,0.4126082771896053,0.4126082771896053
1.0,0.7763498641555764,0.2816792265208409,0.9204105131027547,0.957620466018513,0.8938806841370062,0.012914447753098824,1.9,0.2938556017211206,0.3515824770786954,0.7581568816169393,0.7581568816169394
2.0,0.09975026934555904,0.338282722814022,0.7460410028271351,0.782836193951333,0.6613880037695139,0.08337448020214894,0.0,0.2938556017211206,0.3515824770786954,0.674711260827719,0.674711260827719
