,Accuracy,F1 (micro),F1 (macro)
All,0.00845308960680609,0.0084530896068061,0.012855266858748287
