,Accuracy,F1 (micro),F1 (macro),(R) NormF mean,(R) JS mean,(G) NormF,(G) JS
All,0.6521736524553482,0.6521736524553482,0.6356393267749576,0.32051063490542353,0.28266873358965444,0.18510940984364488,0.1011291081822352
