,Accuracy,F1 (micro),F1 (macro)
All,0.7526467757459097,0.7526467757459097,0.701642054657219
