Groups,Prob,Entropy,Diag mean,Isim (JS),S_raykar,S_bias,C_bias,Iner JS,Iner NormF,Accuracy,F1 (micro)
0.0,0.011053263858678589,0.012189946500546231,0.001584076289932692,0.00499909127152715,0.002112101719910261,0.0041681727994230325,0.0,0.012283371586932105,0.00625728430818385,0.007533086402059477,0.007533086402059481
0.0,0.012558502724263195,0.024925786490376665,0.010071332177166806,0.005732721713630096,0.013428442902889056,0.004890955983937919,0.3,0.012283371586932105,0.00625728430818385,0.010250890145569834,0.010250890145569827
0.0,0.005946456094692472,0.01667801030301222,0.00682476809293432,0.012657077713375717,0.009099690790579094,0.016083023316920655,0.0,0.012283371586932105,0.00625728430818385,0.004637026352413475,0.004637026352413475
