,Accuracy,F1 (micro),F1 (macro)
All,0.004479013251853479,0.0044790132518535124,0.010080651155590379
