,Accuracy,F1 (micro),F1 (macro),(R) NormF mean,(R) JS mean,(R) NormF w,(R) JS w,(G) NormF,(G) JS
All,0.6239801014903903,0.6239801014903903,0.5816017511672861,0.25996700538847123,0.22725151688822,0.14220485661138843,0.08968217215165003,0.08294805238428914,0.022398186202206086
