,Accuracy,F1 (micro),F1 (macro),(R) NormF mean,(R) JS mean,(G) NormF,(G) JS
All,0.6437647340871858,0.6437647340871858,0.6276253720716582,0.1942111369072558,0.15950978598308527,0.13633210870491283,0.05807400351074534
