,Accuracy,F1 (micro),F1 (macro),(R) NormF mean,(R) JS mean,(R) NormF w,(R) JS w,(G) NormF,(G) JS
All,0.004118158845531954,0.004118158845531954,0.011281261497294803,0.0,1.3877787807814457e-16,2.7755575615628914e-17,2.7755575615628914e-17,0.0,1.0408340855860843e-17
