Groups,Prob,Entropy,Diag mean,Isim (JS),S_raykar,S_bias,C_bias,Iner JS,Iner NormF,Accuracy,F1 (micro)
0.0,0.41399999111890795,0.47615620283202087,0.6412979354408794,0.6932683513156008,0.5217305805878392,0.24608242194658284,3.0,0.35044750479499964,0.3718661530571747,0.5621751684311838,0.5621751684311838
1.0,0.24642377346754074,0.08019522043824556,0.9831967638309955,0.9914908455804883,0.9775956851079937,0.008380149043888988,2.7,0.35044750479499964,0.3718661530571747,0.7612127045235804,0.7612127045235804
2.0,0.3395761430263519,0.21088133726263947,0.7233273174891716,0.7562058901683681,0.6311030899855621,0.265637111254051,0.0,0.35044750479499964,0.3718661530571747,0.6821944177093359,0.6821944177093359
