ACC imiting Annot mean,Cross-entropy mean,ACC imiting Annot wmean,Cross entropy wmean
0.8026567203245648,0.5637435423597911,0.8026567203245647,0.563743542359791
