,Accuracy,F1 (micro),(R) NormF mean,(R) JS mean,(R) NormF w,(R) JS w,(G) NormF,(G) JS
All,0.8071,0.8071,0.27390337149326355,0.4924253863440366,0.27390337149326355,0.4924253863440366,0.07360907504598987,0.03469416409026062
