,Accuracy,F1 (micro)
All,0.7592312008978676,0.7592312008978677
