ACC imiting Annot mean,Cross-entropy mean,ACC imiting Annot wmean,Cross entropy wmean
0.8023818871875409,0.5671016175793583,0.8023818871875409,0.5671016175793582
