,Accuracy,F1 (micro)
All,0.1407968574635241,0.1407968574635241
