,Accuracy,F1 (micro)
All,0.1372334455667789,0.1372334455667789
