,Accuracy,F1 (micro)
All,0.8294332210998878,0.8294332210998878
