Groups,Prob,T(g),Entropy,Diag mean,Isim (JS),Spammer,Iner JS,Iner NormF,Accuracy,F1 (micro)
0.0,0.997377077738444,2539.8333333333335,0.44290146629015603,0.8937237004439036,0.918795845928014,0.8785413801670074,0.35536168856222566,0.19481108410788392,0.8331649831649828,0.8331649831649828
1.0,0.0016946181887760759,3.8666666666666667,2.0784626483917235,0.13289718727270763,-0.01649660135744641,0.009025358346601326,0.35536168856222566,0.19481108410788392,0.6271324354657686,0.6271324354657686
2.0,0.0009282998061583687,2.0,2.079287068049113,0.128150970240434,-0.02711817649408789,0.0036011106645067533,0.35536168856222566,0.19481108410788392,0.6416105499438831,0.6416105499438831
