,Accuracy,F1 (micro)
All,0.8308080808080806,0.8308080808080806
