,Accuracy,F1 (micro)
All,0.7991301907968577,0.7991301907968578
