,Accuracy,F1 (micro),(R) NormF mean,(R) JS mean,(R) NormF w,(R) JS w,(G) NormF,(G) JS
All,0.8323333333333333,0.8323333333333333,0.2635824692126601,0.46318221930281916,0.2635824692126601,0.46318221930281916,0.05655808387510207,0.024224913980341805
