,Accuracy,F1 (micro)
All,0.9326599326599326,0.9326599326599326
