,Accuracy,F1 (micro),(R) NormF mean,(R) JS mean,(R) NormF w,(R) JS w,(G) NormF,(G) JS,RMSE mean,RMSE w
All,0.8493999999999997,0.8493999999999997,0.28523843529136933,0.5051847627755988,0.28523843529136933,0.5051847627755988,0.08678676289233309,0.05503612633898638,0.1758670331108494,0.1758670331108494
