,Accuracy,F1 (micro)
All,0.8140852974186307,0.8140852974186308
