,Accuracy,F1 (micro),(R) NormF mean,(R) JS mean,(R) NormF w,(R) JS w,(G) NormF,(G) JS
All,0.8329333333333333,0.8329333333333333,0.2635824692126601,0.46318221930281916,0.2635824692126602,0.46318221930281916,0.05655808387510209,0.02422491398034177
