,Accuracy,F1 (micro)
All,0.7608585858585858,0.7608585858585858
