,Accuracy,F1 (micro),(R) NormF mean,(R) JS mean,(R) NormF w,(R) JS w,(G) NormF,(G) JS
All,0.1243666666666667,0.1243666666666667,0.30935922265052795,0.6272958841150903,0.30935922265052795,0.6272958841150903,0.24864213308665686,0.4732577828621061
