Groups,Prob,T(g),Entropy,Diag mean,Isim (JS),Spammer,Iner JS,Iner NormF,Accuracy,F1 (micro)
0.0,0.9974538882573446,2540.0666666666666,0.4486006726821264,0.8893630623817443,0.9149065452825997,0.8735577841599782,0.35498119654684696,0.19409652194396285,0.8322109988776653,0.8322109988776653
1.0,0.001626868670185407,3.566666666666667,2.0785545984903973,0.1324469010035197,-0.01750261577616582,0.008510745254655679,0.35498119654684696,0.19409652194396285,0.6413580246913583,0.6413580246913583
2.0,0.0009192407267012944,2.033333333333333,2.0792938232421876,0.12808838238318762,-0.02725968570165686,0.003529579689105352,0.35498119654684696,0.19409652194396285,0.644023569023569,0.644023569023569
