Groups,Prob,T(g),Entropy,Diag mean,Isim (JS),S_raykar,S_bias,C_bias,Iner JS,Iner NormF,Accuracy,F1 (micro)
0.0,0.02911595543846488,1.2,1.9808381983538643,0.2326753461005865,0.4186436175531588,0.12305753840067028,0.010498760073466559,4.9,0.47958871796676394,0.27590830634255903,0.768939393939394,0.768939393939394
1.0,0.9708840469519298,56.8,0.2335589987248433,0.9603795352410494,0.9798416890922994,0.9547194688469137,0.0028597860576170227,3.3666666666666667,0.47958871796676394,0.27590830634255903,0.8315375982042645,0.8315375982042645
