ACC imiting Annot mean,Cross-entropy mean,ACC imiting Annot wmean,Cross entropy wmean
0.8284412272387717,0.40718662971273395,0.8502552021986651,0.36905449931570394
