Groups,Prob,T(g),Entropy,Diag mean,Isim (JS),S_raykar,S_bias,C_bias,Iner JS,Iner NormF,Accuracy,F1 (micro)
0.0,0.5932202200094859,34.0,0.7912496019705496,0.805314412635442,0.8938059090721416,0.7775021858690767,0.0333565071099463,1.0,0.0395810968317644,0.06241565313918492,0.8279461279461278,0.8279461279461278
1.0,0.40677976608276367,24.0,0.3169137923715243,0.9407115446035961,0.9695462753578014,0.9322417652612525,0.006866798669913687,2.466666666666667,0.0395810968317644,0.06241565313918492,0.8324915824915823,0.8324915824915823
