,Accuracy,F1 (micro),F1 (macro),(R) NormF mean,(R) JS mean,(R) NormF w,(R) JS w,(G) NormF,(G) JS,RMSE mean,RMSE w
All,0.007811743296686907,0.007811743296686912,0.008354801315968274,0.0015171129445316915,0.0041003134348963745,0.0015171129445316906,0.004100313434896381,0.0017393051066999124,0.0036383058462383542,0.0027868251075421884,0.0027868251075421897
