ACC imiting Annot mean,Cross-entropy mean,ACC imiting Annot wmean,Cross entropy wmean
0.8873838502813769,0.2859739325944993,0.8873838502813769,0.2859739325944994
