ACC imiting Annot mean,Cross-entropy mean,ACC imiting Annot wmean,Cross entropy wmean
0.8636042402826856,0.37224079584997777,0.8636042402826856,0.37224079584997777
