,Accuracy,F1 (micro),F1 (macro),(R) NormF mean,(R) JS mean,(R) NormF w,(R) JS w,(G) NormF,(G) JS,RMSE mean,RMSE w
All,0.8301333333333335,0.8301333333333335,0.8225802378594059,0.22041723580654873,0.34028236402912787,0.2204172358065488,0.3402823640291278,0.17156539038640575,0.20356371388320682,0.12065174715351393,0.12065174715351393
