,Accuracy,F1 (micro),F1 (macro)
All,0.010953870730860682,0.010953870730860677,0.012676996526683743
