Groups,Prob,T(g),Entropy,Diag mean,Isim (JS),S_raykar,S_bias,C_bias,Iner JS,Iner NormF,Accuracy,F1 (micro)
0.0,0.6697082181771596,1705.1666666666667,0.5101898149649379,0.7315739684089446,0.7640410121881864,0.6932273924673652,0.13089215269567972,7.0,0.5866684806722897,0.3222443851700888,0.6184624017957351,0.6184624017957351
1.0,0.17854792525370916,454.3333333333333,1.435618698583035,0.18214978189100467,0.2796455938714459,0.06531403644686246,0.3906878491378316,6.0,0.5866684806722897,0.3222443851700888,0.15294612794612789,0.15294612794612789
2.0,0.1517438585559527,386.0,1.5846606054521784,0.18541335855332136,0.28892635753842266,0.06904383834665298,0.2546220168884112,5.0,0.5866684806722897,0.3222443851700888,0.14166666666666666,0.14166666666666666
