ACC imiting Annot mean,Cross-entropy mean,ACC imiting Annot wmean,Cross entropy wmean
0.9724643371286482,0.15112958228576248,0.9724643371286482,0.15112958228576248
