,Accuracy,F1 (micro),F1 (macro)
All,0.8021885521885525,0.8021885521885525,0.7955975118436646
