ACC imiting Annot mean,Cross-entropy mean,ACC imiting Annot wmean,Cross entropy wmean
0.005155861651223137,0.01616323406272224,0.00515586165122315,0.016163234062722243
