,Accuracy,F1 (micro),F1 (macro),(R) NormF mean,(R) JS mean,(R) NormF w,(R) JS w,(G) NormF,(G) JS,RMSE mean,RMSE w
All,0.8041333333333338,0.8041333333333338,0.7737346849901486,0.21899382443520182,0.3027042619700188,0.2189938244352019,0.3027042619700188,0.14770526922430643,0.16960279689847013,0.013924878942546787,0.01392487894254679
