,Accuracy,F1 (micro),F1 (macro),(R) NormF mean,(R) JS mean,(R) NormF w,(R) JS w,(G) NormF,(G) JS,RMSE mean,RMSE w
All,0.7729333333333333,0.7729333333333333,0.7263747845122234,0.2175178719458883,0.29916345937917727,0.2175178719458883,0.29916345937917727,0.1449441022037115,0.17713555279950344,0.01703965449548488,0.017039654495484884
