ACC imiting Annot mean,Cross-entropy mean,ACC imiting Annot wmean,Cross entropy wmean
0.9701478864023032,0.14172504662188112,0.9701478864023032,0.14172504662188112
