,Accuracy,F1 (micro),F1 (macro)
All,0.819640852974186,0.819640852974186,0.8079414660736135
