ACC imiting Annot mean,Cross-entropy mean,ACC imiting Annot wmean,Cross entropy wmean
0.007230643094818352,0.014336372082151926,0.007230643094818343,0.014336372082151935
