,Accuracy,F1 (micro),F1 (macro)
All,0.8184343434343432,0.8184343434343433,0.8144874990324771
