,Accuracy,F1 (micro),F1 (macro)
All,0.9225589225589226,0.9225589225589226,0.9243955344729454
