,Accuracy,F1 (micro),F1 (macro),(R) NormF mean,(R) JS mean,(R) NormF w,(R) JS w,(G) NormF,(G) JS,RMSE mean,RMSE w
All,0.8161000000000002,0.8161000000000002,0.8115851354099015,0.23201501967815283,0.35871705731764664,0.23201501967815283,0.3587170573176467,0.16942858621827891,0.2103152936243213,0.09653186755660254,0.09653186755660254
