,Accuracy,F1 (micro),F1 (macro)
All,0.0407285358442689,0.04072853584426891,0.0626701691242524
