,Accuracy,F1 (micro),F1 (macro)
All,0.8000841750841753,0.8000841750841754,0.7926103284751502
