,Accuracy,F1 (micro),F1 (macro)
All,0.00962139991156199,0.009621399911562007,0.0110978805633514
