,Accuracy,F1 (micro),F1 (macro)
All,0.8161054994388324,0.8161054994388326,0.8120972488054323
