,Accuracy,F1 (micro),F1 (macro)
All,0.7762345679012349,0.7762345679012349,0.7251007022123821
