,Accuracy,F1 (micro),F1 (macro)
All,0.7938552188552189,0.7938552188552189,0.7579007066960487
