,Accuracy,F1 (micro),F1 (macro)
All,0.020015368722994257,0.020015368722994274,0.030318360800643887
