ACC imiting Annot mean,Cross-entropy mean,ACC imiting Annot wmean,Cross entropy wmean
0.0026261144660919564,0.00518600091818158,0.0026261144660919534,0.00518600091818158
