Groups,Prob,T(g),Entropy,Diag mean,Isim (JS),S_raykar,S_bias,C_bias,Iner JS,Iner NormF,Accuracy,F1 (micro)
0.0,0.3307752867539724,841.9333333333333,0.9861427347566883,0.3837480359547704,0.4536168992846642,0.29571204109116617,0.30907206704365336,4.633333333333334,0.618951990363772,0.35323793132782383,0.36899551066217734,0.36899551066217734
1.0,0.285049794614315,725.5,0.8863210443380165,0.26474951229416327,0.33131524122921874,0.15971372833618655,0.39037637000102965,2.7666666666666666,0.618951990363772,0.35323793132782383,0.2848765432098766,0.2848765432098766
2.0,0.3841741452614466,978.0333333333333,0.9762637534390216,0.4957201928349335,0.5767784943884798,0.42368022038278114,0.2030461822253565,4.6,0.618951990363772,0.35323793132782383,0.4986531986531988,0.4986531986531988
