,Accuracy,F1 (micro),F1 (macro),(R) NormF mean,(R) JS mean,(R) NormF w,(R) JS w,(G) NormF,(G) JS,RMSE mean,RMSE w
All,0.019319995399125288,0.019319995399125288,0.029494363339020307,0.006212592576373577,0.015930941332651122,0.006212592576373571,0.01593094133265112,0.016778638836243177,0.02737864768140336,0.0061942584142289465,0.0061942584142289465
