,Accuracy,F1 (micro),F1 (macro)
All,0.01007291266104484,0.010072912661044849,0.01114754204312303
