,Accuracy,F1 (micro),F1 (macro)
All,0.024018612911535453,0.024018612911535474,0.03291224821791553
