,Accuracy,F1 (micro),F1 (macro),(R) NormF mean,(R) JS mean,(R) NormF w,(R) JS w,(G) NormF,(G) JS,RMSE mean,RMSE w
All,0.018485549912176134,0.018485549912176137,0.02369612148347402,0.003577397463752484,0.007382323320350452,0.003577397463752484,0.007382323320350433,0.003890932532715016,0.004823504750838383,0.004491611319924956,0.004491611319924961
