,Accuracy,F1 (micro),F1 (macro)
All,0.9301346801346801,0.9301346801346801,0.9318406402110133
