ACC imiting Annot mean,Cross-entropy mean,ACC imiting Annot wmean,Cross entropy wmean
0.00544934482069806,0.010122131699807238,0.005449344820698064,0.010122131699807241
