,Accuracy,F1 (micro),F1 (macro),(R) NormF mean,(R) JS mean,(R) NormF w,(R) JS w,(G) NormF,(G) JS
All,0.8358666666666664,0.8358666666666664,0.8330836974360711,0.2635824692126601,0.46318221930281916,0.2635824692126601,0.46318221930281916,0.056558083875102076,0.024224913980341847
