,Accuracy,F1 (micro),F1 (macro)
All,0.009344908765611781,0.009344908765611773,0.00959510404439509
