Groups,Prob,T(g),Entropy,Diag mean,Isim (JS),S_raykar,S_bias,C_bias,Iner JS,Iner NormF,Accuracy,F1 (micro)
0.0,0.25378628869851433,645.8,1.167855629002262,0.33292821236025993,0.41956037627444437,0.2376322426974399,0.3362596743516385,5.033333333333333,0.5777902324173294,0.3383177973437919,0.3235409652076318,0.3235409652076318
1.0,0.28441527485847473,723.9,0.9731864285060559,0.2256394590850727,0.3017636650776641,0.11501652466865456,0.3688625855430236,2.9,0.5777902324173294,0.3383177973437919,0.285297418630752,0.285297418630752
2.0,0.4617993891239166,1175.7333333333333,0.9444714649766326,0.5707005446910909,0.6492664479517104,0.5093720510755324,0.14846971528060596,4.966666666666667,0.5777902324173294,0.3383177973437919,0.5588664421997755,0.5588664421997755
