,Accuracy,F1 (micro),F1 (macro)
All,0.009878774872858556,0.009878774872858572,0.011021867585888601
