,Accuracy,F1 (micro),F1 (macro),(R) NormF mean,(R) JS mean,(R) NormF w,(R) JS w,(G) NormF,(G) JS,RMSE mean,RMSE w
All,0.04106396094982665,0.04106396094982666,0.062033777580308876,0.006977713392573425,0.016932841025540112,0.006977713392573429,0.016932841025540112,0.017833200606515734,0.031413283005815765,0.0054125724477489465,0.005412572447748947
