,Accuracy,F1 (micro),Average KL,Average PearsonCorr,Average RMSE
Global,0.755354,0.755354,0.5232494351101094,-0.2367141061695613,0.031794559477946516
