ACC imiting Annotator,CE imiting Annotator
0.3840059309094732,1.8181496874751713
