ACC imiting Annotator,CE imiting Annotator
0.3896751932610688,1.8385423693819878
