,Accuracy,F1 (micro),Average KL,Average PearsonCorr
Global,0.743742,0.743742,0.014304569467060615,0.9649934461593116
