ACC imiting Annotator,CE imiting Annotator
0.3563982570682848,1.7737479339342586
