,Accuracy,F1 (micro),Average KL,Average PearsonCorr,Average RMSE
Global,0.757768,0.757768,0.5026941833657207,-0.361782033657977,0.02583741007732917
