,Accuracy,F1 (micro),Average KL,Average PearsonCorr
Global,0.8720019999999999,0.8720019999999999,0.8447646377343181,0.599082131444312
