,Accuracy,F1 (micro),Average KL,Average PearsonCorr
Global,0.5625119999999999,0.5625119999999999,0.2421856452634497,0.9379445358276792
