,Accuracy,F1 (micro),Average KL,Average PearsonCorr,Average RMSE
Global,0.743272,0.743272,0.3650427537420022,-0.5678771133545705,0.021618871358392695
