,Accuracy,F1 (micro),Average KL,Average PearsonCorr,Average RMSE
Global,0.753814,0.753814,0.15007694642584085,-0.05967432930290273,0.032677590709813756
