,Accuracy,F1 (micro)
Global,0.6785399999999999,0.67854
