ACC imiting Annotator,CE imiting Annotator
0.3903421130474162,1.835436495854751
