,Accuracy,F1 (micro)
Global,0.6862799999999999,0.6862799999999999
