ACC imiting Annotator,CE imiting Annotator
0.3637809940422795,1.847943901723785
