ACC imiting Annotator,CE imiting Annotator
0.37330020313574463,1.8260579620962791
