,Accuracy,F1 (micro),Average KL,Average PearsonCorr
Global,0.70362,0.70362,0.06901178020163798,0.897111975632425
