,Accuracy,F1 (micro),Average KL,Average PearsonCorr
Global,0.8720019999999999,0.8720019999999999,0.09245306181311022,0.8539209373179059
