ACC imiting Annotator,CE imiting Annotator
0.39600625160422553,1.7903033682910174
