ACC imiting Annotator,CE imiting Annotator
0.38160400862225635,1.838486415810563
