,Accuracy,F1 (micro)
Global,0.1474747474747474,0.1474747474747474
