,Accuracy,F1 (micro)
Global,0.9234006734006734,0.9234006734006734
