Mean ACC imiting Annot,Mean cross-entropy,Wmean ACC imiting Annot,wMean cross entropy
0.9990969768354927,1.5169601361066034,0.9990969768354927,1.5169601361066039
