,Accuracy,F1 (micro)
Global,0.712878787878788,0.712878787878788
