,Accuracy,F1 (micro),Mean NormF,Mean JS,Wmean NormF,Wmean JS,Mean RMSE,Wmean RMSE
Global,0.7224999999999999,0.7224999999999999,0.10781934359961041,0.07794670606407829,0.10781934359961039,0.07794670606407829,0.0005496662740478995,0.0005496662740478995
