,Accuracy,F1 (micro),Mean NormF,Mean JS,Wmean NormF,Wmean JS
Global,0.12916666666666668,0.12916666666666668,0.30935922265052795,0.6272958841150903,0.30935922265052795,0.6272958841150903
