Groups,Prob,T(g),Entropy,Diag Mean,KL to I,I similar % (JS),Accuracy,F1 (micro)
0.0,0.2874798387289047,28.3,0.3105338580906391,0.6930096879601478,1.0615003858550243,0.7496950119649574,0.589133089133089,0.589133089133089
1.0,0.33496971912682055,33.0,0.31861230097711085,0.6628238305449485,1.1781658620446054,0.7196682596836032,0.7376068376068374,0.7376068376068374
2.0,0.3775504373013973,37.2,0.24483113400638104,0.6466793686151504,1.361761855765525,0.6908104596040436,0.5802808302808302,0.5802808302808302
