,Accuracy,F1 (micro)
Global,0.6888278388278388,0.6888278388278388
