,Accuracy,F1 (micro),Average KL,Average PearsonCorr
Global,0.5093610093610094,0.5093610093610094,2.0119968283772547,0.5500508048926315
