,Accuracy,F1 (micro),Average KL,Average PearsonCorr
Global,0.5093610093610094,0.5093610093610094,0.22115765617608663,0.9072055945009497
