,Accuracy,F1 (micro),Average KL,Average PearsonCorr,Average RMSE
Global,0.7589947089947089,0.7589947089947089,0.045351588665321144,0.9763896173869023,0.20081251377614842
