Groups,Prob,T(g),Entropy,Diag Mean,KL to I,I similar % (JS),Accuracy,F1 (micro)
0.0,0.40558289736509323,40.1,0.25185644067823887,0.7541845083236695,0.8152183417303137,0.8009196802796474,0.6184371184371183,0.6184371184371183
1.0,0.31255961805582044,30.85,0.2399181302636862,0.8160100668668747,0.5488008189252401,0.8558656299901471,0.6161172161172159,0.6161172161172159
2.0,0.2818574830889702,27.7,0.28459366746246817,0.8205864429473877,0.4128867055016657,0.872666463812932,0.6663003663003663,0.6663003663003663
