,Accuracy,F1 (micro)
Global,0.6093406593406594,0.6093406593406594
