,Accuracy,F1 (micro),Average KL,Average PearsonCorr
Global,0.9208587708587711,0.9208587708587711,0.014424253228696799,0.9912276831788145
