ACC imiting Annotator,CE imiting Annotator
0.6680463170958947,0.7265193641185761
