,Accuracy,F1 (micro),Average KL,Average PearsonCorr
Global,0.539010989010989,0.539010989010989,1.9561452680692066,0.5517033995512036
