,Accuracy,F1 (micro),Average KL,Average PearsonCorr,Average RMSE
Global,0.5926332926332928,0.5926332926332928,0.8627952895925063,0.458677720581896,0.21464597149477266
