,Accuracy,F1 (micro)
Global,0.9333943833943834,0.9333943833943834
