,Accuracy,F1 (micro)
Global,0.7681929181929182,0.7681929181929182
