,Accuracy,F1 (micro)
Global,0.9169719169719169,0.9169719169719169
