ACC imiting Annot mean,Cross-entropy mean,ACC imiting Annot wmean,Cross entropy wmean
0.8483444575317368,0.37363259765569057,0.8483444575317368,0.37363259765569057
