Groups,Prob,T(g),Entropy,Diag mean,Isim (JS),S_raykar,S_bias,C_bias,Iner JS,Iner NormF,Accuracy,F1 (micro)
0.0,0.7667294224103292,1952.3333333333333,0.6192428480855714,0.765025681998831,0.815840442445251,0.7314579222843782,0.03928226823613133,4.466666666666667,0.7085742031115605,0.3954494759851272,0.7156285072951738,0.7156285072951738
1.0,0.23327164202928544,593.6666666666666,0.8761119822092319,0.182174289958942,0.251526725202477,0.06534204566736232,0.41521329977973237,6.466666666666667,0.7085742031115605,0.3954494759851272,0.2688271604938271,0.2688271604938271
