,Accuracy,F1 (micro)
All,0.8274971941638608,0.8274971941638608
