,Accuracy,F1 (micro),F1 (macro)
All,0.6868214368214368,0.6868214368214368,0.6696610042402493
