,Accuracy,F1 (micro),F1 (macro)
All,0.6364594309799789,0.6364594309799789,0.61638052267872
