,Accuracy,F1 (micro),F1 (macro)
All,0.96972,0.96972,0.9693414129333956
