,Accuracy,F1 (micro),F1 (macro)
All,0.018926586682729032,0.018926586682729032,0.026849619001552902
