,Accuracy,F1 (micro),F1 (macro),(R) NormF mean,(R) JS mean,(R) NormF w,(R) JS w,(G) NormF,(G) JS,RMSE mean,RMSE w
All,0.841633333333333,0.841633333333333,0.8354417863949235,0.2816615434974695,0.5032551226975444,0.2816615434974695,0.5032551226975444,0.0830169647953168,0.05325744040556466,0.16674519042010208,0.16674519042010208
