,Accuracy,F1 (micro),F1 (macro)
All,0.9292929292929293,0.9292929292929293,0.9303018638477856
