,Accuracy,F1 (micro),F1 (macro)
All,0.8279741863075194,0.8279741863075194,0.820008715750969
