ACC imiting Annot mean,F1-mi imiting Annot mean,F1-ma imiting Annot mean,ACC imiting Annot wmean,F1-mi imiting Annot wmean,F1-ma imiting Annot wmean
0.006341005805487994,0.006341005805487994,0.006341005805487994,0.006341005805487997,0.006341005805487997,0.006341005805487997
