,Accuracy,F1 (micro),F1 (macro),(R) NormF mean,(R) JS mean,(R) NormF w,(R) JS w,(G) NormF,(G) JS,RMSE mean,RMSE w
All,0.014248937582227748,0.014248937582227743,0.01953490187750596,0.003763888733853092,0.007601458104996636,0.0037638887338530967,0.007601458104996642,0.005641550582678069,0.006623610446785991,0.006189735830543123,0.006189735830543123
