ACC imiting Annot mean,F1-mi imiting Annot mean,F1-ma imiting Annot mean,ACC imiting Annot wmean,F1-mi imiting Annot wmean,F1-ma imiting Annot wmean
0.8133490380840204,0.8133490380840204,0.8133490380840204,0.8133490380840204,0.8133490380840204,0.8133490380840204
