Groups,Prob,T(g),Entropy,Diag mean,Isim (JS),S_raykar,S_bias,C_bias,Iner JS,Iner NormF,Accuracy,F1 (micro)
0.0,1.0,2547.0,0.46670025827717826,0.8775333720562706,0.9340101877431579,0.8600381394928808,0.027585418548789615,1.6,,,0.8351571268237932,0.8351571268237932
