Groups,Prob,T(g),Entropy,Diag mean,Isim (JS),S_raykar,S_bias,C_bias,Iner JS,Iner NormF,Accuracy,F1 (micro)
0.0,0.0,0.0,0.030194940435003106,0.01395782022958279,0.008230795094182702,0.01595179454809461,0.01229705678548585,0.9165151389911679,,,0.015190564677153824,0.01519056467715383
