Groups,Prob,Entropy,Diag mean,Isim (JS),S_raykar,S_bias,C_bias,Iner JS,Iner NormF,Accuracy,F1 (micro)
0.0,0.20489884459577726,0.13447954393610287,0.15431971129302258,0.12641072559390767,0.2314795669395339,0.19596229651102326,0.5722761571129799,0.11734910685052079,0.10639566084712765,0.21300080024273169,0.21300080024273169
0.0,0.07693429390886801,0.14043336637534312,0.16862609829067116,0.15112046652402536,0.2529391474360068,0.27052197778955756,0.8717797887081347,0.11734910685052079,0.10639566084712765,0.22684260845367074,0.22684260845367074
0.0,0.1532447346615177,0.18886658325176756,0.2565994016962251,0.21435432421330583,0.3848991025443376,0.32489135896848853,0.6538348415311012,0.11734910685052079,0.10639566084712765,0.3483218193402289,0.3483218193402289
