,Accuracy,F1 (micro),F1 (macro)
All,0.0027854839951436047,0.0027854839951436186,0.001801217977191965
