Groups,Prob,Entropy,Diag mean,Isim (JS),S_raykar,S_bias,C_bias,Iner JS,Iner NormF,Accuracy,F1 (micro)
0.0,0.00016265060530312977,0.02156063842398678,0.017733775341570463,0.012910798724492738,0.02660066301235571,0.03267186380739489,0.30000000000000004,0.008344929740876436,0.017575850267472826,0.002834587426128279,0.002834587426128279
0.0,0.0005027481691047106,0.005440988963852353,0.000957154787282569,0.00048106346540176953,0.0014357321809238136,0.00047884436005385037,0.4330127018922193,0.008344929740876436,0.017575850267472826,0.0028176523746676232,0.0028176523746676232
0.0,0.00043195430261085783,0.024448956472523865,0.02201865589040383,0.014508042812145655,0.03302798383560577,0.05719837357600791,0.0,0.008344929740876436,0.017575850267472826,0.05014482287566605,0.05014482287566605
