,Accuracy,F1 (micro),F1 (macro)
All,0.8688723570869225,0.8688723570869225,0.5830314635889927
