,Accuracy,F1 (micro),F1 (macro)
All,0.9102055982164974,0.9102055982164974,0.6038781162490977
