,Accuracy,F1 (micro),F1 (macro),(R) NormF mean,(R) JS mean,(G) NormF,(G) JS
All,0.8526859827721222,0.8526859827721222,0.5982230181277949,0.37108053561640214,0.28490983887708493,0.270499210054385,0.1949762869738529
