,Accuracy,F1 (micro),F1 (macro)
All,0.0016316840778176336,0.0016316840778176293,0.15338425779463186
