,Accuracy,F1 (micro),F1 (macro)
All,0.8919618528610356,0.8919618528610356,0.8147794095141367
