,Accuracy,F1 (micro),F1 (macro)
All,0.9234827842457269,0.9234827842457269,0.7656620299648011
