,Accuracy,F1 (micro),F1 (macro),(R) NormF mean,(R) JS mean,(R) NormF w,(R) JS w,(G) NormF,(G) JS
All,0.8133496476115896,0.8133496476115896,0.5406539966297633,0.33378989803178427,0.22264246326431505,0.3110986829857608,0.19565026822397502,0.22323689067178157,0.09873062345874091
