,Accuracy,F1 (micro),F1 (macro),(R) NormF mean,(R) JS mean,(G) NormF,(G) JS
All,0.0024742236770120643,0.0024742236770120643,0.006284122707419079,0.025825983854594288,0.025900774290568924,0.042480244090789904,0.029696960519466964
