,Accuracy,F1 (micro),F1 (macro),(R) NormF mean,(R) JS mean,(G) NormF,(G) JS
All,0.00131535031682496,0.001315350316824964,0.003556069211100887,0.0007971935958742258,0.0002993450303758859,0.0005864510397884297,0.0002515904626612101
