,Accuracy,F1 (micro),F1 (macro),(R) NormF mean,(R) JS mean,(R) NormF w,(R) JS w,(G) NormF,(G) JS
All,0.0014099831852252543,0.001409983185225239,0.0019858496900114304,5.551115123125783e-17,5.551115123125783e-17,0.0,0.0,5.551115123125783e-17,1.734723475976807e-18
