,Accuracy,F1 (micro),F1 (macro)
All,0.0019193827721387645,0.0019193827721387694,0.0013886893060196812
