,Accuracy,F1 (micro),F1 (macro)
All,0.9223185533812236,0.9223185533812236,0.6126297661996657
