,Accuracy,F1 (micro),F1 (macro),(R) NormF mean,(R) JS mean,(G) NormF,(G) JS
All,0.0024521452372371897,0.0024521452372371897,0.007010712524021527,0.0020105490689850667,0.0038168276831785546,0.0011286558769060102,0.003003365164970183
