,Accuracy,F1 (micro),F1 (macro),(R) NormF mean,(R) JS mean,(G) NormF,(G) JS
All,0.8604815974941269,0.8604815974941269,0.6030492828112488,0.26883337150823516,0.16594371456994794,0.11364395908526562,0.046972872016903706
