,Accuracy,F1 (micro),F1 (macro)
All,0.00323816948201316,0.003238169482013169,0.06495391319878085
