,Accuracy,F1 (micro),F1 (macro),(R) NormF mean,(R) JS mean,(G) NormF,(G) JS
All,0.8588586530931872,0.8588586530931872,0.6014187234747587,0.31535101199896826,0.2165569884311062,0.20381546659513944,0.10531051348810139
