,Accuracy,F1 (micro),F1 (macro),(R) NormF mean,(R) JS mean,(G) NormF,(G) JS
All,0.0017497665108404529,0.0017497665108404587,0.003827427527832474,0.004411022349339735,0.004721782312267779,0.004708337932674681,0.002282853754008835
