,Accuracy,F1 (micro),F1 (macro)
All,0.9180331929650732,0.918033192965073,0.6238394718895325
