,Accuracy,F1 (micro),F1 (macro),(R) NormF mean,(R) JS mean,(R) NormF w,(R) JS w,(G) NormF,(G) JS
All,0.8384788566953798,0.8384788566953798,0.552977121755154,0.2490767397403074,0.13798436808783193,0.23168903560903922,0.12134381297352967,0.09176082520632985,0.0152760941740891
