,Accuracy,F1 (micro),F1 (macro)
All,0.9177359425315827,0.9177359425315827,0.8520808976467885
