,Accuracy,F1 (micro)
All,0.9336589336589337,0.9336589336589337
