,Accuracy,F1 (micro)
All,0.9413919413919414,0.9413919413919414
