,Accuracy,F1 (micro),Mean KL,Mean JS,Wmean KL,Wmean JS
Global,0.8327999999999995,0.8327999999999995,2.272890462009317,0.40956909234883015,1.1261622530646607,0.3425339618058487
