,Accuracy,F1 (micro),F1 (macro),(R) NormF mean,(R) JS mean,(R) NormF w,(R) JS w,(G) NormF,(G) JS,RMSE mean,RMSE w
All,0.8827765553110621,0.8827765553110621,0.8826616707885968,0.24515008111218037,0.1276174455399234,0.19719006191460564,0.09107115717723752,0.20437446424731265,0.093007132357601,0.11699379582247645,0.09780328696028258
