,Accuracy,F1 (micro),F1 (macro)
All,0.008093338122622883,0.00809333812262288,0.009188954454502943
