,Accuracy,F1 (micro),F1 (macro),(R) NormF mean,(R) JS mean,(R) NormF w,(R) JS w,(G) NormF,(G) JS,RMSE mean,RMSE w
All,0.005427834132957151,0.005427834132957154,0.0055296558761448325,0.011083559847450094,0.008904831912687277,0.015831192732001852,0.013499875816206704,0.014798536849223833,0.009682113093855648,0.004174213244959842,0.002085417392724514
