,Accuracy,F1 (micro),F1 (macro)
All,0.7415103775943985,0.7415103775943985,0.7400388001133515
