,Accuracy,F1 (micro),F1 (macro)
All,0.012200898395485412,0.012200898395485412,0.013110362156988555
