ACC imiting Annot mean,F1-mi imiting Annot mean,F1-ma imiting Annot mean,ACC imiting Annot wmean,F1-mi imiting Annot wmean,F1-ma imiting Annot wmean
0.008741089156983692,0.008741089156983687,0.009615320304840023,0.008807827091790637,0.008807827091790638,0.00963010148081851
