ACC imiting Annot mean,F1-mi imiting Annot mean,F1-ma imiting Annot mean,ACC imiting Annot wmean,F1-mi imiting Annot wmean,F1-ma imiting Annot wmean
0.005361031844600353,0.005361031844600353,0.004252049116563722,0.0021211504667693276,0.0021211504667693394,0.006525117165819344
