ACC imiting Annot mean,F1-mi imiting Annot mean,F1-ma imiting Annot mean,ACC imiting Annot wmean,F1-mi imiting Annot wmean,F1-ma imiting Annot wmean
0.8245596518793612,0.8245596518793612,0.8045011295600979,0.8264686801701144,0.8264686801701144,0.8221840736227387
