,Accuracy,F1 (micro),F1 (macro)
All,0.007307175861600695,0.0073071758616006875,0.007937674508437907
