,Accuracy,F1 (micro),F1 (macro)
All,0.9915983196639327,0.9915983196639327,0.9915978082700507
