,Accuracy,F1 (micro),F1 (macro)
All,0.7449612403100775,0.7449612403100775,0.7437796138348685
