ACC imiting Annot mean,F1-mi imiting Annot mean,F1-ma imiting Annot mean,ACC imiting Annot wmean,F1-mi imiting Annot wmean,F1-ma imiting Annot wmean
0.7762054369255207,0.7762054369255207,0.719371122797246,0.7628865422042816,0.7628865422042816,0.7330784211162841
