,Accuracy,F1 (micro),F1 (macro),(R) NormF mean,(R) JS mean,(R) NormF w,(R) JS w,(G) NormF,(G) JS
All,0.838247649529906,0.838247649529906,0.8376606619237975,0.1787759552055358,0.06008281383702254,0.13288564189527505,0.026581514518025484,0.039870449642482465,0.0018885836213627806
