,Accuracy,F1 (micro),F1 (macro)
All,0.7552263065766441,0.7552263065766441,0.7548635782024389
