,Accuracy,F1 (micro),F1 (macro)
All,0.0052574268697825844,0.0052574268697826035,0.00535480677905824
