ACC imiting Annot mean,F1-mi imiting Annot mean,F1-ma imiting Annot mean,ACC imiting Annot wmean,F1-mi imiting Annot wmean,F1-ma imiting Annot wmean
0.8343093608618725,0.8343093608618725,0.8098649979291626,0.8285104159158078,0.8285104159158078,0.8111742528561556
