,Accuracy,F1 (micro)
Global,0.9351851851851852,0.9351851851851852
