,Accuracy,F1 (micro),Mean KL,Mean JS,Wmean KL,Wmean JS,Mean RMSE,Wmean RMSE
Global,0.9227716727716727,0.9227716727716727,0.3325059171295623,0.13874048500759897,0.3090872762608881,0.129337491064513,0.1147723988152927,0.12214707679771845
