Mean ACC imiting Annot,Mean cross-entropy,Wmean ACC imiting Annot,wMean cross entropy
0.6502145097343504,0.7622476523440345,0.6477212175036332,0.7659267650098939
