,Accuracy,F1 (micro)
Global,0.6666666666666665,0.6666666666666665
