,Accuracy,F1 (micro),Mean KL,Mean JS,Wmean KL,Wmean JS,Mean RMSE,Wmean RMSE
Global,0.9308709808709809,0.9308709808709809,0.013314296289708854,0.0053227061737660866,0.013285237366020029,0.005309053366602231,0.10119475426255087,0.10020692703310834
