,Accuracy,F1 (micro)
Global,0.907875457875458,0.907875457875458
