,Accuracy,F1 (micro)
Global,0.5913919413919413,0.5913919413919413
