Mean ACC imiting Annot,Mean cross-entropy,Wmean ACC imiting Annot,wMean cross entropy
0.8267176063785024,0.7919226437807083,0.8055428804237115,0.7855317772543037
