,Accuracy,F1 (micro)
Global,0.7913308913308914,0.7913308913308914
