Mean ACC imiting Annot,Mean cross-entropy,Wmean ACC imiting Annot,wMean cross entropy
0.7402592568805122,0.630467585241681,0.7266429007944593,0.6510720446112631
