,Accuracy,F1 (micro),Mean KL,Mean JS,Wmean KL,Wmean JS,Mean RMSE,Wmean RMSE
Global,0.788034188034188,0.788034188034188,0.2503248711278076,0.10511280479697274,0.24004876777713383,0.10082350375777231,0.11436750259917632,0.11225926228170394
