,Accuracy,F1 (micro)
Global,0.6080586080586079,0.6080586080586079
