,Accuracy,F1 (micro)
Global,0.917887667887668,0.917887667887668
