,Accuracy,F1 (micro),Mean KL,Mean JS,Wmean KL,Wmean JS,Mean RMSE,Wmean RMSE
Global,0.7133292633292635,0.7133292633292635,0.7398823081156161,0.14632077330924004,0.7399932027544249,0.14633617260471868,0.12858078007027135,0.12841970073796224
