,Accuracy,F1 (micro),Mean KL,Mean JS,Wmean KL,Wmean JS
Global,0.9321733821733819,0.9321733821733819,0.023976064894481845,0.004605441080330879,0.023658972834541773,0.004583089038267435
