,Accuracy,F1 (micro)
Global,0.9481684981684981,0.9481684981684981
