,Accuracy,F1 (micro)
Global,0.9253968253968254,0.9253968253968254
