,Accuracy,F1 (micro),Mean KL,Mean JS,Wmean KL,Wmean JS,Mean RMSE,Wmean RMSE
Global,0.9137769637769638,0.9137769637769638,0.4899958658614688,0.09817632338922772,0.4962934050020273,0.09874968619349642,0.20696739225818456,0.20715323752623932
