Groups,Prob,T(g),Entropy,Diag Mean,KL to I,I sim %(JS),Spammer,Accuracy,F1 (micro)
0.0,0.6928237438201904,68.85,0.2219427578151226,0.9447141826152802,0.05759715601273256,0.9589401994560184,0.917071270942688,0.9034188034188035,0.9034188034188035
1.0,0.125938755646348,12.2,0.3432568185031414,0.5485016196966171,1.5061687088187399,0.4410402368481197,0.3227524297311902,0.3663614163614163,0.3663614163614163
2.0,0.18123750686645507,17.6,0.3094505973160267,0.5718791469931602,1.3460157654170115,0.47484033028428685,0.357818716019392,0.5978021978021977,0.5978021978021977
