Mean ACC imiting Annot,Mean cross-entropy,Wmean ACC imiting Annot,wMean cross entropy
0.6044837336027935,0.8274353279421437,0.6040842976534877,0.8274751872163375
