,Accuracy,F1 (micro),Average KL,Average PearsonCorr
Global,0.9260480260480259,0.9260480260480259,0.011543833671739227,0.9895723533798062
