,Accuracy,F1 (micro),Average KL,Average PearsonCorr
Global,0.5150386650386649,0.5150386650386649,1.8787877312854562,0.45576524558678067
