,Accuracy,F1 (micro),Average KL,Average PearsonCorr,Average RMSE
Global,0.7273097273097273,0.7273097273097273,0.2086673043879947,0.7289501328691151,0.19071374379447664
