,Accuracy,F1 (micro)
Global,0.8785714285714288,0.8785714285714288
