,Accuracy,F1 (micro),Average KL,Average PearsonCorr
Global,0.9195563695563695,0.9195563695563695,0.02663764135330346,0.9180787282182938
