,Accuracy,F1 (micro)
Global,0.7126984126984128,0.7126984126984128
