,Accuracy,F1 (micro)
Global,0.755921855921856,0.755921855921856
