,Accuracy,F1 (micro)
Global,0.6357142857142856,0.6357142857142856
