Groups,Prob,T(g),Entropy,Diag Mean,KL to I,I similar % (JS),Accuracy,F1 (micro)
0.0,0.37154453732073306,36.6,0.2753237996250391,0.8208108142018318,0.4408551819085559,0.8689547122808096,0.7651404151404151,0.7651404151404151
1.0,0.3482530079782009,34.35,0.29459880776703357,0.8053377270698547,0.4928492850865739,0.8562374993031684,0.7660561660561662,0.7660561660561662
2.0,0.2802024710923433,27.5,0.24911253191530705,0.8111177295446396,0.5204021955212736,0.8512507073935612,0.7460317460317462,0.7460317460317462
