ACC imiting Annotator,CE imiting Annotator
0.6568091952360078,0.7439956484779315
