,Accuracy,F1 (micro)
Global,0.7051892551892553,0.7051892551892553
