,Accuracy,F1 (micro)
Global,0.5426739926739926,0.5426739926739926
