,Accuracy,F1 (micro)
Global,0.877899877899878,0.877899877899878
