,Accuracy,F1 (micro),Average KL,Average PearsonCorr,Average RMSE
Global,0.7027676027676028,0.7027676027676028,0.8803675238063802,0.227362929258576,0.19253941072502206
