,Accuracy,F1 (micro),Average KL,Average PearsonCorr,Average RMSE
Global,0.8713268213268215,0.8713268213268213,0.597326083421779,0.3684240580852705,0.09129496704347906
