,Accuracy,F1 (micro),Average KL,Average PearsonCorr
Global,0.5277167277167277,0.5277167277167277,0.2045870505093173,0.9199106030078592
