,Accuracy,F1 (micro)
Global,0.6581196581196579,0.6581196581196579
