,Accuracy,F1 (micro),Average KL,Average PearsonCorr,Average RMSE
Global,0.8214692714692715,0.8214692714692715,0.7323977342785185,0.31312783701383706,0.17636261577588222
