,Accuracy,F1 (micro)
Global,0.7350427350427351,0.7350427350427351
