,Accuracy,F1 (micro),Average KL,Average PearsonCorr
Global,0.9251119251119251,0.9251119251119251,2.166211374836763,
