Groups,Prob,T(g),Entropy,Diag Mean,KL to I,I similar % (JS),Accuracy,F1 (micro)
0.0,0.31404268369078636,30.75,0.2911361590027809,0.7211630955338478,0.8843986289721363,0.7744878152866423,0.6365689865689865,0.6365689865689865
1.0,0.34384889230132104,33.9,0.27082128152251245,0.7536010786890983,0.8419738951956924,0.7982852784756123,0.6557387057387056,0.6557387057387056
2.0,0.34210842102766037,33.75,0.24814121350646018,0.8056551307439804,0.6839808021541841,0.8417889640662892,0.694017094017094,0.694017094017094
