,Accuracy,F1 (micro),Average KL,Average PearsonCorr
Global,0.622039072039072,0.622039072039072,0.16411297248674248,0.8886470882610793
