,Accuracy,F1 (micro),Average KL,Average PearsonCorr
Global,0.6598087098087096,0.6598087098087096,0.2827936029550252,0.8444346691088246
