,Accuracy,F1 (micro),Average KL,Average PearsonCorr
Global,0.6526048026048026,0.6526048026048026,0.8594835879064971,0.6806852909107386
