Groups,Prob,T(g),Entropy,Diag Mean,KL to I,I similar % (JS),Accuracy,F1 (micro)
0.0,0.34053738936781885,3404.75,0.22537682633846998,0.7292287304997445,0.8476392122560779,0.7746565366357919,0.7083638583638583,0.7083638583638583
1.0,0.2875399962067604,2874.7,0.24358777403831483,0.8183946132659912,0.5325542267530398,0.8579639937745395,0.8005494505494506,0.8005494505494506
2.0,0.371922617405653,3718.55,0.21638002209365367,0.8951068535447121,0.2648443848777438,0.9282267476191135,0.8347374847374848,0.8347374847374848
