Groups,Prob,T(g),Entropy,Diag Mean,KL to I,I similar % (JS),Accuracy,F1 (micro)
0.0,0.4325755462050438,42.8,0.27056567557156086,0.8371376007795334,0.4469620666291202,0.8803641373587325,0.6742368742368743,0.6742368742368743
1.0,0.31989427879452703,31.6,0.29476391077041625,0.7235564112663269,0.8685457202315936,0.7733379426400718,0.6791819291819292,0.6791819291819292
2.0,0.24753017760813237,24.3,0.319790605828166,0.7336334824562073,0.7863596893038608,0.7907412042471318,0.5995115995115995,0.5995115995115995
