ACC imiting Annotator,CE imiting Annotator
0.6295624103179718,0.7950856495313923
