,Accuracy,F1 (micro),Average KL,Average PearsonCorr
Global,0.9164631664631665,0.9164631664631665,0.014545940066213278,0.9905440964977913
