ACC imiting Annotator,CE imiting Annotator
0.6304839299935986,0.8191545218229294
