,Accuracy,F1 (micro),Average KL,Average PearsonCorr,Average RMSE
Global,0.6082621082621081,0.6082621082621081,0.7465338808039444,0.6164336354561334,0.19083403985223174
