,Accuracy,F1 (micro)
Global,0.9318070818070818,0.9318070818070818
