,Accuracy,F1 (micro)
Global,0.6475579975579974,0.6475579975579974
