,Accuracy,F1 (micro)
Global,0.9294261294261295,0.9294261294261295
