,Accuracy,F1 (micro)
Global,0.8760683760683762,0.8760683760683762
