,Accuracy,F1 (micro)
Global,0.8075702075702077,0.8075702075702077
