,Accuracy,F1 (micro),Mean KL,Mean JS,Wmean KL,Wmean JS
Global,0.9276963776963776,0.9276963776963776,0.010625497052629383,0.0036326376625642905,0.01051464884029004,0.003597232210430075
