,Accuracy,F1 (micro)
Global,0.9371794871794872,0.9371794871794872
