,Accuracy,F1 (micro)
Global,0.9007326007326009,0.9007326007326009
