,Accuracy,F1 (micro)
Global,0.9170329670329671,0.9170329670329671
