,Accuracy,F1 (micro),Mean KL,Mean JS,Wmean KL,Wmean JS
Global,0.9178266178266178,0.9178266178266178,2.414561994845997,0.13745696613636676,2.19636228935557,0.12601118610992562
