,Accuracy,F1 (micro)
Global,0.7248473748473747,0.7248473748473746
