,Accuracy,F1 (micro)
Global,0.7344932844932843,0.7344932844932843
