Mean ACC imiting Annot,Mean cross-entropy,Wmean ACC imiting Annot,wMean cross entropy
0.6989064087674366,0.8120580434799194,0.692919425157436,0.8122473270333215
