,Accuracy,F1 (micro),Mean KL,Mean JS,Wmean KL,Wmean JS,Mean RMSE,Wmean RMSE
Global,0.9021978021978023,0.9021978021978023,0.6479852044569645,0.14804551252169443,0.6490959532610173,0.14829187265685354,0.26475866557396344,0.26517397942783666
