,Accuracy,F1 (micro),F1 (macro)
All,0.8776333533113576,0.8776333533113576,0.8624226440812327
