,Accuracy,F1 (micro),F1 (macro),(R) NormF mean,(R) JS mean,(R) NormF w,(R) JS w,(G) NormF,(G) JS
All,0.823385627827722,0.823385627827722,0.8114815140804448,0.2692985736884509,0.17895101635261004,0.16964505099653115,0.09485859096303265,0.10322159945436478,0.04492656118870631
