,Accuracy,F1 (micro),F1 (macro)
All,0.0025848495930377883,0.0025848495930378005,0.0030728471746889396
