,Accuracy,F1 (micro),F1 (macro),(R) NormF mean,(R) JS mean,(G) NormF,(G) JS
All,0.0028403271836545782,0.0028403271836545648,0.0028690642602344843,0.0017644247702641243,0.003249290223078917,0.0021020743129522906,0.00360577990808784
