,Accuracy,F1 (micro),F1 (macro)
All,0.8806188192987714,0.8806188192987714,0.8678688150839727
