,Accuracy,F1 (micro),F1 (macro)
All,0.885649535510938,0.885649535510938,0.8729411933006925
