Groups,Prob,Entropy,Diag mean,Isim (JS),S_raykar,S_bias,C_bias,Iner JS,Iner NormF,Accuracy,F1 (micro)
0.0,0.000595671379040353,0.02322831280212256,0.009800906980217997,0.005561676971970241,0.014701360470327024,0.014856470027050182,0.8000000000000002,0.003143224862722583,0.005672971735256421,0.0032569146240151443,0.0032569146240151595
0.0,0.000990781946390199,0.002088249834981139,0.0003904096528538136,0.00019631239925811295,0.0005856144792807437,0.00031327918680360657,0.0,0.003143224862722583,0.005672971735256421,0.0026860098157988504,0.0026860098157988526
0.0,0.0007377586939802526,0.022227269877623454,0.008024981438957707,0.004339680688108634,0.012037472158436556,0.014727338948878786,0.0,0.003143224862722583,0.005672971735256421,0.0028177480890796552,0.002817748089079656
