,Accuracy,F1 (micro),F1 (macro),(R) NormF mean,(R) JS mean,(R) NormF w,(R) JS w,(G) NormF,(G) JS
All,0.8158822492508373,0.8158822492508373,0.8013108465095098,0.22914449964255298,0.15201178787399042,0.11752883005851174,0.057037147047257264,0.10003757348158988,0.018971335756591528
