,Accuracy,F1 (micro),F1 (macro),(R) NormF mean,(R) JS mean,(G) NormF,(G) JS
All,0.8350843175274691,0.8350843175274694,0.8282998979434686,0.28613701524801066,0.20154096178617728,0.1355084431461943,0.0809422068756677
