,Accuracy,F1 (micro),F1 (macro)
All,0.8821359005094397,0.8821359005094397,0.8695169669529852
