,Accuracy,F1 (micro),F1 (macro)
All,0.8819785735690739,0.8819785735690739,0.8686806421874824
