,Accuracy,F1 (micro),F1 (macro),(R) NormF mean,(R) JS mean,(R) NormF w,(R) JS w,(G) NormF,(G) JS
All,0.8254597802456078,0.8254597802456078,0.8136730112674367,0.26328843792171075,0.16697350793978444,0.16006655937420217,0.08133782209670722,0.08921414884577722,0.023348189409201928
