,Accuracy,F1 (micro),F1 (macro),(R) NormF mean,(R) JS mean,(G) NormF,(G) JS
All,0.003335473843344698,0.003335473843344687,0.0032146164082073963,0.014700630753849806,0.01692689204099232,0.016504646898692313,0.019259954880064892
