,Accuracy,F1 (micro),F1 (macro)
All,0.002634021943230366,0.0026340219432303734,0.0031211778782605777
