,Accuracy,F1 (micro),F1 (macro)
All,0.8716140783829838,0.8716140783829838,0.8635206255407063
