,Accuracy,F1 (micro),F1 (macro),(R) NormF mean,(R) JS mean,(G) NormF,(G) JS
All,0.8331129913625949,0.8331129913625948,0.826502825250232,0.2922026202542035,0.21507090067700085,0.14314181023690742,0.09681166843031172
