ACC imiting Annot mean,Cross-entropy mean,ACC imiting Annot wmean,Cross entropy wmean
0.9518387645596125,0.18311781932789656,0.9518387645596125,0.18311781932789656
