,Accuracy,F1 (micro),(R) NormF mean,(R) JS mean,(R) NormF w,(R) JS w,(G) NormF,(G) JS,RMSE mean,RMSE w
All,0.7801666666666666,0.7801666666666666,0.10722013992683892,0.07700613169303212,0.10722013992683893,0.07700613169303211,0.24605104571383402,0.46726132286584504,0.0,0.0
