ACC imiting Annot mean,Cross-entropy mean,ACC imiting Annot wmean,Cross entropy wmean
0.8527810496008378,0.3449924142768626,0.8527810496008378,0.3449924142768626
