Groups,Prob,T(g),Entropy,Diag mean,Isim (JS),S_raykar,S_bias,C_bias,Iner JS,Iner NormF,Accuracy,F1 (micro)
0.0,0.9978470335798281,2541.0666666666666,0.4963553417508374,0.8681056325034876,0.9287098130072934,0.8492635800039857,0.01933324542635258,1.6666666666666667,0.34778826547836267,0.189688384642555,0.8331369248035911,0.8331369248035911
1.0,0.0012685448707485682,2.7333333333333334,2.079036462986705,0.13011287436206448,0.2911178290474702,0.005843284985216566,0.0011703042082251331,6.633333333333334,0.34778826547836267,0.189688384642555,0.6883277216610549,0.6883277216610549
2.0,0.0008844215494233833,2.0,2.079317036322187,0.12781963060543886,0.28753665955791896,0.003222434977644427,0.000666052018252375,6.6,0.34778826547836267,0.189688384642555,0.6861391694725026,0.6861391694725026
