,Accuracy,F1 (micro)
Global,0.13684062850729511,0.13684062850729511
