,Accuracy,F1 (micro)
Global,0.7644781144781144,0.7644781144781144
