Groups,Prob,T(g),Entropy,Diag mean,Isim (JS),S_raykar,S_bias,C_bias,Iner JS,Iner NormF,Accuracy,F1 (micro)
0.0,0.17110530187686285,435.3,1.5242579208408642,0.23700958225097402,0.35120315935745144,0.12801095114397026,0.31425624028241295,4.733333333333333,0.5579290933253497,0.32668520456843647,0.22457912457912457,0.22457912457912457
1.0,0.1938511691521853,493.23333333333335,1.0435818553405272,0.19152158087828489,0.2764855392620728,0.07602466386089697,0.3988540377253035,3.7,0.5579290933253497,0.32668520456843647,0.27053872053872047,0.27053872053872047
2.0,0.6350455611944199,1616.9666666666667,0.7423674182789985,0.6757055777952918,0.7348574928063242,0.6293778031946197,0.07419180935242478,4.666666666666667,0.5579290933253497,0.32668520456843647,0.616919191919192,0.616919191919192
