,Accuracy,F1 (micro),Mean NormF,Mean JS,Wmean NormF,Wmean JS
Global,0.12546666666666667,0.12546666666666667,0.30935922265052795,0.6272958841150903,0.30935922265052795,0.6272958841150903
