ACC imiting Annot mean,Cross-entropy mean,ACC imiting Annot wmean,Cross entropy wmean
0.886677136500458,0.2845379726776566,0.886677136500458,0.2845379726776566
