,Accuracy,F1 (micro)
Global,0.8281425364758696,0.8281425364758696
