,Accuracy,F1 (micro),(R) NormF mean,(R) JS mean,(R) NormF w,(R) JS w,(G) NormF,(G) JS,RMSE mean,RMSE w
All,0.8479333333333332,0.8479333333333332,0.27824366698111613,0.49341291044811286,0.27824366698111613,0.4934129104481129,0.07688942726105827,0.045657036589725565,0.1844130349430703,0.1844130349430703
