Groups,Prob,T(g),Entropy,Diag Mean,KL to I,I sim %(JS),Spammer,Accuracy,F1 (micro)
0.0,0.9974726915359498,2540.0666666666666,0.43850494027137754,0.8941963930924733,0.11505991564687974,0.9190493303338897,0.8790815850098928,0.8315656565656563,0.8315656565656563
1.0,0.0016176606528460979,3.566666666666667,2.0785726865132648,0.13239642133315405,2.022271741435743,-0.017607608765422156,0.008453053794801236,0.6180695847362514,0.6180695847362514
2.0,0.0009096474037505686,2.0,2.0792988936106362,0.12802906235059103,2.055520565903587,-0.027393449722551245,0.0034617845279475055,0.6407687991021324,0.6407687991021324
