,Accuracy,F1 (micro)
Global,0.8172558922558925,0.8172558922558925
