,Accuracy,F1 (micro)
All,0.8067620650953987,0.8067620650953987
