ACC imiting Annot mean,Cross-entropy mean,ACC imiting Annot wmean,Cross entropy wmean
0.7929721240675303,0.5857293003038598,0.7929721240675301,0.5857293003038598
