,Accuracy,F1 (micro),Mean NormF,Mean JS,Wmean NormF,Wmean JS
Global,0.924786324786325,0.924786324786325,0.20512357085493435,0.115499132853618,0.19500491082606078,0.10508627019985227
