,Accuracy,F1 (micro)
Global,0.9499389499389499,0.9499389499389499
