Mean ACC imiting Annot,Mean cross-entropy,Wmean ACC imiting Annot,wMean cross entropy
0.7409912992000193,0.6280405926469257,0.7267834589529437,0.6491014625433902
