,Accuracy,F1 (micro)
Global,0.9380952380952382,0.9380952380952382
