Mean ACC imiting Annot,Mean cross-entropy,Wmean ACC imiting Annot,wMean cross entropy
0.6807495613638365,0.7218049916571972,0.6782084234289366,0.7235728190381754
