,Accuracy,F1 (micro),Mean NormF,Mean JS,Wmean NormF,Wmean JS
Global,0.6547144213810882,0.6547144213810882,0.3038212733685147,0.1636086260087563,0.30341234763965963,0.16319625511959548
