,Accuracy,F1 (micro)
Global,0.9263736263736265,0.9263736263736265
