,Accuracy,F1 (micro)
Global,0.7494098494098497,0.7494098494098497
