Groups,Prob,T(g),Entropy,Diag Mean,KL to I,I sim %(JS),Spammer,Accuracy,F1 (micro)
0.0,0.7239547173182169,1447.4666666666667,0.34138556743661563,0.8913128395875295,0.11980760790331298,0.9161112436250414,0.8369692444801331,0.8872201872201875,0.8872201872201875
1.0,0.10135761598745982,202.2,0.3514131873846054,0.6209143539269765,1.0787421736395089,0.5454550177997549,0.43137153883775076,0.4851037851037851,0.4851037851037851
2.0,0.17468767662843068,348.9,0.27698664416869484,0.611712392171224,1.2395845419731661,0.5164973253321973,0.4175685793161392,0.6304029304029303,0.6304029304029303
