,Accuracy,F1 (micro),Mean KL,Mean JS,Wmean KL,Wmean JS
Global,0.564082214082214,0.564082214082214,2.1655513920466216,0.19738011442935177,2.1660677668527866,0.19740412450135683
