,Accuracy,F1 (micro),Mean NormF,Mean JS,Wmean NormF,Wmean JS,Mean RMSE,Wmean RMSE
Global,0.9159408492741827,0.9159408492741827,0.16863880451017943,0.07382532182029067,0.16361974060848652,0.07008803220333784,0.13339886614616978,0.1322043705258625
