Groups,Prob,T(g),Entropy,Diag Mean,KL to I,I sim %(JS),Spammer,Accuracy,F1 (micro)
0.0,0.1377818025648594,13.3,0.3409332424402237,0.5718627721071243,1.2355792877799197,0.48445163696598104,0.3577941503375769,0.5859991859991859,0.5859991859991859
1.0,0.7141339818636576,70.9,0.37975705216328304,0.8428388655185699,0.20659842768065886,0.8678061242018761,0.7642583022514979,0.812739112739113,0.812739112739113
2.0,0.14808421408136685,14.266666666666667,0.44397509346405667,0.7963649680217108,0.30355421929489235,0.8171410222473826,0.6945474558509886,0.8462759462759466,0.8462759462759466
