,Accuracy,F1 (micro)
Global,0.8036630036630037,0.8036630036630037
