,Accuracy,F1 (micro)
Global,0.67000407000407,0.67000407000407
