,Accuracy,F1 (micro)
Global,0.8999592999593001,0.8999592999593001
