Mean ACC imiting Annot,Mean cross-entropy,Wmean ACC imiting Annot,wMean cross entropy
0.6392078748201993,0.7631991993416101,0.639123840476674,0.7626264425907638
