Groups,Prob,T(g),Entropy,Diag Mean,KL to I,I sim %(JS),Spammer,Accuracy,F1 (micro)
0.0,0.16650451198220254,16.2,0.32981317266821863,0.44492114931344984,1.7225385184357471,0.3178667829046666,0.1673817213624716,0.3333333333333332,0.3333333333333332
1.0,0.611810028553009,60.7,0.2473666276782751,0.9310516387224197,0.07354627471686472,0.947939422826577,0.8965774565935135,0.6221001221001219,0.6221001221001219
2.0,0.22168545350432395,21.6,0.24496699422597884,0.6326265096664428,1.275493456127624,0.5316438169612185,0.4489397510886192,0.5985958485958485,0.5985958485958485
