,Accuracy,F1 (micro)
Global,0.7889295889295893,0.7889295889295892
