,Accuracy,F1 (micro)
Global,0.9245014245014247,0.9245014245014247
