Mean ACC imiting Annot,Mean cross-entropy,Wmean ACC imiting Annot,wMean cross entropy
0.6493774951309216,0.7611379263891378,0.6469387480488725,0.7649554899468675
