,Accuracy,F1 (micro),Mean KL,Mean JS,Wmean KL,Wmean JS,Mean RMSE,Wmean RMSE
Global,0.9286528286528288,0.9286528286528288,0.016480585239559326,0.007128193741031162,0.01639582130534098,0.007093861210082817,0.06566502192919299,0.06590899824683003
