,Accuracy,F1 (micro)
Global,0.9254782254782257,0.9254782254782257
