,Accuracy,F1 (micro),Mean NormF,Mean JS,Wmean NormF,Wmean JS
Global,0.9335639668973003,0.9335639668973003,0.03417929609873474,0.0029166534746523456,0.03415970601885146,0.002909230126918489
