,Accuracy,F1 (micro),Mean NormF,Mean JS,Wmean NormF,Wmean JS,Mean RMSE,Wmean RMSE
Global,0.9184235517568855,0.9184235517568855,0.23905318342465487,0.13873380603121813,0.227896199259975,0.1293356599443913,0.11444674058149953,0.12183676240918043
