,Accuracy,F1 (micro)
Global,0.9463980463980464,0.9463980463980464
