Groups,Prob,T(g),Entropy,Diag Mean,KL to I,I sim %(JS),Spammer,Accuracy,F1 (micro)
0.0,0.7478851675987244,1495.25,0.3884708255529404,0.844474558532238,0.27003414253365565,0.8654344795964637,0.7667118430137634,0.49340659340659343,0.49340659340659343
1.0,0.11324976049363614,226.05,0.47389522194862366,0.6620562687516213,0.6872028062648309,0.6462750563795896,0.49308440182358027,0.46788766788766784,0.46788766788766784
2.0,0.13886507898569106,277.4,0.3292210206389427,0.6041121482849121,1.236917418368199,0.5108927199200368,0.40616822317242623,0.5942002442002441,0.5942002442002441
