,Accuracy,F1 (micro)
Global,0.9471306471306472,0.9471306471306472
