,Accuracy,F1 (micro),Mean NormF,Mean JS,Wmean NormF,Wmean JS,Mean RMSE,Wmean RMSE
Global,0.9269027269027269,0.9269027269027269,0.17730018849454518,0.08931838673800704,0.1710371406907468,0.0847737275671949,0.12004083870967243,0.11861205173187549
