Groups,Prob,T(g),Entropy,Diag Mean,KL to I,I sim %(JS),Spammer,Accuracy,F1 (micro)
0.0,0.10423756514986356,208.03333333333333,0.4344889422257741,0.709611568848292,0.6118329742820637,0.6850882578598584,0.5644173592329025,0.6461945461945463,0.6461945461945463
1.0,0.7223951498667399,1444.2,0.37856718599796296,0.8474966168403626,0.17699347932360113,0.877999511645241,0.7712449153264364,0.8498575498575501,0.8498575498575501
2.0,0.17336728870868684,346.2,0.3126660997668902,0.5939077973365784,1.1793144061639869,0.5091249602082523,0.3908616935213407,0.6018722018722019,0.6018722018722019
