,Accuracy,F1 (micro),Mean NormF,Mean JS,Wmean NormF,Wmean JS
Global,0.6436168769502104,0.6436168769502104,0.3135785089146531,0.1736662125700962,0.3134747637129674,0.17358476501939976
