,Accuracy,F1 (micro),F1 (macro),(R) NormF mean,(R) JS mean,(R) NormF w,(R) JS w,(G) NormF,(G) JS,RMSE mean,RMSE w
All,0.8387666666666664,0.8387666666666664,0.8355151878264396,0.1683607567103465,0.21063423453682614,0.13562326202163172,0.14416319253140578,0.06615751318393787,0.059482775108227276,0.12624329068687595,0.08806438947781703
