ACC imiting Annot mean,Cross-entropy mean,ACC imiting Annot wmean,Cross entropy wmean
0.7979298688936782,0.6046261915462107,0.8318413820180606,0.49094711293353205
