Groups,Prob,T(g),Entropy,Diag mean,Isim (JS),S_raykar,S_bias,C_bias,Iner JS,Iner NormF,Accuracy,F1 (micro)
0.0,0.4067791481812795,23.0,1.1754971225723725,0.6797890325295532,0.8162239701362884,0.6340446086052036,0.008298631270948513,3.5,0.06263124575974371,0.09322850627682389,0.8288720538720535,0.8288720538720535
1.0,0.32203416724999745,19.0,0.37206787374225353,0.9265072577618463,0.9620258798464651,0.9160082945849674,0.010285050812175223,2.6,0.06263124575974371,0.09322850627682389,0.8329685746352411,0.8329685746352411
2.0,0.2711865186691284,16.0,0.7814220874619122,0.7768664627782126,0.8699365670904492,0.7449902431751002,0.07216260071551936,1.0,0.06263124575974371,0.09322850627682389,0.7536475869809204,0.7536475869809204
