,Accuracy,F1 (micro),F1 (macro),(R) NormF mean,(R) JS mean,(R) NormF w,(R) JS w,(G) NormF,(G) JS,RMSE mean,RMSE w
All,0.005438647707738473,0.005438647707738458,0.005507348123776236,0.0012730235031554432,0.0019002936589574218,0.0015541421782341483,0.0025834058868875816,0.002197329224591462,0.0020393891422175337,0.007532509636803143,0.005027104759359564
