,Accuracy,F1 (micro),F1 (macro)
All,0.01184594643373036,0.011845946433730353,0.013083642144550236
