,Accuracy,F1 (micro),F1 (macro)
All,0.8323512906846239,0.8323512906846239,0.8244701702839861
