,Accuracy,F1 (micro),F1 (macro),(R) NormF mean,(R) JS mean,(R) NormF w,(R) JS w,(G) NormF,(G) JS
All,0.008924622618850001,0.008924622618849989,0.009342493801067974,2.7755575615628914e-17,2.7755575615628914e-17,5.551115123125783e-17,5.551115123125783e-17,2.0816681711721685e-17,6.938893903907228e-18
