,Accuracy,F1 (micro),F1 (macro),(R) NormF mean,(R) JS mean,(R) NormF w,(R) JS w,(G) NormF,(G) JS,RMSE mean,RMSE w
All,0.015364316523107114,0.015364316523107102,0.02127447406718469,0.0011690844267817936,0.0023487930830786413,0.0017516556807465882,0.0030789333777555155,0.0025758716337499336,0.003213519996912395,0.012189453026502983,0.010510236466034039
