,Accuracy,F1 (micro),F1 (macro)
All,0.013522965893318795,0.013522965893318804,0.014840570234983865
