,Accuracy,F1 (micro),F1 (macro),(R) NormF mean,(R) JS mean,(R) NormF w,(R) JS w,(G) NormF,(G) JS,RMSE mean,RMSE w
All,0.8499333333333333,0.8499333333333333,0.844343914648773,0.15946726513662898,0.20183023381557408,0.12448062954221391,0.13244771027826,0.05452290445156498,0.05122568496222595,0.1341287534989345,0.10102080879466037
