ACC imiting Annot mean,Cross-entropy mean,ACC imiting Annot wmean,Cross entropy wmean
0.8046990663862477,0.5840345688523616,0.8349561575709986,0.4955479691477471
