,Accuracy,F1 (micro),F1 (macro)
All,0.8154882154882154,0.8154882154882154,0.8111661448778675
