Groups,Prob,T(g),Entropy,Diag mean,Isim (JS),S_raykar,S_bias,C_bias,Iner JS,Iner NormF,Accuracy,F1 (micro)
0.0,0.0448369442174832,2.1333333333333333,2.0418313018413974,0.16731969286313506,0.34406781971483624,0.0483653632721544,0.019504923157434444,3.433333333333333,0.33857621601022475,0.23063006491054808,0.4201739618406285,0.4201739618406285
1.0,0.61698264280955,35.96666666666667,0.28922627859927325,0.9478260069497825,0.9732796982643326,0.9403725793711801,0.007363712080300342,3.066666666666667,0.33857621601022475,0.23063006491054808,0.8330246913580247,0.8330246913580245
2.0,0.33818042650818825,19.466666666666665,0.7485446461325725,0.7465409994871693,0.8272325567705859,0.7103325708424794,0.09328735271681782,1.4333333333333333,0.33857621601022475,0.23063006491054808,0.7590628507295174,0.7590628507295174
