,Accuracy,F1 (micro),F1 (macro)
All,0.8009539842873181,0.8009539842873181,0.7940427218084378
