ACC imiting Annot mean,Cross-entropy mean,ACC imiting Annot wmean,Cross entropy wmean
0.8285628908063839,0.4960400608369547,0.8555817301400341,0.4049509780866928
