,Accuracy,F1 (micro),F1 (macro),(R) NormF mean,(R) JS mean,(R) NormF w,(R) JS w,(G) NormF,(G) JS,RMSE mean,RMSE w
All,0.007138316016789604,0.007138316016789593,0.0074411510179374415,0.005199633882534309,0.006868745384307036,0.004407117086671184,0.005039151909638216,0.004622164579462482,0.005494983882003624,0.006347509626407512,0.004660252274509844
