,Accuracy,F1 (micro),F1 (macro),(R) NormF mean,(R) JS mean,(R) NormF w,(R) JS w,(G) NormF,(G) JS,RMSE mean,RMSE w
All,0.010476905819733012,0.010476905819733007,0.014394861000367616,0.003465433246165979,0.004947844884227638,0.003246600889522538,0.0040899022299263855,0.0036397933530987847,0.003970614939749847,0.011153195394474874,0.008042074526156837
