,Accuracy,F1 (micro),F1 (macro)
All,0.9335016835016835,0.9335016835016835,0.935305385866074
