,Accuracy,F1 (micro),F1 (macro)
All,0.013842870628341442,0.013842870628341445,0.01922582639328928
