,Accuracy,F1 (micro),F1 (macro)
All,0.9276094276094277,0.9276094276094277,0.928012676197516
