,Accuracy,F1 (micro),F1 (macro)
All,0.008092296049134261,0.008092296049134265,0.009331214718156454
