,Accuracy,F1 (micro),F1 (macro),(R) NormF mean,(R) JS mean,(R) NormF w,(R) JS w,(G) NormF,(G) JS
All,0.8324666666666667,0.8324666666666667,0.8296392621092651,0.17200327981439315,0.2162884554184981,0.121733366994043,0.12200568675869326,0.056558083875102076,0.024224913980341847
