ACC imiting Annot mean,Cross-entropy mean,ACC imiting Annot wmean,Cross entropy wmean
0.7768073762182374,0.6832405716586272,0.8035073943201152,0.5901111472213354
