,Accuracy,F1 (micro),F1 (macro)
All,0.008186312443508658,0.008186312443508667,0.008935314754951322
