,Accuracy,F1 (micro),F1 (macro)
All,0.8349326599326597,0.8349326599326597,0.8313082342509673
