,Accuracy,F1 (micro),F1 (macro),(R) NormF mean,(R) JS mean,(R) NormF w,(R) JS w,(G) NormF,(G) JS,RMSE mean,RMSE w
All,0.8123333333333334,0.8123333333333334,0.8069612612048372,0.17761172459265098,0.21825908243030043,0.13855072819245,0.14656469130268926,0.08742657327940849,0.07310597075150245,0.10385282558364436,0.06818479256641802
