Groups,Prob,T(g),Entropy,Diag mean,Isim (JS),S_raykar,S_bias,C_bias,Iner JS,Iner NormF,Accuracy,F1 (micro)
0.0,9.445763949169568e-08,0.0,0.016247400765382076,0.012964341184427929,0.010969550006989407,0.01481638992506049,0.003595436004251217,0.9285592184789412,0.0031315816371029204,0.003196580202548806,0.020090276596176335,0.02009027659617634
0.0,8.26622806498e-08,0.0,0.023431476150037007,0.009982616299998089,0.0056315425125873925,0.011408704342854965,0.010529677524702716,1.0354816378006044,0.0031315816371029204,0.003196580202548806,0.015810482070833867,0.015810482070833874
0.0,3.367354722157774e-08,0.0,0.01376547070657353,0.010284426083214762,0.007903405159278624,0.011753629809388318,0.006565567305238687,0.0,0.0031315816371029204,0.003196580202548806,0.00911033001967128,0.009110330019671278
