,Accuracy,F1 (micro),F1 (macro)
All,0.8005331088664426,0.8005331088664426,0.7933948447910363
