ACC imiting Annot mean,Cross-entropy mean,ACC imiting Annot wmean,Cross entropy wmean
0.007020566680002512,0.00815461687624139,0.0033470989770711473,0.008643961253848384
