,Accuracy,F1 (micro),F1 (macro)
All,0.012487988336226535,0.012487988336226543,0.013685909373360111
