ACC imiting Annot mean,Cross-entropy mean,ACC imiting Annot wmean,Cross entropy wmean
0.005579004369285755,0.008147638605204082,0.004087427671253236,0.007422031549733909
