,Accuracy,F1 (micro),F1 (macro),(R) NormF mean,(R) JS mean,(R) NormF w,(R) JS w,(G) NormF,(G) JS,RMSE mean,RMSE w
All,0.8456333333333333,0.8456333333333333,0.8409722581319717,0.16260697367767402,0.20002541265566595,0.12295906421006123,0.1282387417573521,0.0673538585465038,0.051682781550495,0.12948275771844717,0.0941499803690616
