,Accuracy,F1 (micro),F1 (macro)
All,0.819472502805836,0.819472502805836,0.8150142098675318
