Groups,Prob,T(g),Entropy,Diag mean,Isim (JS),S_raykar,S_bias,C_bias,Iner JS,Iner NormF,Accuracy,F1 (micro)
0.0,0.40677934189637505,23.0,1.2463942376283113,0.6277909897693459,0.7771600693900089,0.5746182740221093,0.009374158665441648,3.2666666666666666,0.05599803129235026,0.09146676847121818,0.8195005611672277,0.8195005611672278
1.0,0.3220340073108673,19.0,0.5175350091057738,0.8717826789155461,0.93125340725023,0.8534659187606237,0.02145341646551527,2.1666666666666665,0.05599803129235026,0.09146676847121818,0.8331088664421994,0.8331088664421997
2.0,0.27118647992610934,16.0,0.8556811199655115,0.7345026550986044,0.8412741858607685,0.6965744629698335,0.07184875861122235,1.0,0.05599803129235026,0.09146676847121818,0.7549102132435467,0.7549102132435467
