,Accuracy,F1 (micro),F1 (macro)
All,0.01906162494361576,0.01906162494361578,0.02787788702751668
