,Accuracy,F1 (micro),F1 (macro)
All,0.8352974186307518,0.8352974186307518,0.8312961686556537
