ACC imiting Annot mean,Cross-entropy mean,ACC imiting Annot wmean,Cross entropy wmean
0.005612544889839413,0.01335593395994612,0.0034785865211956297,0.006996059630724164
