Groups,Prob,T(g),Entropy,Diag mean,Isim (JS),S_raykar,S_bias,C_bias,Iner JS,Iner NormF,Accuracy,F1 (micro)
0.0,0.0586234375834465,2.933333333333333,2.0081422542645746,0.17866623842096113,0.3592035503883526,0.06133284390966988,0.032578739217989,2.6333333333333333,0.30196497340696987,0.22060408892434002,0.45959595959595945,0.45959595959595945
1.0,0.5551161259412766,32.2,0.4540705428360719,0.8917724446298168,0.9422722981862294,0.876311365291219,0.02298843747606388,2.7333333333333334,0.30196497340696987,0.22060408892434002,0.8332210998877663,0.8332210998877663
2.0,0.38626041313012444,22.266666666666666,0.721080377425131,0.7412231257810122,0.8280549159140465,0.7042550008925854,0.10346197148341493,1.0666666666666667,0.30196497340696987,0.22060408892434002,0.7457351290684625,0.7457351290684625
