ACC imiting Annot mean,Cross-entropy mean,ACC imiting Annot wmean,Cross entropy wmean
0.006118210613180578,0.015112606955525534,0.0029487095448088446,0.008349681047479086
