Groups,Prob,T(g),Entropy,Diag mean,Isim (JS),S_raykar,S_bias,C_bias,Iner JS,Iner NormF,Accuracy,F1 (micro)
0.0,1.862638526480875e-07,0.0,0.014584787050672616,0.0093054370696086,0.006542752706531319,0.010634785222409817,0.0024958099667581387,0.9219544457292888,0.0028707251303561753,0.0023370108676214023,0.005550238927971049,0.005550238927971042
0.0,1.428613076371559e-07,0.0,0.01690368443943718,0.005278914257178915,0.002818933690418381,0.006033044865347329,0.0032075645382798005,0.8000000000000002,0.0028707251303561753,0.0023370108676214023,0.006017913500129709,0.006017913500129723
0.0,7.202056630608186e-08,0.0,0.010502530991056639,0.006999505928161078,0.0047648798249527655,0.007999435346469795,0.004006270097564327,0.0,0.0028707251303561753,0.0023370108676214023,0.005231210409167863,0.005231210409167872
