,Accuracy,F1 (micro),F1 (macro)
All,0.006532297480652301,0.0065322974806522925,0.007506987877741458
