,Accuracy,F1 (micro),F1 (macro)
All,0.8365881032547696,0.8365881032547696,0.8306605648729789
