,Accuracy,F1 (micro)
Global,0.8313411896745229,0.8313411896745229
