,Accuracy,F1 (micro),Mean KL,Mean JS,Wmean KL,Wmean JS
Global,0.8434,0.8434,1.672152611726927,0.16081033819498777,1.0842466041238046,0.08504740975971639
