,Accuracy,F1 (micro),Mean KL,Mean JS,Mean PearsonCorr,Average RMSE
Global,0.8004339999999999,0.8004339999999999,0.5653785397654632,0.10759390428887379,-0.08346650686759872,0.36247875149479974
