ACC imiting Annotator,CE imiting Annotator
0.37278293663534945,1.851361286535003
