Groups,Prob,T(g),Entropy,Diag Mean,KL to I,I sim %(JS),Spammer,Accuracy,F1 (micro)
0.0,0.3608917027711868,35.5,1.114533793926239,0.680190023779869,0.4803148968243415,0.7995834781184252,0.6446555912494659,0.72465,0.72465
1.0,0.2307535730302334,22.5,1.1451528251171113,0.6649279743432999,0.5946240269862547,0.7831476984265382,0.62769775390625,0.7029599999999999,0.7029599999999999
2.0,0.24006372019648553,23.5,1.2422125548124314,0.6184033513069153,0.6178919234015414,0.7486053601060982,0.5760037288069725,0.6633099999999998,0.6633099999999998
3.0,0.16829101890325546,16.2,1.1366317391395568,0.6627530455589294,0.6107446484340786,0.775774971084202,0.6252811431884766,0.67343,0.67343
