,Accuracy,F1 (micro),Mean KL,Mean JS,Mean PearsonCorr,Average RMSE
Global,0.7046859999999999,0.7046859999999999,0.7977288156627476,0.146865570423651,-0.16153584001073323,0.359917284250035
