Groups,Prob,T(g),Entropy,Diag Mean,KL to I,I sim %(JS),Spammer,Accuracy,F1 (micro)
0.0,0.3770306870341301,753.5,1.3978248536586761,0.5437188029289246,0.7575259972567865,0.691571053442879,0.4930208832025528,0.6753700000000001,0.6753700000000001
1.0,0.23794241175055503,475.5,1.3295279830694198,0.5642492562532425,0.7771885425278044,0.7050985139761672,0.5158325150609017,0.64032,0.64032
2.0,0.18757132664322854,374.7,0.9884861677885055,0.7013926297426224,0.4960089420093496,0.8068825231761705,0.66821398884058,0.6642400000000002,0.6642400000000002
3.0,0.19745557457208635,394.3,1.420601013302803,0.48738927245140073,1.0700905952070245,0.6285570573864648,0.43043250814080236,0.5368900000000001,0.5368900000000001
