Groups,Prob,T(g),Entropy,Diag Mean,KL to I,I sim %(JS),Spammer,Accuracy,F1 (micro)
0.0,0.35845893919467925,716.4,1.3519169747829438,0.5792796641588212,0.669781496307687,0.728311784051163,0.5325329661369324,0.6656,0.6656
1.0,0.24227799698710442,484.2,1.269356518983841,0.5960821956396103,0.706436609848735,0.7348292405200847,0.5512024253606796,0.6100399999999999,0.6100399999999999
2.0,0.24491190239787103,489.3,1.3278339445590972,0.5738638043403625,0.6842969861085875,0.7211260515841421,0.5265153288841248,0.5849799999999999,0.5849799999999999
3.0,0.15435116440057756,308.1,1.1454297870397567,0.6497419476509094,0.6780032666042453,0.7668022789060696,0.6108243897557258,0.5928399999999999,0.5928399999999999
