Groups,Prob,T(g),Entropy,Diag Mean,KL to I,I sim %(JS),Spammer,Accuracy,F1 (micro)
0.0,0.4208415403962135,41.7,1.294491219520569,0.6104804098606109,0.5737411855836522,0.7513521117737193,0.5672004640102386,0.72304,0.72304
1.0,0.20981679409742354,20.6,1.2090372502803803,0.6384588092565536,0.6105399822785569,0.7617443952055268,0.5982875555753708,0.6674700000000001,0.6674700000000001
2.0,0.20561462119221688,19.9,1.264609056711197,0.6176906764507294,0.6764677156437128,0.747869836899178,0.5752118706703186,0.66164,0.66164
3.0,0.163727043569088,15.8,1.1837777495384216,0.6541677206754685,0.588661987671804,0.7783740198745096,0.6157419085502625,0.69469,0.69469
