Groups,Prob,Entropy,Diag Mean,KL to I,I sim %(JS),Spammer,Accuracy,F1 (micro)
0.0,0.5219616264104843,1.370666241645813,0.5918808341026306,0.5770498057459743,0.7447431212417517,0.5465342581272126,0.75143,0.75143
1.0,0.13844644986093044,1.0029660418629647,0.6693939089775085,0.6473913099006608,0.7682207393721969,0.6326598703861237,0.6281299999999999,0.6281299999999999
2.0,0.18316704891622065,1.259489905834198,0.5907013982534408,0.7676404515176976,0.7220847004072072,0.545223793387413,0.65963,0.65963
3.0,0.15642487145960332,1.2021623343229293,0.6269623905420303,0.7044733992279507,0.7518144913713736,0.585513773560524,0.6929,0.6929
