ACC imiting Annotator,CE imiting Annotator
0.3631377649196602,1.9038897082273345
