Groups,Prob,T(g),Entropy,Diag Mean,KL to I,I sim %(JS),Spammer,Accuracy,F1 (micro)
0.0,0.363979309797287,35.9,0.8729813456535339,0.7699472278356552,0.3398888259704813,0.8603659166396929,0.7443858027458191,0.69499,0.69499
1.0,0.2063734546303749,20.0,1.340708327293396,0.5779606640338898,0.6952320389821609,0.7210019599826285,0.5310674101114273,0.56756,0.56756
2.0,0.2391603484749794,23.6,1.2970456182956696,0.5968601167201996,0.6350838809364691,0.7364196446919149,0.5520668029785156,0.58431,0.58431
3.0,0.1904868923127651,18.5,1.155459600687027,0.6639431267976761,0.5715786795982847,0.7822874130309836,0.6266034603118896,0.6081000000000001,0.6081000000000001
