,Accuracy,F1 (micro),F1 (macro)
All,0.005854829298162577,0.005854829298162577,0.00538038283413006
