,Accuracy,F1 (micro),F1 (macro)
All,0.004371480501347898,0.004371480501347898,0.011330991391321094
