Groups,Prob,Entropy,Diag mean,Isim (JS),S_raykar,S_bias,C_bias,Iner JS,Iner NormF,Accuracy,F1 (micro)
0.0,0.42691702097654344,0.3759708635508329,0.6870029782584439,0.7185328326587095,0.5826706376779254,0.11908470173796623,2.5,0.31121987465701356,0.3347146144910048,0.5249443337630375,0.5249443337630375
1.0,0.3431272104382515,0.3887166151281352,0.7300034142156931,0.7925211452134999,0.6400045522875908,0.1616840791277942,0.0,0.31121987465701356,0.3347146144910048,0.5821516465486932,0.5821516465486932
2.0,0.2299557626247406,0.11831068468560813,0.9677366528319119,0.9832740295475022,0.9569822037758827,0.02604119773720593,3.0,0.31121987465701356,0.3347146144910048,0.6230165240829719,0.6230165240829719
