,Accuracy,F1 (micro),F1 (macro),(R) NormF mean,(R) JS mean,(G) NormF,(G) JS
All,0.6552780016116037,0.6552780016116037,0.6399884188809758,0.19926502540199217,0.16437982200420806,0.16450107793203556,0.07754942207418465
