,Accuracy,F1 (micro),F1 (macro)
All,0.7008739943277189,0.7008739943277189,0.6904254554839169
