,Accuracy,F1 (micro),F1 (macro),(R) NormF mean,(R) JS mean,(R) NormF w,(R) JS w,(G) NormF,(G) JS
All,0.6349746748014272,0.6349746748014272,0.5914904155013788,0.25030606231072416,0.21528153367121355,0.13933854630528367,0.08658945031318847,0.10452926683374139,0.03172852025486257
