,Accuracy,F1 (micro),F1 (macro),(R) NormF mean,(R) JS mean,(G) NormF,(G) JS
All,0.00450329176231719,0.00450329176231719,0.00321328282714389,0.004337304345747388,0.004886755197879682,0.00873182875508158,0.006866273004333476
