,Accuracy,F1 (micro),F1 (macro)
All,0.6462615727176841,0.6462615727176841,0.6307328717322989
