,Accuracy,F1 (micro),F1 (macro),(R) NormF mean,(R) JS mean,(G) NormF,(G) JS
All,0.6814349027282146,0.6814349027282146,0.6679849307180866,0.3099473876087477,0.270343329156366,0.1563713987382017,0.08037038791983923
