,Accuracy,F1 (micro),F1 (macro)
All,0.6079514824797843,0.6079514824797843,0.5287551638507593
