,Accuracy,F1 (micro),F1 (macro)
All,0.7000690687233798,0.7000690687233798,0.682083046489533
