,Accuracy,F1 (micro),F1 (macro)
All,0.0030149299132118893,0.0030149299132118893,0.005403634084406024
