,Accuracy,F1 (micro),F1 (macro)
All,0.6454545454545455,0.6454545454545455,0.6309372834210156
