,Accuracy,F1 (micro),F1 (macro),(R) NormF mean,(R) JS mean,(R) NormF w,(R) JS w,(G) NormF,(G) JS
All,0.0025408389165215302,0.0025408389165215302,0.005132947033454243,0.0,0.0,5.551115123125783e-17,5.551115123125783e-17,0.0,2.6020852139652106e-18
