,Accuracy,F1 (micro),F1 (macro)
All,0.6193718504629087,0.6193718504629087,0.5996426372053866
