,Accuracy,F1 (micro),F1 (macro)
All,0.0028692859453128385,0.0028692859453128385,0.004273091468357937
