,Accuracy,F1 (micro),F1 (macro)
All,0.6238075706082269,0.6238075706082269,0.5798895838322864
