,Accuracy,F1 (micro),F1 (macro),(R) NormF mean,(R) JS mean,(R) NormF w,(R) JS w,(G) NormF,(G) JS
All,0.6234171750892139,0.6234171750892139,0.5457414329056303,0.2787207024960236,0.23343683770629392,0.217538960280304,0.15953449821129034,0.08796188557497225,0.024999768518953705
