,Accuracy,F1 (micro)
Global,0.5836385836385837,0.5836385836385837
