Groups,Prob,T(g),Entropy,Diag Mean,KL to I,I sim %(JS),Spammer,Accuracy,F1 (micro)
0.0,0.3286906570196152,3286.3,0.22340654637664556,0.519174012541771,2.092774314331299,0.5711519459360084,0.27876101098954675,0.507875457875458,0.507875457875458
1.0,0.32966236025094986,3296.0,0.1925364574417472,0.5171363201923669,2.2033220924670287,0.56442690760545,0.27570448555488836,0.5305250305250305,0.5305250305250305
2.0,0.3416469760239124,3415.85,0.1924838565289974,0.5595134884119034,2.088977766383155,0.6008211090426986,0.33927023701471626,0.5543956043956043,0.5543956043956043
