ACC imiting Annotator,CE imiting Annotator
0.6480832381557203,0.8906396689157022
