Groups,Prob,T(g),Entropy,Diag Mean,KL to I,I sim %(JS),Spammer,Accuracy,F1 (micro)
0.0,0.3602277934551239,35.4,0.2199048437178135,0.531357679516077,1.8090254758261448,0.5817988468068649,0.29703652039170264,0.5006715506715507,0.5006715506715507
1.0,0.32371656224131584,31.9,0.2613891072571278,0.4968123182654381,1.7851238773845028,0.5637391866723043,0.24521846678107978,0.49261294261294275,0.49261294261294275
2.0,0.3160556431859732,31.15,0.22842111773788928,0.5753871366381645,1.545936753753536,0.6275686601178695,0.3630806865636259,0.6208180708180707,0.6208180708180707
