,Accuracy,F1 (micro)
Global,0.7088522588522589,0.7088522588522589
