ACC imiting Annotator,CE imiting Annotator
0.6680188933469078,0.8363129367216647
