ACC imiting Annotator,CE imiting Annotator
0.5552332704546967,1.1307816264558455
