,Accuracy,F1 (micro),Mean KL,Mean JS,Mean PearsonCorr,Average RMSE
Global,0.7273504273504273,0.7273504273504275,0.9018126425755602,0.11295309856386623,0.6984649658974275,0.1421702665058056
