Groups,Prob,T(g),Entropy,Diag Mean,KL to I,I sim %(JS),Spammer,Accuracy,F1 (micro)
0.0,0.35486440658569335,35.1,0.24788071401417255,0.564800378587097,1.5582782668098394,0.6259569899029722,0.347200570628047,0.5951159951159951,0.5951159951159951
1.0,0.2829479169100523,27.8,0.2917052820324898,0.5847160723991692,1.4235631753627385,0.6499092022998904,0.37707410460934626,0.5774725274725274,0.5774725274725274
2.0,0.3621876761317253,35.65,0.2289766103029251,0.6091307088732719,1.4158905029633009,0.6635749221815768,0.41369606349617244,0.5645299145299145,0.5645299145299145
