ACC imiting Annotator,CE imiting Annotator
0.667882812773498,0.867556760756498
