,Accuracy,F1 (micro)
Global,0.6434676434676436,0.6434676434676436
