,Accuracy,F1 (micro)
Global,0.6288766788766789,0.6288766788766789
