,Accuracy,F1 (micro),Mean KL,Mean JS,Mean PearsonCorr,Average RMSE
Global,0.5868742368742368,0.5868742368742368,1.126457737764402,0.14097019429375696,0.6615061628968433,0.17237528945300937
