,Accuracy,F1 (micro),Mean KL,Mean JS,Mean PearsonCorr,Average RMSE
Global,0.6852462352462353,0.6852462352462353,1.142469036475236,0.1326498569128442,0.6005469261048269,0.18969379037334022
