,Accuracy,F1 (micro)
Global,0.9197802197802198,0.9197802197802198
