,Accuracy,F1 (micro),Mean KL,Mean JS,Wmean KL,Wmean JS,Mean RMSE,Wmean RMSE
Global,0.9125763125763127,0.9125763125763127,0.18429096900693825,0.07392943072149047,0.1752157118550819,0.07018659756836948,0.1334854270981408,0.1320079121588891
