Mean ACC imiting Annot,Mean cross-entropy,Wmean ACC imiting Annot,wMean cross entropy
0.633398568683866,0.7681617078869272,0.6333130205159455,0.7676316499165635
