Mean ACC imiting Annot,Mean cross-entropy,Wmean ACC imiting Annot,wMean cross entropy
0.7290638337409746,0.6101701557636261,0.7287866432910669,0.6105335131095592
