,Accuracy,F1 (micro),Mean KL,Mean JS,Wmean KL,Wmean JS
Global,0.8153235653235654,0.8153235653235654,2.099283411989627,0.1394045614343664,1.9487738593753001,0.1258493349541337
