Mean ACC imiting Annot,Mean cross-entropy,Wmean ACC imiting Annot,wMean cross entropy
0.7658815546368426,0.7147767156362533,0.7629671943855068,0.7104677174506052
