,Accuracy,F1 (micro),Mean KL,Mean JS,Wmean KL,Wmean JS
Global,0.7225478225478227,0.7225478225478227,0.6077347967506934,0.1569774295045289,0.6048238240014576,0.1568235682467393
