Mean ACC imiting Annot,Mean cross-entropy,Wmean ACC imiting Annot,wMean cross entropy
0.644574540829902,0.7096860884072086,0.6428594744573201,0.709987354950673
