,Accuracy,F1 (micro),Mean KL,Mean JS,Wmean KL,Wmean JS
Global,0.6388481888481887,0.6388481888481887,1.1541224930000884,0.1189693226373886,1.1507192023621582,0.11864576681558141
