,Accuracy,F1 (micro),Mean KL,Mean JS,Wmean KL,Wmean JS,Mean RMSE,Wmean RMSE
Global,0.8960520960520961,0.8960520960520961,0.449515998997225,0.10781737895103434,0.4502297336188361,0.10799611416761504,0.1911886061747134,0.191549867966687
