,Accuracy,F1 (micro),Mean KL,Mean JS,Wmean KL,Wmean JS
Global,0.661803011803012,0.661803011803012,0.8751447806432815,0.16126950676899873,0.8705813734421115,0.16093187192750197
