,Accuracy,F1 (micro),Mean KL,Mean JS,Wmean KL,Wmean JS
Global,0.5798127798127798,0.5798127798127798,2.0845371335576353,0.19084864801128726,2.085031960474571,0.19087197726963337
