,Accuracy,F1 (micro),Mean KL,Mean JS,Wmean KL,Wmean JS,Mean RMSE,Wmean RMSE
Global,0.8960724460724458,0.8960724460724458,0.47217518011312265,0.11762323757758139,0.4748174521795713,0.11764915380597799,0.1947386266388111,0.19287666761862027
