Groups,Prob,T(g),Entropy,Diag Mean,KL to I,I sim %(JS),Spammer,Accuracy,F1 (micro)
0.0,0.0963319530710578,192.15,0.44795277863740923,0.6946116417646409,0.6154843081601097,0.6707408016164629,0.5419174879789352,0.6465811965811964,0.6465811965811964
1.0,0.7289710998535156,1457.55,0.35572208389639853,0.860245406627655,0.16074016980120284,0.8888770537536864,0.7903681188821793,0.8595238095238097,0.8595238095238097
2.0,0.17469695210456848,348.9,0.3419369712471962,0.5683953508734703,1.2170345149380282,0.4859364341137392,0.3525930307805538,0.592124542124542,0.592124542124542
