,Accuracy,F1 (micro),Mean KL,Mean JS,Wmean KL,Wmean JS
Global,0.6447903947903948,0.6447903947903948,1.2389692468039253,0.12524936711944806,1.2415007214537537,0.1251974833443968
