,Accuracy,F1 (micro)
Global,0.9308302808302809,0.9308302808302809
