,Accuracy,F1 (micro)
Global,0.9429181929181929,0.9429181929181929
