,Accuracy,F1 (micro)
Global,0.5783882783882782,0.5783882783882782
