,Accuracy,F1 (micro),Mean KL,Mean JS,Wmean KL,Wmean JS,Mean RMSE,Wmean RMSE
Global,0.9119047619047617,0.9119047619047617,0.5341007404621808,0.12693272173333253,0.5589267215489897,0.12845381848546528,0.18760239437646387,0.18991444286005296
