,Accuracy,F1 (micro),Mean KL,Mean JS,Wmean KL,Wmean JS
Global,0.7344118844118844,0.7344118844118844,0.6198268216597769,0.16233224841085936,0.6193137153083484,0.16224361311639895
