,Accuracy,F1 (micro),Mean KL,Mean JS,Wmean KL,Wmean JS
Global,0.542958892958893,0.542958892958893,2.139462552501687,0.1988986729530363,2.139848593273518,0.19901595218197954
