Groups,Prob,T(g),Entropy,Diag Mean,KL to I,I sim %(JS),Spammer,Accuracy,F1 (micro)
0.0,0.1386996902525425,13.35,0.36929136216640474,0.5596478149294853,1.2615550336737278,0.4724014815047027,0.33947172537446024,0.5647130647130647,0.5647130647130647
1.0,0.7162290632724762,71.2,0.3662415947765112,0.8684317648410798,0.1491039085601326,0.896501871395661,0.8026476293802262,0.8175824175824179,0.8175824175824179
2.0,0.1450712326914072,14.05,0.4593513995409012,0.804382050037384,0.2593707960188652,0.8312263620207021,0.706573086977005,0.8017704517704518,0.8017704517704518
