,Accuracy,F1 (micro),Mean KL,Mean JS,Mean PearsonCorr,Average RMSE
Global,0.6234635734635735,0.6234635734635735,1.0096614794984629,0.13023838860879805,0.5201343055370998,0.15009474238494452
