Groups,Prob,T(g),Entropy,Diag Mean,KL to I,I sim %(JS),Spammer,Accuracy,F1 (micro)
0.0,0.31647724844515324,632.45,0.193196215108037,0.39725361005403104,2.64170317602317,0.4427622411973622,0.09588041414826876,0.45647130647130646,0.45647130647130646
1.0,0.3361213330179453,671.6,0.2384422043338418,0.4625615932745859,2.394203042087615,0.5133388578310745,0.19384238080820068,0.5061660561660563,0.5061660561660563
2.0,0.3474014181643724,694.25,0.21816851422190667,0.5052637238055467,2.204559729861687,0.5542815798337077,0.25789557555690407,0.5888888888888888,0.5888888888888888
