,Accuracy,F1 (micro)
Global,0.6911477411477411,0.6911477411477411
