ACC imiting Annotator,CE imiting Annotator
0.659850443811804,0.8571407194060582
