Groups,Prob,T(g),Entropy,Diag Mean,KL to I,I sim %(JS),Spammer,Accuracy,F1 (micro)
0.0,0.31236703544855116,30.75,0.28463779799640176,0.4714559242129326,1.8787831878670584,0.5466602030036481,0.20718388445675373,0.4631257631257631,0.4631257631257631
1.0,0.3529534600675106,34.75,0.2140542695298791,0.5530254289507865,1.8042576495004004,0.6031061027424093,0.3295381401840132,0.5613553113553114,0.5613553113553114
2.0,0.3346795059740543,33.0,0.16966338586062193,0.5029165689833462,2.114778730361107,0.5413133846261837,0.25437484830617907,0.599023199023199,0.599023199023199
