Groups,Prob,T(g),Entropy,Diag Mean,KL to I,I sim %(JS),Spammer,Accuracy,F1 (micro)
0.0,0.3176798354834318,634.9,0.21973363105207683,0.5513628408312797,1.7138863880487727,0.6028625117229238,0.3270442659035325,0.48351648351648346,0.48351648351648346
1.0,0.3478004015982151,695.15,0.21826258888468147,0.6317260980606079,1.4546680559151137,0.6782376829214553,0.44758913884143114,0.5974358974358973,0.5974358974358973
2.0,0.3345197611488402,668.6,0.2111822672188282,0.6247682824730874,1.3971612390315167,0.6759775029740417,0.4371524183545262,0.5626984126984126,0.5626984126984126
