,Accuracy,F1 (micro),Mean KL,Mean JS,Mean PearsonCorr,Average RMSE
Global,0.6971102971102969,0.6971102971102969,0.956834757498331,0.11933533389821652,0.6475107750197292,0.15747403926871167
