,Accuracy,F1 (micro)
Global,0.736752136752137,0.736752136752137
