ACC imiting Annotator,CE imiting Annotator
0.6352557163322999,0.8827405054180708
