,Accuracy,F1 (micro),Mean KL,Mean JS,Mean PearsonCorr,Average RMSE
Global,0.6347171347171346,0.6347171347171346,1.0269946739556328,0.13704156372680193,0.7090706025238657,0.16780940064345126
