,Accuracy,F1 (micro),(R) NormF mean,(R) JS mean,(R) NormF w,(R) JS w,(G) NormF,(G) JS
All,0.8305666666666666,0.8305666666666666,0.17200327981439315,0.2162884554184981,0.121733366994043,0.12200568675869325,0.05655808387510209,0.02422491398034177
