,Accuracy,F1 (micro)
All,0.8303591470258135,0.8303591470258135
