ACC imiting Annot mean,Cross-entropy mean,ACC imiting Annot wmean,Cross entropy wmean
0.8435697353364751,1.163613494237264,0.8246433712864807,0.9316374477884903
