,Accuracy,F1 (micro),(R) NormF mean,(R) JS mean,(R) NormF w,(R) JS w,(G) NormF,(G) JS
All,0.8468333333333332,0.8468333333333332,0.1394344217191308,0.1530202422628418,0.09834164364938415,0.08577791115099812,0.04682933396974564,0.035730136795802704
