ACC imiting Annot mean,Cross-entropy mean,ACC imiting Annot wmean,Cross entropy wmean
0.777385029095142,0.6130758023993472,0.8010338960868996,0.5697352391288779
