Groups,Prob,T(g),Entropy,Diag mean,Isim (JS),Spammer,Iner JS,Iner NormF,Accuracy,F1 (micro)
0.0,0.9972867687543233,58.0,0.4431651135285695,0.8926955203215281,0.9178211607149046,0.877366324265798,0.35522014277703584,0.19471396465346005,0.8324074074074072,0.8324074074074072
1.0,0.0017702864909855027,0.0,2.078343121210734,0.13332922756671906,-0.01553972277812407,0.009519119281321764,0.35522014277703584,0.19471396465346005,0.6277216610549946,0.6277216610549946
2.0,0.0009429528164522101,0.0,2.0792787949244182,0.12822263340155285,-0.026956156355993147,0.003683011078586181,0.35522014277703584,0.19471396465346005,0.6492143658810329,0.6492143658810328
