,Accuracy,F1 (micro)
All,0.8303872053872049,0.8303872053872049
