ACC imiting Annot mean,Cross-entropy mean,ACC imiting Annot wmean,Cross entropy wmean
0.8463001614416963,1.1635261690085874,0.8261091480172753,0.9306024107145493
