,Accuracy,F1 (micro)
All,0.8141414141414143,0.8141414141414143
