,Accuracy,F1 (micro)
All,0.7998877665544336,0.7998877665544336
