,Accuracy,F1 (micro),(R) NormF mean,(R) JS mean,(R) NormF w,(R) JS w,(G) NormF,(G) JS
All,0.8331999999999999,0.8331999999999999,0.17200327981439315,0.21628845541849806,0.121733366994043,0.12200568675869325,0.05655808387510207,0.024224913980341805
