,Accuracy,F1 (micro),(R) NormF mean,(R) JS mean,(R) NormF w,(R) JS w,(G) NormF,(G) JS,RMSE mean,RMSE w
All,0.8458000000000001,0.8458000000000001,0.18864732228681902,0.23477450985666543,0.13777585182147203,0.1374961210958193,0.0863233032489328,0.05516017188350619,0.14697167194579003,0.1108101033896087
