,Accuracy,F1 (micro)
All,0.8336980920314251,0.8336980920314251
