,Accuracy,F1 (micro)
All,0.8356902356902354,0.8356902356902354
