ACC imiting Annot mean,Cross-entropy mean,ACC imiting Annot wmean,Cross entropy wmean
0.7809100218752858,0.6130756735991115,0.8021201413427563,0.5697591291318228
