,Accuracy,F1 (micro)
All,0.9292929292929293,0.9292929292929293
