,Accuracy,F1 (micro),F1 (macro),(R) NormF mean,(R) JS mean,(R) NormF w,(R) JS w,(G) NormF,(G) JS,RMSE mean,RMSE w
All,0.8820964192838566,0.8820964192838566,0.8820022970369619,0.22777469273255863,0.10446453088444359,0.20140215101651293,0.08669209814245535,0.15358083516421234,0.0399070827745186,0.11366520911585701,0.1073470049736899
