,Accuracy,F1 (micro),F1 (macro),(R) NormF mean,(R) JS mean,(R) NormF w,(R) JS w,(G) NormF,(G) JS,RMSE mean,RMSE w
All,0.8794758951790357,0.8794758951790357,0.8793104984817456,0.2003970076297806,0.07894291233438415,0.16188907510235556,0.051230560337217436,0.13775235587551263,0.030919982928954787,0.12456424183687162,0.10785158221004831
