,Accuracy,F1 (micro),F1 (macro)
All,0.006455827696799878,0.006455827696799859,0.006934297073388189
