,Accuracy,F1 (micro),F1 (macro)
All,0.011921873034264854,0.011921873034264854,0.013066566129938612
