ACC imiting Annot mean,F1-mi imiting Annot mean,F1-ma imiting Annot mean,ACC imiting Annot wmean,F1-mi imiting Annot wmean,F1-ma imiting Annot wmean
0.8263705870987424,0.8263705870987424,0.8091394278847307,0.8266398760181648,0.8266398760181648,0.8184618861928135
