,Accuracy,F1 (micro),F1 (macro),(R) NormF mean,(R) JS mean,(R) NormF w,(R) JS w,(G) NormF,(G) JS,RMSE mean,RMSE w
All,0.005496005933789234,0.0054960059337892265,0.005643374171574837,0.010457399324459821,0.007537382186612536,0.009734585201358895,0.006107748477246287,0.015367108741709802,0.007956743761409776,0.0035851643013780354,0.002249286864195086
