,Accuracy,F1 (micro),F1 (macro)
All,0.01171293330377745,0.011712933303777455,0.012829758782695358
