,Accuracy,F1 (micro),F1 (macro),(R) NormF mean,(R) JS mean,(R) NormF w,(R) JS w,(G) NormF,(G) JS
All,0.043477231193374224,0.04347723119337421,0.04427646400376926,1.3877787807814457e-17,3.469446951953614e-18,6.938893903907228e-18,1.734723475976807e-18,0.0,1.0842021724855044e-19
