,Accuracy,F1 (micro),F1 (macro),(R) NormF mean,(R) JS mean,(R) NormF w,(R) JS w,(G) NormF,(G) JS,RMSE mean,RMSE w
All,0.003786203053193337,0.0037862030531933388,0.003867571659337019,0.005867852667865083,0.00557149991394522,0.006265314501161265,0.005436836365943321,0.013668736087651715,0.0071464745709686394,0.0025713618552052385,0.0027380538974333887
