ACC imiting Annot mean,F1-mi imiting Annot mean,F1-ma imiting Annot mean,ACC imiting Annot wmean,F1-mi imiting Annot wmean,F1-ma imiting Annot wmean
0.00847997571068391,0.008479975710683903,0.009572136384720797,0.009193524664346411,0.009193524664346411,0.009716275949329799
