,Accuracy,F1 (micro),F1 (macro)
All,0.00844547969956681,0.008445479699566787,0.009941588308502086
