,Accuracy,F1 (micro),F1 (macro),(R) NormF mean,(R) JS mean,(R) NormF w,(R) JS w,(G) NormF,(G) JS
All,0.8806561312262451,0.8806561312262451,0.8801970336729454,0.0744365986209157,0.020501360694110744,0.03799665021760453,0.0047458309036919905,0.01676612007602043,0.00032098855827113133
