ACC imiting Annot mean,F1-mi imiting Annot mean,F1-ma imiting Annot mean,ACC imiting Annot wmean,F1-mi imiting Annot wmean,F1-ma imiting Annot wmean
0.8314593716008648,0.8314593716008648,0.8137791770252664,0.8236808909392345,0.8236808909392345,0.81796804192887
