,Accuracy,F1 (micro),F1 (macro)
All,0.7634283570892724,0.7634283570892724,0.7629787312348144
