,Accuracy,F1 (micro),F1 (macro)
All,0.737421855463866,0.7374218554638661,0.7355605836808993
