,Accuracy,F1 (micro),F1 (macro),(R) NormF mean,(R) JS mean,(R) NormF w,(R) JS w,(G) NormF,(G) JS,RMSE mean,RMSE w
All,0.8978895779155829,0.8978895779155829,0.8978568048421943,0.16869215003313998,0.05694325503602744,0.11411322333941605,0.022665581412317715,0.10133467468615882,0.014705552676220748,0.1217992613780116,0.1021462553160816
