ACC imiting Annot mean,F1-mi imiting Annot mean,F1-ma imiting Annot mean,ACC imiting Annot wmean,F1-mi imiting Annot wmean,F1-ma imiting Annot wmean
0.8173747304975096,0.8173747304975096,0.8008167393637114,0.8203687017948533,0.8203687017948533,0.8161461377109468
