,Accuracy,F1 (micro),F1 (macro)
All,0.752863215803951,0.752863215803951,0.7523130648020968
