ACC imiting Annot mean,F1-mi imiting Annot mean,F1-ma imiting Annot mean,ACC imiting Annot wmean,F1-mi imiting Annot wmean,F1-ma imiting Annot wmean
0.008775966021042284,0.008775966021042284,0.009432783912314053,0.007527696277118493,0.007527696277118504,0.008066473926579455
