,Accuracy,F1 (micro),F1 (macro),(R) NormF mean,(R) JS mean,(R) NormF w,(R) JS w,(G) NormF,(G) JS,RMSE mean,RMSE w
All,0.012929037087115191,0.01292903708711519,0.016513540764319972,0.003907676645426889,0.005322315864019218,0.003249304870852753,0.0044390327716436724,0.005707961823954837,0.006704275573875311,0.01010817204796704,0.009452658649992306
