ACC imiting Annot mean,F1-mi imiting Annot mean,F1-ma imiting Annot mean,ACC imiting Annot wmean,F1-mi imiting Annot wmean,F1-ma imiting Annot wmean
0.7874427203110842,0.7874427203110842,0.7321585730546077,0.8134406491296949,0.8134406491296949,0.7795156544072791
