,Accuracy,F1 (micro),F1 (macro)
All,0.9234006734006734,0.9234006734006734,0.92395755194919
