Groups,Prob,T(g),Entropy,Diag mean,Isim (JS),S_raykar,S_bias,C_bias,Iner JS,Iner NormF,Accuracy,F1 (micro)
0.0,1.0,59.0,0.46192116342251416,0.879492459497134,0.9350206463508997,0.8622770965681529,0.026416546030349607,1.8333333333333333,,,0.8379068462401793,0.8379068462401793
