,Accuracy,F1 (micro),F1 (macro),(R) NormF mean,(R) JS mean,(R) NormF w,(R) JS w,(G) NormF,(G) JS,RMSE mean,RMSE w
All,0.8422,0.8422,0.837244563999809,0.18597024530685607,0.23312014275743093,0.1361250462006499,0.13736695248795058,0.08336484238116862,0.05387393188578995,0.14750768230624386,0.11052218296034547
