,Accuracy,F1 (micro),F1 (macro)
All,0.8294612794612792,0.8294612794612792,0.8231293988084537
