Groups,Prob,T(g),Entropy,Diag mean,Isim (JS),S_raykar,S_bias,C_bias,Iner JS,Iner NormF,Accuracy,F1 (micro)
0.0,0.0,0.0,0.02896619919469053,0.013974281725043359,0.008211220938158473,0.015970607685763843,0.011278169230470201,0.9689627902499087,,,0.008746876335829577,0.008746876335829603
