,Accuracy,F1 (micro),F1 (macro)
All,0.013224867460264557,0.013224867460264573,0.018146622556684484
