,Accuracy,F1 (micro),Average KL,Average PearsonCorr,Average RMSE
Global,0.8423619999999999,0.8423619999999999,0.3033346031945466,-0.40675237852272994,0.024619628905433993
