Groups,Prob,T(g),Entropy,Diag Mean,KL to I,I similar % (JS),Accuracy,F1 (micro)
0.0,0.3043371353298426,30.0,1.4872585773468017,0.5272662982344627,0.7517693616820644,0.6847791586378047,0.6545799999999999,0.6545799999999999
1.0,0.41490747034549713,41.0,0.9962498426437378,0.726262778043747,0.3731689752128441,0.8327383338508578,0.74184,0.74184
2.0,0.13692384846508504,13.2,1.2089932262897491,0.6432997137308121,0.5188215023568103,0.774029167984948,0.68123,0.68123
3.0,0.14383153580129146,13.9,1.1672021746635437,0.6730178713798523,0.44667117526981476,0.7998322281563481,0.7359000000000001,0.7359000000000001
