ACC imiting Annotator,CE imiting Annotator
0.4585881054747684,1.721557757493941
