Groups,Prob,T(g),Entropy,Diag Mean,KL to I,I similar % (JS),Accuracy,F1 (micro)
0.0,0.2656699061393738,26.2,0.9518206894397736,0.7634367406368255,0.2869080962381835,0.8650389056585185,0.75856,0.75856
1.0,0.29453238397836684,29.0,1.1863246083259582,0.6530616700649261,0.5031502774620509,0.7803666160000045,0.71973,0.71973
2.0,0.23302374184131622,22.7,1.1732161521911622,0.6696889519691467,0.4646422172905494,0.7955078781909409,0.72768,0.72768
3.0,0.20677397400140762,20.1,1.4516679406166078,0.546975263953209,0.6982925011198619,0.7029599372377128,0.6783699999999999,0.6783699999999999
