,Accuracy,F1 (micro),Average KL,Average PearsonCorr
Global,0.531334,0.531334,0.20923282853272349,0.9403699917343953
