,Accuracy,F1 (micro),Average KL,Average PearsonCorr,Average RMSE
Global,0.7571899999999999,0.7571899999999999,0.010283546581270613,0.9732996672865113,0.07499776792770929
