ACC imiting Annotator,CE imiting Annotator
0.4482232117627859,1.7278081543385473
