,Accuracy,F1 (micro),Average KL,Average PearsonCorr
Global,0.6926440000000001,0.6926440000000001,0.08678318310621098,0.9227613302340698
