,Accuracy,F1 (micro)
Global,0.6840100000000001,0.6840100000000001
