,Accuracy,F1 (micro),Average KL,Average PearsonCorr,Average RMSE
Global,0.8033060000000001,0.8033060000000001,0.23774219522822743,0.11698792749669426,0.0320379985946911
