,Accuracy,F1 (micro)
Global,0.7430399999999999,0.7430399999999999
