,Accuracy,F1 (micro),Average KL,Average PearsonCorr
Global,0.6023299999999999,0.6023299999999999,0.7903623402270102,0.7448817430223806
