,Accuracy,F1 (micro)
Global,0.7295900000000001,0.7295900000000001
