ACC imiting Annotator,CE imiting Annotator
0.38918761908754923,1.7885398495533107
