,Accuracy,F1 (micro)
Global,0.7493000000000001,0.7493000000000001
