,Accuracy,F1 (micro),Average KL,Average PearsonCorr,Average RMSE
Global,0.7615540000000001,0.7615540000000001,0.07902344712268468,0.8712832570074307,0.0645207768018933
