,Accuracy,F1 (micro),Average KL,Average PearsonCorr
Global,0.5750299999999999,0.5750299999999999,0.24863423053671396,0.8907764225895288
