,Accuracy,F1 (micro),Average KL,Average PearsonCorr
Global,0.5625119999999999,0.5625119999999999,0.8577507374349542,0.7011315055625793
