,Accuracy,F1 (micro),Average KL,Average PearsonCorr
Global,0.84672,0.84672,0.026374203047173205,0.9380084777276047
