,Accuracy,F1 (micro),Average KL,Average PearsonCorr
Global,0.940272,0.940272,1.2841447145800489,0.6455418338794472
