,Accuracy,F1 (micro),Average KL,Average PearsonCorr
Global,0.6211479999999999,0.6211479999999999,0.6886553465818448,0.8681680025952719
