,Accuracy,F1 (micro),Average KL,Average PearsonCorr
Global,0.705994,0.705994,0.016573614693092747,0.9765542639873763
