,Accuracy,F1 (micro),Average KL,Average PearsonCorr,Average RMSE
Global,0.668362,0.6683619999999999,0.5194639367656398,-0.0943729667372078,0.042725182087509
