,Accuracy,F1 (micro),Average KL,Average PearsonCorr
Global,0.6023299999999999,0.6023299999999999,0.2781375768803356,0.9328260113810561
