,Accuracy,F1 (micro),Average KL,Average PearsonCorr,Average RMSE
Global,0.8484019999999999,0.8484019999999999,0.3302049194636339,-0.5265583117311807,0.018445270363560563
