Groups,Prob,T(g),Entropy,Diag Mean,KL to I,I similar % (JS),Accuracy,F1 (micro)
0.0,0.20206502601504325,19.7,1.2719397395849228,0.6365207940340042,0.5022226138647807,0.7759505378237812,0.68081,0.6808100000000001
1.0,0.29348466396331785,29.0,1.3112019717693328,0.6210614204406738,0.5372616096657129,0.7630059242778767,0.6928,0.6928
2.0,0.21521130353212356,21.0,1.1162242859601974,0.6805687636137009,0.44873833219225656,0.801167032889642,0.65581,0.65581
3.0,0.28923899233341216,28.6,1.2179439604282378,0.6628354042768478,0.45270651073813817,0.7955219065741442,0.69656,0.6965600000000001
