,Accuracy,F1 (micro)
Global,0.72435,0.7243499999999999
