Groups,Prob,T(g),Entropy,Diag Mean,KL to I,I similar % (JS),Accuracy,F1 (micro)
0.0,0.22410309463739395,21.8,1.4507522106170654,0.5931775093078613,0.5308420503870609,0.75639619751056,0.7413399999999999,0.7413399999999999
1.0,0.2869809791445732,28.2,1.4359829783439637,0.5983056128025055,0.5228041236849155,0.7598664364801977,0.7432799999999999,0.7432799999999999
2.0,0.27920235637575386,27.4,1.463198757171631,0.587858447432518,0.5424503618466774,0.7519154227324042,0.74203,0.74203
3.0,0.20971355959773064,20.4,1.4293305158615113,0.6014549791812897,0.5180172106227857,0.7619614752620144,0.74228,0.74228
