,Accuracy,F1 (micro)
Global,0.7483700000000001,0.7483700000000001
