ACC imiting Annotator,CE imiting Annotator
0.4474231966488347,1.6780713213883598
