,Accuracy,F1 (micro),Average KL,Average PearsonCorr,Average RMSE
Global,0.806626,0.806626,0.15910910812310586,-0.0981495793145584,0.034725567540238464
