,Accuracy,F1 (micro),Average KL,Average PearsonCorr
Global,0.8177580000000001,0.8177580000000001,0.014746683498803348,0.9822678314370176
