,Accuracy,F1 (micro)
Global,0.71596,0.7159600000000002
