Groups,Prob,T(g),Entropy,Diag Mean,KL to I,I similar % (JS),Accuracy,F1 (micro)
0.0,0.27945786863565447,558.4,1.4517654061317444,0.5643486499786377,0.632452608372838,0.722981298602228,0.7153700000000001,0.7153700000000001
1.0,0.22159887254238128,442.7,1.1503440856933593,0.6809698194265366,0.43352121677072936,0.8053354020065694,0.7251500000000001,0.7251500000000001
2.0,0.2556088134646416,510.8,1.1161051779985427,0.6955366194248199,0.41140644482020344,0.814893317644558,0.71962,0.71962
3.0,0.24333443194627763,486.2,1.3706054091453552,0.580618754029274,0.635487264628449,0.7274629699513258,0.66882,0.66882
