,Accuracy,F1 (micro),Average KL,Average PearsonCorr
Global,0.8178620000000001,0.8178620000000001,0.04936745262519155,0.9529878550117401
