,Accuracy,F1 (micro)
Global,0.5859800000000001,0.5859800000000001
