,Accuracy,F1 (micro),Average KL,Average PearsonCorr
Global,0.638798,0.638798,0.8171132992954149,0.7467292626464516
