,Accuracy,F1 (micro),Average KL,Average PearsonCorr
Global,0.6211479999999999,0.6211479999999999,0.2288452700725756,0.9440785964902254
