,Accuracy,F1 (micro),Average KL,Average PearsonCorr,Average RMSE
Global,0.8005840000000001,0.8005840000000001,0.30440211432201564,-0.1924611241525415,0.0349230609122742
