,Accuracy,F1 (micro),Average KL,Average PearsonCorr,Average RMSE
Global,0.764972,0.764972,0.010246638886546694,0.9816085653097595,0.07304017298119396
