,Accuracy,F1 (micro),Average KL,Average PearsonCorr,Average RMSE
Global,0.7330760000000002,0.733076,0.228231901780349,0.10783415544883228,0.03846398739907424
