ACC imiting Annotator,CE imiting Annotator
0.3784784737546345,1.8516631115808309
