,Accuracy,F1 (micro),Average KL,Average PearsonCorr,Average RMSE
Global,0.84474,0.84474,0.3983980753731025,-0.3128017500097777,0.02452330242837738
