ACC imiting Annotator,CE imiting Annotator
0.4566369262253353,1.6712171630690098
