ACC imiting Annotator,CE imiting Annotator
0.4418562663804228,1.7006199862857372
