,Accuracy,F1 (micro),Average KL,Average PearsonCorr
Global,0.84672,0.84672,0.7253553686110432,0.8227471001687097
