ACC imiting Annotator,CE imiting Annotator
0.4090634554547245,1.7704896114740591
