,Accuracy,F1 (micro),Average KL,Average PearsonCorr
Global,0.70362,0.70362,0.5409459457552247,0.7883711739778347
