,Accuracy,F1 (micro),Average KL,Average PearsonCorr
Global,0.8178620000000001,0.8178620000000001,0.8042934309045933,0.715008967334217
