ACC imiting Annotator,CE imiting Annotator
0.41984852132415734,1.6833213918411378
