ACC imiting Annotator,CE imiting Annotator
0.4648754425216731,1.7043428068351205
