,Accuracy,F1 (micro),Average KL,Average PearsonCorr
Global,0.8062500000000001,0.80625,0.01282724708340775,0.9731701973585123
