,Accuracy,F1 (micro)
Global,0.72838,0.7283799999999998
