,Accuracy,F1 (micro)
Global,0.74172,0.7417199999999999
