,Accuracy,F1 (micro)
Global,0.5206200000000001,0.5206200000000001
