,Accuracy,F1 (micro)
Global,0.850793650793651,0.8507936507936508
