ACC imiting Annotator,CE imiting Annotator
0.6235058437386026,0.7920039751117868
