,Accuracy,F1 (micro)
Global,0.8786935286935288,0.8786935286935288
