,Accuracy,F1 (micro),Average KL,Average PearsonCorr,Average RMSE
Global,0.6298127798127797,0.6298127798127797,0.960421563791351,0.312068508833687,0.15834354018624436
