,Accuracy,F1 (micro)
Global,0.7921855921855924,0.7921855921855924
