Groups,Entropy,Diag Mean,KL to I,I similar % (JS),Accuracy,F1 (micro)
0.0,0.25933400392532346,0.6808441147208214,1.105867892151437,0.7288305230013146,0.6688034188034186,0.6688034188034186
1.0,0.2860563535243273,0.8272724255919457,0.523184312698109,0.8696463163843889,0.8206959706959708,0.8206959706959708
2.0,0.29278928935527804,0.797306515276432,0.6997104038900306,0.8436499413831259,0.838949938949939,0.838949938949939
