Groups,Entropy,Diag Mean,KL to I,I similar % (JS),Accuracy,F1 (micro)
0.0,0.3305925577878952,0.8415709853172302,0.2971795047395922,0.8971148967488801,0.7914529914529915,0.7914529914529915
1.0,0.2701378470286727,0.8672001838684082,0.2690875970428956,0.9131517251193664,0.8108669108669112,0.8108669108669112
2.0,0.4175346903502941,0.7918643295764923,0.3619733136541209,0.8680329783757872,0.6841880341880341,0.6841880341880341
