,Accuracy,F1 (micro),Average KL,Average PearsonCorr
Global,0.6254782254782255,0.6254782254782254,0.2819550380699831,0.8473107724142193
