Groups,Entropy,Diag Mean,KL to I,I similar % (JS),Accuracy,F1 (micro)
0.0,0.4597960725426674,0.6319113366305829,1.2871878762324989,0.7178481739585165,0.6657509157509156,0.6657509157509156
1.0,0.4516392558813095,0.6186293795704841,1.316031729735427,0.7052357189405287,0.7287545787545787,0.7287545787545787
2.0,0.4540795832872391,0.6269202113151551,1.3045206913721739,0.7128113157541172,0.7054945054945054,0.7054945054945054
