,Accuracy,F1 (micro)
Global,0.7293650793650793,0.7293650793650793
