,Accuracy,F1 (micro)
Global,0.8617216117216119,0.8617216117216119
