,Accuracy,F1 (micro),Average KL,Average PearsonCorr,Average RMSE
Global,0.7838217338217337,0.7838217338217337,0.6839799634699529,0.23261100597459036,0.09453377092946053
