,Accuracy,F1 (micro),Average KL,Average PearsonCorr
Global,0.9032763532763532,0.9032763532763532,0.19153430537072963,0.8508458858137976
