,Accuracy,F1 (micro),Average KL,Average PearsonCorr
Global,0.9255799755799756,0.9255799755799756,0.7284451463661938,
