ACC imiting Annotator,CE imiting Annotator
0.6662322904018825,0.7439346597646475
