,Accuracy,F1 (micro),Average KL,Average PearsonCorr,Average RMSE
Global,0.7251933251933252,0.7251933251933252,0.1214013440967762,0.8569002572508465,0.16090110022264578
