,Accuracy,F1 (micro),Average KL,Average PearsonCorr,Average RMSE
Global,0.80014245014245,0.80014245014245,0.6991854808767215,0.2771247548831405,0.14761203890035582
