,Accuracy,F1 (micro)
Global,0.7326007326007326,0.7326007326007326
