ACC imiting Annotator,CE imiting Annotator
0.6317243648748139,0.7962763151453209
