Groups,Entropy,Diag Mean,KL to I,I similar % (JS),Accuracy,F1 (micro)
0.0,0.4120622217655182,0.7347190715372562,0.6986840260455213,0.8079515390796661,0.7964590964590965,0.7964590964590965
1.0,0.40171056166291236,0.7319687873125076,0.698670618091788,0.8065270559516031,0.7940781440781443,0.7940781440781443
2.0,0.41258296370506287,0.7409991979598999,0.691690538736985,0.8146737337658854,0.7974969474969476,0.7974969474969476
