,Accuracy,F1 (micro)
Global,0.7216117216117215,0.7216117216117215
