,Accuracy,F1 (micro)
Global,0.8069597069597071,0.8069597069597071
