ACC imiting Annotator,CE imiting Annotator
0.6623203069290067,0.7722285954783634
