,Accuracy,F1 (micro),Average KL,Average PearsonCorr
Global,0.6254782254782255,0.6254782254782254,1.255273182765167,0.40637411869682694
