ACC imiting Annotator,CE imiting Annotator
0.6398956128684867,0.7756999528424304
