Groups,Entropy,Diag Mean,KL to I,I similar % (JS),Accuracy,F1 (micro)
0.0,0.32709729224443435,0.8660224512219429,0.24791363457863896,0.9171508431727599,0.8146520146520148,0.8146520146520148
1.0,0.3385878689587116,0.8398969143629074,0.3018733501928046,0.8973809608793262,0.7843101343101344,0.7843101343101344
2.0,0.3451372362673283,0.8359294667840004,0.30888105351337086,0.8944683930950165,0.7991452991452992,0.7991452991452992
