,Accuracy,F1 (micro),Average KL,Average PearsonCorr
Global,0.9216727716727717,0.9216727716727717,0.17121923624228552,0.8563425998826725
