,Accuracy,F1 (micro)
Global,0.6403540903540905,0.6403540903540905
