,Accuracy,F1 (micro)
Global,0.9338217338217338,0.9338217338217338
