Groups,Entropy,Diag Mean,KL to I,I similar % (JS),Accuracy,F1 (micro)
0.0,0.3579925563186407,0.7999007806181908,0.4035631165172571,0.8672601076415057,0.6575091575091574,0.6575091575091574
1.0,0.3597638621926308,0.8064784318208694,0.4042471914439818,0.8718352409600418,0.7050061050061049,0.7050061050061049
2.0,0.3167344259098172,0.7991839870810509,0.45995060462361803,0.8598711743244879,0.7133089133089132,0.7133089133089132
