,Accuracy,F1 (micro),Average KL,Average PearsonCorr,Average RMSE
Global,0.8421245421245421,0.8421245421245421,0.735580989252692,0.35046031166530867,0.1139458368493714
