,Accuracy,F1 (micro),Average KL,Average PearsonCorr,Average RMSE
Global,0.873972323972324,0.873972323972324,0.6585012754525896,0.16894798066264066,0.09305158032350144
