,Accuracy,F1 (micro),Average KL,Average PearsonCorr
Global,0.6960520960520962,0.6960520960520962,0.22135209383222548,0.8403672240632332
