ACC imiting Annotator,CE imiting Annotator
0.641548156968649,0.8386559210875533
