,Accuracy,F1 (micro),Average KL,Average PearsonCorr,Average RMSE
Global,0.8520757020757019,0.8520757020757019,0.6790545811779738,0.15991841916527552,0.08888500442549663
