,Accuracy,F1 (micro),Average KL,Average PearsonCorr
Global,0.7307895807895808,0.7307895807895808,0.2770740128673368,0.8386098905744935
