ACC imiting Annotator,CE imiting Annotator
0.6222114475048492,0.8675814938889153
