,Accuracy,F1 (micro)
Global,0.9063492063492065,0.9063492063492065
