ACC imiting Annotator,CE imiting Annotator
0.6445451941256157,0.7816823769153567
