ACC imiting Annot mean,Cross-entropy mean,ACC imiting Annot wmean,Cross entropy wmean
0.7940452820311475,0.5846704316627338,0.7940452820311475,0.5846704316627338
