,Accuracy,F1 (micro),F1 (macro)
All,0.8251402918069585,0.8251402918069585,0.8181909424372807
