ACC imiting Annot mean,Cross-entropy mean,ACC imiting Annot wmean,Cross entropy wmean
0.7933254809579897,0.5849601481238189,0.7933254809579896,0.5849601481238189
