ACC imiting Annot mean,Cross-entropy mean,ACC imiting Annot wmean,Cross entropy wmean
0.004187708572678937,0.007844183966893934,0.004187708572678928,0.00784418396689393
