,Accuracy,F1 (micro),F1 (macro),(R) NormF mean,(R) JS mean,(R) NormF w,(R) JS w,(G) NormF,(G) JS
All,0.01892279636370434,0.01892279636370434,0.01512478564278582,0.0,0.0,0.0,0.0,1.942890293094024e-16,1.6653345369377348e-16
