ACC imiting Annot mean,Cross-entropy mean,ACC imiting Annot wmean,Cross entropy wmean
0.9760371679099593,0.1313578211387799,0.9760371679099593,0.1313578211387799
