ACC imiting Annot mean,Cross-entropy mean,ACC imiting Annot wmean,Cross entropy wmean
0.8863237796099988,0.286119869670089,0.8863237796099988,0.28611986967008907
