,Accuracy,F1 (micro),F1 (macro)
All,0.008693972812675609,0.00869397281267561,0.009439956224224838
