ACC imiting Annot mean,Cross-entropy mean,ACC imiting Annot wmean,Cross entropy wmean
0.945648475330454,0.25681221709892876,0.945648475330454,0.25681221709892876
