,Accuracy,F1 (micro),F1 (macro),(R) NormF mean,(R) JS mean,(R) NormF w,(R) JS w,(G) NormF,(G) JS,RMSE mean,RMSE w
All,0.02746480576220329,0.027464805762203295,0.03680294400197024,0.0002864557744572402,0.00038033628160972756,0.00028645577445723925,0.0003803362816097268,5.4865607625887604e-05,0.00018926370254325722,0.0,0.0
