,Accuracy,F1 (micro),F1 (macro)
All,0.13383838383838384,0.13383838383838384,0.0875983906286717
