,Accuracy,F1 (micro),F1 (macro)
All,0.03181527440363417,0.03181527440363418,0.05164820645914937
