ACC imiting Annot mean,Cross-entropy mean,ACC imiting Annot wmean,Cross entropy wmean
0.004508111533382759,0.005735902869192199,0.0045081115333827455,0.005735902869192216
