,Accuracy,F1 (micro),F1 (macro),(R) NormF mean,(R) JS mean,(R) NormF w,(R) JS w,(G) NormF,(G) JS,RMSE mean,RMSE w
All,0.8432333333333333,0.8432333333333333,0.837908912422248,0.27770588258073564,0.4934035483777769,0.27770588258073564,0.4934035483777769,0.07710672765426065,0.04667038034007884,0.18433451118963481,0.18433451118963487
