,Accuracy,F1 (micro),F1 (macro)
All,0.8264870931537595,0.8264870931537595,0.8196231323478901
