,Accuracy,F1 (micro),F1 (macro),(R) NormF mean,(R) JS mean,(R) NormF w,(R) JS w,(G) NormF,(G) JS,RMSE mean,RMSE w
All,0.009745711307487465,0.009745711307487463,0.012281618399115082,0.0025210091142262685,0.005330775720615997,0.0025210091142262676,0.005330775720615999,0.004265732178400899,0.004511032115390564,0.005161854360819116,0.005161854360819116
