ACC imiting Annot mean,Cross-entropy mean,ACC imiting Annot wmean,Cross entropy wmean
0.013110756350841019,0.0312646185633381,0.013110756350841003,0.0312646185633381
