,Accuracy,F1 (micro),F1 (macro),(R) NormF mean,(R) JS mean,(R) NormF w,(R) JS w,(G) NormF,(G) JS,RMSE mean,RMSE w
All,0.027300488396119687,0.027300488396119683,0.04081350000002287,0.003967573243456304,0.012253450645332195,0.003967573243456304,0.012253450645332188,0.008235649848437486,0.011203567239696044,0.004134755954996057,0.004134755954996057
