,Accuracy,F1 (micro),F1 (macro)
All,0.017294150648043297,0.017294150648043304,0.02272226180255302
