,Accuracy,F1 (micro),F1 (macro),(R) NormF mean,(R) JS mean,(R) NormF w,(R) JS w,(G) NormF,(G) JS,RMSE mean,RMSE w
All,0.8018666666666665,0.8018666666666665,0.7908340349302541,0.10701708501506392,0.07673303188852466,0.10701708501506392,0.07673303188852466,0.2460334167562967,0.4671894499307873,0.0,0.0
