ACC imiting Annot mean,Cross-entropy mean,ACC imiting Annot wmean,Cross entropy wmean
0.9472451249836407,0.19181035907999233,0.9472451249836407,0.19181035907999233
