,Accuracy,F1 (micro),F1 (macro)
All,0.8330808080808079,0.8330808080808079,0.827501571839864
