,Accuracy,F1 (micro),F1 (macro),(R) NormF mean,(R) JS mean,(R) NormF w,(R) JS w,(G) NormF,(G) JS
All,0.006122817071323375,0.006122817071323379,0.006334542332348222,1.1102230246251565e-16,1.1102230246251565e-16,1.1102230246251565e-16,1.6653345369377348e-16,2.0816681711721685e-17,6.938893903907228e-18
