,Accuracy,F1 (micro),F1 (macro),(R) NormF mean,(R) JS mean,(R) NormF w,(R) JS w,(G) NormF,(G) JS,RMSE mean,RMSE w
All,0.7663999999999997,0.7663999999999997,0.7168492384347819,0.22675208226930918,0.3365101434129149,0.22675208226930918,0.3365101434129148,0.1375886098532994,0.1661769813627948,0.03697160057584085,0.036971600575840854
