,Accuracy,F1 (micro),F1 (macro)
All,0.014043090747130916,0.014043090747130952,0.022111522163218628
