,Accuracy,F1 (micro),F1 (macro)
All,0.01340461603094264,0.013404616030942635,0.01721153013181341
