,Accuracy,F1 (micro),F1 (macro)
All,0.7790404040404041,0.7790404040404041,0.7627639931390021
