,Accuracy,F1 (micro),F1 (macro)
All,0.0283215073419103,0.028321507341910294,0.03963509978173518
