,Accuracy,F1 (micro),F1 (macro)
All,0.014189016535515683,0.014189016535515684,0.012770227802006857
