,Accuracy,F1 (micro),F1 (macro)
All,0.9318181818181818,0.9318181818181818,0.9323917439952503
