,Accuracy,F1 (micro),F1 (macro)
All,0.013153836430063836,0.01315383643006384,0.0150551186467176
