,Accuracy,F1 (micro),F1 (macro),(R) NormF mean,(R) JS mean,(R) NormF w,(R) JS w,(G) NormF,(G) JS,RMSE mean,RMSE w
All,0.7788333333333333,0.7788333333333333,0.7601704945499275,0.10723051643263544,0.07702208825930348,0.10723051643263544,0.07702208825930348,0.24605141272414635,0.4672495939350446,0.0,0.0
