Groups,Prob,T(g),Entropy,Diag mean,Isim (JS),S_raykar,S_bias,C_bias,Iner JS,Iner NormF,Accuracy,F1 (micro)
0.0,0.3644154439369837,927.7333333333333,0.4944700839409241,0.8714598709212129,0.9168513997733023,0.8530969953385288,0.02157725688786749,2.9,0.38485943254342875,0.27769543616778003,0.7943883277216612,0.7943883277216612
1.0,0.31514332791169486,802.1666666666666,0.7228000549410727,0.5841577180733999,0.6448592484961565,0.5247516777981712,0.1211973052529809,3.3,0.38485943254342875,0.27769543616778003,0.5879349046015712,0.5879349046015712
2.0,0.3204411824544271,815.6333333333333,0.7080848276558687,0.546286135795801,0.6047889348798007,0.4814698694809155,0.16305554760988858,1.8,0.38485943254342875,0.27769543616778003,0.5661054994388327,0.5661054994388327
