,Accuracy,F1 (micro),F1 (macro)
All,0.8178731762065096,0.8178731762065096,0.8133348467484893
