,Accuracy,F1 (micro),F1 (macro)
All,0.030293468167517545,0.03029346816751753,0.04687254746796688
