,Accuracy,F1 (micro),F1 (macro)
All,0.010146463699857647,0.010146463699857637,0.011416251502573992
