,Accuracy,F1 (micro),F1 (macro)
All,0.7891975308641975,0.7891975308641975,0.7468771866230871
