,Accuracy,F1 (micro),F1 (macro),(R) NormF mean,(R) JS mean,(R) NormF w,(R) JS w,(G) NormF,(G) JS,RMSE mean,RMSE w
All,0.8470666666666666,0.8470666666666666,0.8421302612039039,0.27795833923947305,0.49394757623355623,0.27795833923947305,0.49394757623355623,0.0767475368685845,0.04585546866626403,0.18351001177856296,0.183510011778563
