ACC imiting Annot mean,Cross-entropy mean,ACC imiting Annot wmean,Cross entropy wmean
0.004516177854683603,0.007635309357607894,0.004516177854683578,0.007635309357607903
