,Accuracy,F1 (micro),F1 (macro)
All,0.7982323232323234,0.7982323232323234,0.791070829628487
