,Accuracy,F1 (micro),F1 (macro)
All,0.7628507295173964,0.7628507295173964,0.7085163222839022
