ACC imiting Annot mean,Cross-entropy mean,ACC imiting Annot wmean,Cross entropy wmean
0.002079356173220174,0.005840502286606565,0.0020793561732201623,0.005840502286606561
