,Accuracy,F1 (micro),F1 (macro),(R) NormF mean,(R) JS mean,(R) NormF w,(R) JS w,(G) NormF,(G) JS,RMSE mean,RMSE w
All,0.8154666666666668,0.8154666666666668,0.8103504019030658,0.23165486423070503,0.3592210145024323,0.23165486423070508,0.3592210145024323,0.16991380822841576,0.2112413391208206,0.09733019238319589,0.09733019238319589
