,Accuracy,F1 (micro),F1 (macro)
All,0.02119808738907519,0.021198087389075186,0.01626686549647726
