ACC imiting Annot mean,Cross-entropy mean,ACC imiting Annot wmean,Cross entropy wmean
0.004383383351917088,0.012115281825440393,0.0043833833519170825,0.012115281825440395
