,Accuracy,F1 (micro),F1 (macro),(R) NormF mean,(R) JS mean,(R) NormF w,(R) JS w,(G) NormF,(G) JS,RMSE mean,RMSE w
All,0.013656744365575091,0.013656744365575109,0.021723429683492793,0.006214254374153173,0.018167496925263437,0.006214254374153173,0.018167496925263434,0.005439244901206554,0.01156910599894193,0.011555308308975994,0.011555308308975993
