,Accuracy,F1 (micro),F1 (macro),(R) NormF mean,(R) JS mean,(R) NormF w,(R) JS w,(G) NormF,(G) JS,RMSE mean,RMSE w
All,0.016566901406787647,0.016566901406787647,0.019584129146269367,0.0024025236789509486,0.004822111532623666,0.002402523678950942,0.004822111532623654,0.004675021312682936,0.005475188325091627,0.005107666860761495,0.005107666860761495
