Groups,Prob,T(g),Entropy,Diag mean,Isim (JS),S_raykar,S_bias,C_bias,Iner JS,Iner NormF,Accuracy,F1 (micro)
0.0,0.15140749961137773,385.3,1.5933026448479042,0.22120486451280374,0.3409846147663239,0.10994841658606141,0.3074738987280681,4.866666666666666,0.5400501041990764,0.3189617328361945,0.2085297418630752,0.2085297418630752
1.0,0.1863460559397936,474.1333333333333,1.0880769825989562,0.18381303755560316,0.27409594746930066,0.0672149000635465,0.3999293941139739,3.5,0.5400501041990764,0.3189617328361945,0.26986531986531986,0.26986531986531986
2.0,0.6622484743595123,1686.2333333333333,0.7125579870627919,0.6955523377502542,0.750998079000672,0.652059814571719,0.07145057990403927,5.4,0.5400501041990764,0.3189617328361945,0.6292929292929295,0.6292929292929295
