,Accuracy,F1 (micro),F1 (macro)
All,0.8029741863075198,0.8029741863075198,0.7958639515292878
