,Accuracy,F1 (micro),F1 (macro),(R) NormF mean,(R) JS mean,(R) NormF w,(R) JS w,(G) NormF,(G) JS,RMSE mean,RMSE w
All,0.007459818287926882,0.007459818287926884,0.007863604299493043,0.0013198219926885669,0.0034881015829405586,0.0013198219926885669,0.003488101582940552,0.0015660051087108043,0.003334732787407549,0.0026187995517318093,0.002618799551731811
