,Accuracy,F1 (micro)
Global,0.7651404151404152,0.7651404151404152
