ACC imiting Annotator,CE imiting Annotator
0.6322234629175012,0.8051865147145001
