Groups,Prob,T(g),Entropy,Diag Mean,KL to I,I sim %(JS),Spammer,Accuracy,F1 (micro)
0.0,0.40442912057042124,39.95,0.39737689569592477,0.5873690098524094,1.3640066936573594,0.6710294113699886,0.2540356947109103,0.6747252747252749,0.6747252747252749
1.0,0.31895817816257477,31.45,0.39315599724650385,0.5571260441094636,1.336039339809161,0.6495401381289265,0.22379269753582776,0.7123321123321122,0.7123321123321122
2.0,0.2766126967966557,27.05,0.38986391574144363,0.5506216835230588,1.3987419836341288,0.6363558771048663,0.21728834981913678,0.6850427350427349,0.6850427350427349
