ACC imiting Annotator,CE imiting Annotator
0.5424375281096825,0.9276084542274475
