,Accuracy,F1 (micro)
Global,0.668925518925519,0.668925518925519
