,Accuracy,F1 (micro)
Global,0.5502442002442003,0.5502442002442003
