,Accuracy,F1 (micro),Mean KL,Mean JS,Mean PearsonCorr,Average RMSE
Global,0.5845746845746845,0.5845746845746845,0.1273515330747242,0.037827255571483864,0.8601154554534235,0.1734327719592516
