,Accuracy,F1 (micro),Mean KL,Mean JS,Mean PearsonCorr
Global,0.489092389092389,0.489092389092389,0.9497124416202881,0.10574136179726482,0.6964912303468511
