,Accuracy,F1 (micro)
Global,0.5224053724053725,0.5224053724053725
