,Accuracy,F1 (micro),Mean KL,Mean JS,Mean PearsonCorr
Global,0.5066341066341066,0.5066341066341066,1.4678243142276617,0.15083679177182224,0.28245021199514253
