,Accuracy,F1 (micro),Mean KL,Mean JS,Mean PearsonCorr
Global,0.5020350020350022,0.5020350020350022,0.27955730186840616,0.07737667343389602,0.9387789755442169
