,Accuracy,F1 (micro),Mean KL,Mean JS,Mean PearsonCorr,Average RMSE
Global,0.6082010582010583,0.6082010582010583,0.015845496817743138,0.004323616443604567,0.8893450498677218,0.11377858748824858
