Groups,Prob,T(g),Entropy,Diag Mean,KL to I,I sim %(JS),Spammer,Accuracy,F1 (micro)
0.0,0.3454364873468876,33.95,0.5039899677038193,0.5671607375144958,1.3502681479218532,0.6669015936182896,0.23382739977678285,0.6489010989010987,0.6489010989010987
1.0,0.3823040805757046,37.85,0.4997584596276283,0.5752019997686147,1.3696369975813847,0.6723017331026936,0.24186868187971414,0.6686813186813186,0.6686813186813186
2.0,0.2722594376653433,26.7,0.519578605890274,0.570885506644845,1.2787430633322887,0.6721572690757293,0.2375521719455719,0.6368742368742368,0.6368742368742368
