Groups,Prob,T(g),Entropy,Diag Mean,KL to I,I sim %(JS),Spammer,Accuracy,F1 (micro)
0.0,0.29005328193306923,579.65,0.323819487541914,0.5635263606905937,1.5487155918027196,0.6352165070473912,0.2301930211018771,0.6074481074481074,0.6074481074481074
1.0,0.4180702492594719,835.7,0.2882263775914907,0.631902239471674,1.3423722671475573,0.6923907496784963,0.29856889569200573,0.6329059829059828,0.6329059829059829
2.0,0.29187646582722665,583.3,0.29933863766491414,0.5787563709542155,1.4160611367817686,0.6491522391951691,0.24542303793132306,0.5904151404151403,0.5904151404151403
