ACC imiting Annotator,CE imiting Annotator
0.649482642257281,0.7384064154366083
