,Accuracy,F1 (micro),Mean KL,Mean JS,Mean PearsonCorr,Average RMSE
Global,0.7584656084656085,0.7584656084656085,0.8271138455603179,0.10250208788920234,0.4120601564738897,0.1474934883157097
