,Accuracy,F1 (micro)
Global,0.9251119251119251,0.9251119251119251
