,Accuracy,F1 (micro),Mean KL,Mean JS,Mean PearsonCorr,Average RMSE
Global,0.5632682132682132,0.5632682132682132,0.8979710955667481,0.1267559970459268,0.45946809828011953,0.21791149448393693
