,Accuracy,F1 (micro)
Global,0.5463369963369963,0.5463369963369963
