,Accuracy,F1 (micro)
Global,0.7064102564102565,0.7064102564102565
