,Accuracy,F1 (micro)
Global,0.643833943833944,0.643833943833944
