,Accuracy,F1 (micro),Mean KL,Mean JS,Mean PearsonCorr,Average RMSE
Global,0.7325803825803826,0.7325803825803826,0.7089788067658934,0.09825100198268014,0.3953736737645734,0.06016067734355146
