,Accuracy,F1 (micro)
Global,0.6832112332112333,0.6832112332112333
