,Accuracy,F1 (micro)
Global,0.7296703296703297,0.7296703296703297
