Groups,Prob,T(g),Entropy,Diag Mean,KL to I,I sim %(JS),Spammer,Accuracy,F1 (micro)
0.0,0.3345059908926487,32.85,0.38515352495014665,0.7184490367770195,0.8551781977680679,0.7907410508164533,0.3851157197263092,0.6921855921855921,0.6921855921855921
1.0,0.3868455126881599,38.15,0.3748684715479612,0.6997052073478699,0.9248758500647518,0.7723658931108793,0.36637187041342256,0.7352869352869353,0.7352869352869353
2.0,0.27864849381148815,27.35,0.42145723253488543,0.6728853210806847,0.9445821305162394,0.7539847512989074,0.3395519834011793,0.6793650793650793,0.6793650793650793
