ACC imiting Annotator,CE imiting Annotator
0.6179153751397728,0.8232876135130329
