,Accuracy,F1 (micro),Mean KL,Mean JS,Mean PearsonCorr,Average RMSE
Global,0.6773911273911273,0.6773911273911273,0.018171606094325804,0.0053482016122799346,0.990088479438205,0.18774647339940614
