,Accuracy,F1 (micro)
Global,0.8768009768009769,0.8768009768009769
