,Accuracy,F1 (micro)
Global,0.6191086691086692,0.6191086691086692
