,Accuracy,F1 (micro),Mean KL,Mean JS,Mean PearsonCorr
Global,0.4961945461945462,0.4961945461945462,1.9946475560026844,0.1480861721702451,0.4388445944357883
