ACC imiting Annotator,CE imiting Annotator
0.6632616388115512,0.7232715069350137
