ACC imiting Annotator,CE imiting Annotator
0.5926390247361856,0.829369592573024
