Groups,Prob,T(g),Entropy,Diag Mean,KL to I,I sim %(JS),Spammer,Accuracy,F1 (micro)
0.0,0.3649216316640377,36.0,0.3563952371478081,0.6977559320628643,0.852488270044741,0.7709156899128994,0.3644225999712944,0.671062271062271,0.6710622710622711
1.0,0.29683232232928275,29.1,0.32408766485750673,0.6861021757125855,0.9935480852664285,0.7467360647851216,0.3527688357979059,0.6517094017094016,0.6517094017094016
2.0,0.33824604414403436,33.35,0.29650101698935033,0.6225857665762305,1.2718113380691847,0.681415049306562,0.2892524400725961,0.6003052503052502,0.6003052503052502
