ACC imiting Annotator,CE imiting Annotator
0.6306075069982653,0.7374923389661514
