ACC imiting Annotator,CE imiting Annotator
0.6126001741101852,0.8487702906131744
