,Accuracy,F1 (micro),Mean KL,Mean JS,Mean PearsonCorr,Average RMSE
Global,0.6791208791208792,0.6791208791208792,0.6363936318843474,0.089655195445211,0.37735134436398676,0.17206627891651527
