,Accuracy,F1 (micro)
Global,0.6106837606837606,0.6106837606837606
