,Accuracy,F1 (micro)
Global,0.45073260073260063,0.45073260073260063
