,Accuracy,F1 (micro),Mean KL,Mean JS,Mean PearsonCorr
Global,0.6098494098494098,0.6098494098494098,0.8903337457732261,0.09027321911336897,0.6916372485794853
