ACC imiting Annotator,CE imiting Annotator
0.6831901467659239,0.7367874351624722
