,Accuracy,F1 (micro),Mean KL,Mean JS,Mean PearsonCorr
Global,0.6098494098494098,0.6098494098494098,1.4664186350205106,0.13260794591623173,0.3807349505231957
