,Accuracy,F1 (micro),Mean KL,Mean JS,Mean PearsonCorr,Average RMSE
Global,0.5471102971102971,0.5471102971102971,0.9161314432807373,0.12963968909009935,0.33260187006688147,0.24444439631893305
