,Accuracy,F1 (micro)
Global,0.8207570207570211,0.8207570207570208
