,Accuracy,F1 (micro),Mean KL,Mean JS,Mean PearsonCorr,Average RMSE
Global,0.6091371591371592,0.6091371591371592,0.9440379301802903,0.130521693573169,0.23918948347615995,0.2149140368235225
