,Accuracy,F1 (micro)
Global,0.7603174603174605,0.7603174603174605
