,Accuracy,F1 (micro),Mean KL,Mean JS,Mean PearsonCorr,Average RMSE
Global,0.5197191697191695,0.5197191697191695,0.16358120632513712,0.04804583079569368,0.8296128253707924,0.20987603649879388
