,Accuracy,F1 (micro),Mean KL,Mean JS,Mean PearsonCorr,Average RMSE
Global,0.6999389499389499,0.6999389499389499,0.7086843612737714,0.09533967912663659,0.5486660783228554,0.0705889074822563
