ACC imiting Annotator,CE imiting Annotator
0.6690729282405516,0.7298508971411828
