,Accuracy,F1 (micro),Mean KL,Mean JS,Mean PearsonCorr
Global,0.5130850630850631,0.5130850630850631,0.23612635875229962,0.06422604438786397,0.8336728243895326
