,Accuracy,F1 (micro),Mean KL,Mean JS,Mean PearsonCorr
Global,0.6321733821733821,0.6321733821733821,1.338511663268412,0.12858418494987536,0.4189660625320381
