,Accuracy,F1 (micro),Mean KL,Mean JS,Mean PearsonCorr
Global,0.8667887667887669,0.8667887667887669,0.010667890295660785,0.0024943953813840692,0.9887580319802043
