,Accuracy,F1 (micro),Mean KL,Mean JS,Mean PearsonCorr,Average RMSE
Global,0.7229548229548228,0.7229548229548228,0.6932713570604798,0.09671846184712013,0.4380281838225586,0.10353738955503008
