,Accuracy,F1 (micro)
Global,0.9093406593406594,0.9093406593406594
