Groups,Prob,T(g),Entropy,Diag Mean,KL to I,I sim %(JS),Spammer,Accuracy,F1 (micro)
0.0,0.3468256540596485,693.2,0.3082821939140558,0.8176183804869652,0.3764495279504903,0.8786626360476368,0.4842850467190146,0.7391330891330891,0.7391330891330891
1.0,0.33102453872561455,661.6,0.3560300789773464,0.7924247518181801,0.39924485060997633,0.8634529949551022,0.459091411344707,0.6802197802197802,0.6802197802197802
2.0,0.3221498042345047,643.8,0.36271245330572127,0.7517211169004441,0.49874809638249973,0.8283417047902504,0.41838777661323545,0.6628205128205129,0.6628205128205129
