,Accuracy,F1 (micro)
Global,0.6228937728937728,0.6228937728937728
