,Accuracy,F1 (micro),Mean KL,Mean JS,Mean PearsonCorr,Average RMSE
Global,0.8124949124949123,0.8124949124949123,0.6752778127549217,0.09699866082066659,0.27916446473012846,0.14717607131317287
