,Accuracy,F1 (micro)
Global,0.8993284493284495,0.8993284493284495
