,Accuracy,F1 (micro)
Global,0.6814407814407815,0.6814407814407815
