ACC imiting Annotator,CE imiting Annotator
0.6078956302268554,0.8715468257665634
