,Accuracy,F1 (micro),Mean KL,Mean JS,Mean PearsonCorr,Average RMSE
Global,0.6224867724867724,0.6224867724867724,0.7878318070863963,0.10850976601035356,0.4465693466213908,0.08548196135353602
