Groups,Prob,T(g),Entropy,Diag Mean,KL to I,I sim %(JS),Spammer,Accuracy,F1 (micro)
0.0,0.3665070407092571,36.15,0.2640440370887518,0.632043943926692,1.3084844834879863,0.6870396307971799,0.2987106160260737,0.6143467643467643,0.6143467643467643
1.0,0.3012629307806492,29.7,0.32122553028166295,0.7502878040075303,0.6765309205987251,0.8113028118319663,0.41695447340607644,0.6978632478632478,0.6978632478632478
2.0,0.3322300210595131,32.75,0.3413877196609974,0.6837365016341209,0.9098897269175501,0.7552863346828043,0.35040316004306077,0.6910256410256411,0.691025641025641
