,Accuracy,F1 (micro),Mean KL,Mean JS,Mean PearsonCorr
Global,0.5020350020350022,0.5020350020350022,1.8957924049790957,0.15696779140499806,0.27028256868320033
