,Accuracy,F1 (micro),Mean KL,Mean JS,Mean PearsonCorr
Global,0.8194342694342696,0.8194342694342696,0.01708782058573488,0.0033058580908548927,0.9851389937174325
