,Accuracy,F1 (micro),Mean KL,Mean JS,Mean PearsonCorr,Average RMSE
Global,0.7576719576719576,0.7576719576719576,0.6365852574500753,0.0938790244501779,0.3880931589522848,0.10233153113574185
