ACC imiting Annotator,CE imiting Annotator
0.6416488806687546,0.8864526689052582
