,Accuracy,F1 (micro),Mean KL,Mean JS,Mean PearsonCorr,Average RMSE
Global,0.6715506715506716,0.6715506715506716,0.6954060499531232,0.10147005219433285,0.38102063012998233,0.20225393108612497
