ACC imiting Annotator,CE imiting Annotator
0.6352889339338614,0.7944571017535696
