,Accuracy,F1 (micro),Mean KL,Mean JS,Mean PearsonCorr
Global,0.517826617826618,0.517826617826618,2.074645807914075,0.14172386130652906,0.4439773019167167
