,Accuracy,F1 (micro),Mean KL,Mean JS,Mean PearsonCorr
Global,0.7506105006105006,0.7506105006105006,0.8779960213800155,0.03916243147472766,
