ACC imiting Annotator,CE imiting Annotator
0.6052870639013398,0.8057466138554498
