,Accuracy,F1 (micro),Average KL,Average PearsonCorr
Global,0.9087708587708588,0.9087708587708588,0.8496710425000822,0.6761997861078294
