Groups,Entropy,Diag Mean,KL to I,I similar % (JS),Accuracy,F1 (micro)
0.0,0.2592147223651409,0.7215598195791244,0.9784184306247858,0.7662693480376873,0.6796703296703297,0.6796703296703297
1.0,0.2604596335440874,0.832819701731205,0.4628808199517656,0.8752459965808809,0.8443833943833946,0.8443833943833946
2.0,0.2677017468959093,0.8555456094443799,0.3356167111539361,0.9007032024764883,0.84981684981685,0.84981684981685
