Groups,Entropy,Diag Mean,KL to I,I similar % (JS),Accuracy,F1 (micro)
0.0,0.43235222399234774,0.6233726173639298,1.5571316425420985,0.6953441400068039,0.6857142857142856,0.6857142857142856
1.0,0.4328191548585892,0.6259800843894482,1.5655210394140273,0.6972447634909658,0.6799755799755798,0.6799755799755798
2.0,0.4329096540808678,0.6218153029680252,1.5485310383012107,0.6941261993642565,0.7005494505494504,0.7005494505494504
