,Accuracy,F1 (micro)
Global,0.8589133089133091,0.8589133089133091
