,Accuracy,F1 (micro)
Global,0.9379120879120879,0.9379120879120879
