,Accuracy,F1 (micro),Average KL,Average PearsonCorr,Average RMSE
Global,0.8752340252340252,0.8752340252340252,0.7109118569657596,0.18394000648783376,0.11108787028156361
