ACC imiting Annotator,CE imiting Annotator
0.6275309294374737,0.8024769327135978
