,Accuracy,F1 (micro),Average KL,Average PearsonCorr,Average RMSE
Global,0.6108669108669109,0.6108669108669109,1.172757727890951,0.2542276453169644,0.19576635576425888
