,Accuracy,F1 (micro)
Global,0.6174603174603176,0.6174603174603176
