,Accuracy,F1 (micro)
Global,0.5912087912087912,0.5912087912087912
