,Accuracy,F1 (micro),Average KL,Average PearsonCorr,Average RMSE
Global,0.5914326414326413,0.5914326414326413,0.23051335376647444,,0.209772415741288
