Groups,Entropy,Diag Mean,KL to I,I similar % (JS),Accuracy,F1 (micro)
0.0,0.42358076572418213,0.6195063717663288,1.0402168032503438,0.7069306327811709,0.860805860805861,0.860805860805861
1.0,0.4927203953266144,0.5785732373595238,1.1308921952934077,0.679816675724503,0.8324175824175825,0.8324175824175825
2.0,0.4646561458706856,0.6072917889803648,1.0345494945259184,0.7019235538607385,0.8346153846153849,0.8346153846153849
