,Accuracy,F1 (micro),Average KL,Average PearsonCorr,Average RMSE
Global,0.8987586487586487,0.8987586487586487,0.6063906502068716,0.17510366044023032,0.1222617014780973
