ACC imiting Annotator,CE imiting Annotator
0.6512111816812357,0.7781231702726206
