,Accuracy,F1 (micro)
Global,0.9083638583638585,0.9083638583638585
