,Accuracy,F1 (micro)
Global,0.9462759462759462,0.9462759462759462
