,Accuracy,F1 (micro),Average KL,Average PearsonCorr
Global,0.9261497761497763,0.9261497761497763,0.8367158800441794,0.6819237705613787
