,Accuracy,F1 (micro),Average KL,Average PearsonCorr
Global,0.729141229141229,0.729141229141229,0.8954258297246579,0.6738908013386193
