ACC imiting Annotator,CE imiting Annotator
0.6437076702385157,0.789020110702725
