,Accuracy,F1 (micro)
Global,0.8827228327228329,0.8827228327228329
