,Accuracy,F1 (micro)
Global,0.9105616605616607,0.9105616605616607
