,Accuracy,F1 (micro),Average KL,Average PearsonCorr,Average RMSE
Global,0.8547822547822548,0.8547822547822547,0.68518814995554,0.3311585947917156,0.18099042468266002
