ACC imiting Annotator,CE imiting Annotator
0.6321756089678926,0.7878824301471093
