,Accuracy,F1 (micro)
Global,0.686996336996337,0.6869963369963371
