,Accuracy,F1 (micro),Average KL,Average PearsonCorr,Average RMSE
Global,0.6077737077737078,0.6077737077737078,0.2375875211034688,,0.21305471854994912
