ACC imiting Annotator,CE imiting Annotator
0.6772461097572429,0.7284392268323645
