ACC imiting Annotator,CE imiting Annotator
0.6381424944169021,0.8946156912597907
