ACC imiting Annotator,CE imiting Annotator
0.6509596694481083,0.8801666996175855
