Groups,Entropy,Diag Mean,KL to I,I similar % (JS),Accuracy,F1 (micro)
0.0,0.3712705001235008,0.816846489906311,0.24863895798350696,0.8886601244741026,0.724908424908425,0.724908424908425
1.0,0.2504606949165463,0.9123808890581131,0.10404840887894876,0.9509276166629116,0.8421245421245421,0.8421245421245421
2.0,0.3810954406857491,0.8111184298992157,0.25680797686567963,0.8850167006799644,0.6747252747252748,0.6747252747252748
