,Accuracy,F1 (micro),Average KL,Average PearsonCorr,Average RMSE
Global,0.6840048840048839,0.6840048840048839,0.8789012349046216,0.10963750815921758,0.09961619500850724
