,Accuracy,F1 (micro)
Global,0.6056776556776556,0.6056776556776556
