,Accuracy,F1 (micro)
Global,0.7300366300366301,0.7300366300366301
