Groups,Entropy,Diag Mean,KL to I,I similar % (JS),Accuracy,F1 (micro)
0.0,0.30792658030986786,0.8436839587986469,0.29609198415825494,0.8970553036853239,0.8246642246642247,0.8246642246642247
1.0,0.40682344920933244,0.8025200076401233,0.36530236713109054,0.8736438431986002,0.7458485958485958,0.7458485958485959
2.0,0.4263251759111881,0.7787309980019927,0.4514697062125336,0.8549558330278673,0.7768620268620269,0.7768620268620269
