,Accuracy,F1 (micro)
Global,0.6897435897435895,0.6897435897435895
