,Accuracy,F1 (micro),Average KL,Average PearsonCorr,Average RMSE
Global,0.8606023606023605,0.8606023606023605,0.6754653284665549,0.37352357020738514,0.14371325437803834
