,Accuracy,F1 (micro)
Global,0.8677655677655679,0.8677655677655679
