Groups,Entropy,Diag Mean,KL to I,I similar % (JS),Accuracy,F1 (micro)
0.0,0.27140505565330386,0.8867208808660507,0.15246962974148692,0.9318789118707166,0.7197191697191696,0.7197191697191696
1.0,0.29607268907129763,0.8764721155166626,0.15689958707512436,0.9279235210553599,0.7164224664224663,0.7164224664224663
2.0,0.3084170512855053,0.8761939704418182,0.15998876020321334,0.9272168608283125,0.7173382173382172,0.7173382173382172
