,Accuracy,F1 (micro)
Global,0.9352258852258852,0.9352258852258852
