Groups,Entropy,Diag Mean,KL to I,I similar % (JS),Accuracy,F1 (micro)
0.0,0.4013269945979118,0.7780155539512634,0.4036016926170255,0.8465776123180422,0.6784313725490196,0.6784313725490196
1.0,0.36092155873775483,0.8348328709602356,0.24394982311293772,0.8953649794515369,0.712156862745098,0.712156862745098
2.0,0.5364823207259178,0.7194751024246215,0.4644978121100415,0.8105705881291749,0.6109803921568628,0.6109803921568628
