,Accuracy,F1 (micro)
Global,0.9450261780104712,0.9450261780104712
