,Accuracy,F1 (micro),Average KL,Average PearsonCorr,Average RMSE
Global,0.8405759162303665,0.8405759162303665,0.6935673777522322,0.5908555669120409,0.10866471055210788
