,Accuracy,F1 (micro),Average KL,Average PearsonCorr,Average RMSE
Global,0.6024432809773124,0.6024432809773124,0.9796238854848319,0.6018672021725939,0.10362830155355499
