,Accuracy,F1 (micro),Average KL,Average PearsonCorr
Global,0.8160558464223385,0.8160558464223386,1.4649812738941932,-0.6355528963219104
