ACC imiting Annotator,CE imiting Annotator
0.6343355013975028,0.8196472958413183
