,Accuracy,F1 (micro)
Global,0.8232679738562092,0.8232679738562092
