ACC imiting Annotator,CE imiting Annotator
0.6925257147138335,0.6697502168741727
