,Accuracy,F1 (micro)
Global,0.5994771241830066,0.5994771241830066
