,Accuracy,F1 (micro)
Global,0.8347712418300652,0.8347712418300652
