,Accuracy,F1 (micro),Average KL,Average PearsonCorr,Average RMSE
Global,0.8916230366492147,0.8916230366492147,0.44242528057940883,0.6308878364155536,0.1075943651014517
