ACC imiting Annotator,CE imiting Annotator
0.6643850042762022,0.7218668300680335
