,Accuracy,F1 (micro),Average KL,Average PearsonCorr
Global,0.938743455497382,0.938743455497382,1.5513645713791155,-0.6129808502439351
