,Accuracy,F1 (micro)
Global,0.8852287581699347,0.8852287581699347
