ACC imiting Annotator,CE imiting Annotator
0.6784360188362593,0.6955944287588928
