,Accuracy,F1 (micro),Average KL,Average PearsonCorr,Average RMSE
Global,0.6198080279232111,0.6198080279232111,0.01567431340291039,0.9830264171648342,0.2247957672223821
