,Accuracy,F1 (micro)
Global,0.6177777777777778,0.6177777777777778
