,Accuracy,F1 (micro)
Global,0.9372549019607843,0.9372549019607843
