,Accuracy,F1 (micro),Average KL,Average PearsonCorr
Global,0.7922338568935428,0.7922338568935426,1.4208197421172304,-0.6587701364076095
