,Accuracy,F1 (micro)
Global,0.7835294117647059,0.7835294117647059
