Groups,Entropy,Diag Mean,KL to I,I similar % (JS),Accuracy,F1 (micro)
0.0,0.4919873237609863,0.4838548094034195,1.6812776581197895,0.5894692339205859,0.6277124183006536,0.6277124183006537
1.0,0.4364195764064789,0.6507731944322586,0.9844393512371626,0.7310162300512955,0.763921568627451,0.763921568627451
2.0,0.629293006658554,0.5813403308391571,0.8144694531405667,0.7020249525441579,0.6473202614379086,0.6473202614379086
