Groups,Entropy,Diag Mean,KL to I,I similar % (JS),Accuracy,F1 (micro)
0.0,0.35202568769454956,0.7092574775218964,0.6942267610558288,0.782996852205031,0.6535947712418301,0.6535947712418301
1.0,0.4244124799966812,0.6871916472911834,0.7188719806018787,0.7670954662979433,0.6284967320261438,0.6284967320261438
2.0,0.3202874884009361,0.800147271156311,0.5945760082467547,0.8541616820768774,0.7095424836601307,0.7095424836601307
