Mean ACC imiting Annot,Mean cross-entropy,Wmean ACC imiting Annot,wMean cross entropy
0.38337750093125683,1.835513404333368,0.38347578461526155,1.8351854396463465
