Groups,Prob,T(g),Entropy,Diag Mean,KL to I,I sim %(JS),Spammer,Accuracy,F1 (micro)
0.0,0.19356830716133117,386.4,1.1726234912872315,0.6246532559394836,1.0203717482415313,0.6149012121336451,0.5829480290412903,0.57606,0.57606
1.0,0.1600665420293808,319.8,1.3349722862243651,0.5731188476085662,0.7448208075136072,0.5856620599166661,0.5256876289844513,0.6328199999999999,0.6328199999999999
2.0,0.39892666339874266,797.2,0.5980122447013855,0.8650853037834167,0.15446512220342945,0.8932476587116179,0.8500947475433349,0.64124,0.64124
3.0,0.24743847250938417,494.4,1.2861512839794158,0.5877180218696594,0.6266567637590437,0.6126299880831235,0.5419089436531067,0.6549400000000001,0.6549400000000001
