,Accuracy,F1 (micro),Mean KL,Mean JS,Wmean KL,Wmean JS
Global,0.6257280000000001,0.6257280000000001,1.5262349443738144,0.10638963864430781,1.5204130117347403,0.10605718802866426
