Groups,Prob,T(g),Entropy,Diag Mean,KL to I,I sim %(JS),Spammer,Accuracy,F1 (micro)
0.0,0.37419549822807313,748.0,0.838726818561554,0.7931284427642822,0.24958654304047595,0.8305318793362062,0.7701427102088928,0.7539199999999999,0.75392
1.0,0.14487041532993317,289.4,1.0853938579559326,0.6966882586479187,0.43899668185828755,0.7276614169559551,0.6629869341850281,0.69976,0.69976
2.0,0.31125191450119016,621.8,1.0201355874538423,0.7025694489479065,0.43412842963090653,0.7290808794671684,0.6695216119289398,0.6488399999999999,0.6488400000000001
3.0,0.1696821630001068,339.0,1.3441020846366882,0.5595054745674133,1.0900707109323295,0.5551587363903702,0.5105616450309753,0.6451200000000001,0.6451200000000001
