,Accuracy,F1 (micro),Mean KL,Mean JS,Wmean KL,Wmean JS
Global,0.726432,0.726432,0.6664504922036237,0.3798742729821577,0.6669783576147573,0.3801739883791036
