,Accuracy,F1 (micro)
Global,0.75388,0.7538799999999999
