,Accuracy,F1 (micro),Mean KL,Mean JS,Wmean KL,Wmean JS
Global,0.656596,0.656596,0.6282434922129566,0.3394801311662241,0.628410579769396,0.3395549108486931
