,Accuracy,F1 (micro),Mean KL,Mean JS,Wmean KL,Wmean JS,Mean RMSE,Wmean RMSE
Global,0.798856,0.798856,0.1479249009811397,0.057136259411579,0.14758371082421312,0.05700949898933557,0.1566244882337118,0.15648229991160956
