,Accuracy,F1 (micro),Mean KL,Mean JS,Wmean KL,Wmean JS,Mean RMSE,Wmean RMSE
Global,0.7295200000000001,0.7295200000000001,0.87999114272125,0.22453998896695504,0.8795263078010844,0.22440446662651561,0.3816656740740297,0.3813144345363114
