,Accuracy,F1 (micro)
Global,0.7414999999999999,0.7414999999999999
