,Accuracy,F1 (micro),Average KL,Average PearsonCorr
Global,0.7713019999999999,0.7713019999999999,0.13320055021738902,0.7772696997725714
