,Accuracy,F1 (micro),Average KL,Average PearsonCorr
Global,0.61581,0.61581,0.28248199257592577,0.9414243046862916
