,Accuracy,F1 (micro),Average KL,Average PearsonCorr
Global,0.6204580000000001,0.6204580000000001,0.811177638643587,0.7666838811144192
