ACC imiting Annotator,CE imiting Annotator
0.4532451242929897,1.679450483796898
