,Accuracy,F1 (micro),Average KL,Average PearsonCorr
Global,0.852366,0.852366,0.036002069015423376,0.9589024871598358
