,Accuracy,F1 (micro)
Global,0.7127800000000001,0.7127800000000001
