,Accuracy,F1 (micro),Average KL,Average PearsonCorr,Average RMSE
Global,0.8561820000000001,0.8561820000000001,0.3366348681650592,-0.2759303506034215,0.02589315726071208
