,Accuracy,F1 (micro),Average KL,Average PearsonCorr
Global,0.948992,0.948992,1.1372252329715606,0.7780871761587422
