,Accuracy,F1 (micro)
Global,0.7433500000000001,0.7433500000000001
