,Accuracy,F1 (micro),Average KL,Average PearsonCorr
Global,0.623854,0.623854,0.23014529460524188,0.9367236205526128
