Groups,Prob,Entropy,Diag Mean,KL to I,I similar % (JS),Accuracy,F1 (micro)
0.0,0.24961607605218888,1.4778159379959106,0.5736241221427918,0.5714663645862075,0.7405039462155647,0.74999,0.74999
1.0,0.2648161046206951,1.479844832420349,0.5745085954666138,0.5686783510611271,0.7414629561442968,0.75159,0.75159
2.0,0.23275060057640076,1.2994516372680665,0.6432956159114838,0.4568295555742578,0.7891676897647354,0.75222,0.75222
3.0,0.25281720906496047,1.4443942546844482,0.5841537743806839,0.557404283559469,0.7469621381246979,0.7521100000000002,0.7521100000000001
