ACC imiting Annotator,CE imiting Annotator
0.355749342325986,1.8246125176643933
