,Accuracy,F1 (micro),Average KL,Average PearsonCorr,Average RMSE
Global,0.840848,0.840848,0.30876033986927703,-0.5359710566347813,0.020966471563217248
