,Accuracy,F1 (micro),Average KL,Average PearsonCorr
Global,0.9348259999999999,0.9348259999999999,1.1425152773805676,0.659752694481927
