,Accuracy,F1 (micro),Average KL,Average PearsonCorr
Global,0.6431939999999999,0.6431939999999999,0.7848987422762158,0.7315173522407068
