,Accuracy,F1 (micro)
Global,0.7648199999999999,0.7648199999999999
