,Accuracy,F1 (micro),Average KL,Average PearsonCorr,Average RMSE
Global,0.8630379999999999,0.8630379999999999,0.3483352534799601,-0.36101855681927025,0.02187044250289637
