Groups,Prob,T(g),Entropy,Diag Mean,KL to I,I similar % (JS),Accuracy,F1 (micro)
0.0,0.22793255895376205,22.3,1.1367185801267623,0.6789908349514008,0.45356633957262565,0.7995200481687113,0.7448499999999999,0.7448499999999999
1.0,0.28727098256349565,28.3,1.1230668485164643,0.6933511972427369,0.4150325333465184,0.8136709807564142,0.74269,0.7426899999999999
2.0,0.23478530645370482,23.2,1.2157887905836104,0.66162890791893,0.45810687455270316,0.7937056584964741,0.75889,0.75889
3.0,0.25001115873456004,24.3,1.18137284219265,0.6538375556468964,0.5090087742441031,0.7798266748229538,0.7002900000000001,0.7002900000000001
