,Accuracy,F1 (micro)
Global,0.7597400000000001,0.7597400000000001
