,Accuracy,F1 (micro)
Global,0.73765,0.7376500000000001
