Groups,Prob,T(g),Entropy,Diag Mean,KL to I,I similar % (JS),Accuracy,F1 (micro)
0.0,0.2540603369474411,24.8,1.198802325129509,0.671797713637352,0.4378441588687568,0.8013552458443947,0.7514900000000001,0.7514900000000001
1.0,0.2591031104326248,25.4,1.302597951889038,0.6486837148666382,0.4537479921237807,0.7913231137374063,0.7578,0.7578
2.0,0.23676606118679047,23.3,1.17615165412426,0.6762206047773361,0.43234077079611766,0.8037616227152917,0.75076,0.75076
3.0,0.2500704899430275,24.4,1.080705451965332,0.7216839373111725,0.35431880382437286,0.836483220293033,0.7562800000000001,0.7562800000000001
