ACC imiting Annotator,CE imiting Annotator
0.44936069635251175,1.6896662829015139
