,Accuracy,F1 (micro),Average KL,Average PearsonCorr
Global,0.84806,0.8480599999999999,0.01501044099244069,0.9828748240813704
