Groups,Prob,Entropy,Diag Mean,KL to I,I similar % (JS),Accuracy,F1 (micro)
0.0,0.41930793784558773,1.0498463451862334,0.7109144300222396,0.38592653105105257,0.8255504407288811,0.75242,0.75242
1.0,0.47887578308582307,1.5040720343589782,0.5219624623656273,0.7706896207721529,0.6797554112723383,0.70131,0.70131
2.0,0.0744443491101265,1.1887440621852874,0.6454741269350052,0.527774228881832,0.7737300064820825,0.6725299999999999,0.67253
3.0,0.02737194998189807,1.2503346085548401,0.613929632306099,0.6129595776283087,0.746868480831617,0.6803899999999999,0.6803899999999999
