ACC imiting Annotator,CE imiting Annotator
0.35211560079403637,1.8731969450571775
