,Accuracy,F1 (micro),Average KL,Average PearsonCorr,Average RMSE
Global,0.76204,0.7620400000000002,0.010095423897852115,0.9736989917839589,0.0732421761720337
