ACC imiting Annotator,CE imiting Annotator
0.4627804795011509,1.6485029844241719
