,Accuracy,F1 (micro),Average KL,Average PearsonCorr
Global,0.623854,0.623854,0.67200061414578,0.8607015604925234
