ACC imiting Annotator,CE imiting Annotator
0.42762852034473015,1.66445860269743
