,Accuracy,F1 (micro)
Global,0.6204580000000001,0.6204580000000001
