,Accuracy,F1 (micro)
Global,0.6244599999999999,0.6244599999999999
