,Accuracy,F1 (micro),Average KL,Average PearsonCorr
Global,0.848584,0.848584,0.7011780306186667,0.8242763234177444
