,Accuracy,F1 (micro),Average KL,Average PearsonCorr
Global,0.42501200000000006,0.42501200000000006,1.8698012300571176,0.6173387896761036
