ACC imiting Annotator,CE imiting Annotator
0.4530798096060904,1.7211770113232518
