,Accuracy,F1 (micro),Average KL,Average PearsonCorr
Global,0.8097660000000001,0.809766,0.012811853740544965,0.9734537829956056
