,Accuracy,F1 (micro),Average KL,Average PearsonCorr
Global,0.62716,0.62716,0.2878306863724293,0.8860826946863005
