,Accuracy,F1 (micro),Average KL,Average PearsonCorr
Global,0.848584,0.848584,0.02828882057451535,0.9381937804603064
