ACC imiting Annotator,CE imiting Annotator
0.36188875203123916,1.8213026384754418
