,Accuracy,F1 (micro),Average KL,Average PearsonCorr
Global,0.9171560000000001,0.9171560000000001,0.1005606126863483,0.869233804227782
