,Accuracy,F1 (micro),Average KL,Average PearsonCorr,Average RMSE
Global,0.847564,0.847564,0.3089666217753847,-0.2789315053227923,0.030769046322085214
