,Accuracy,F1 (micro)
Global,0.7592199999999999,0.7592199999999999
