,Accuracy,F1 (micro)
Global,0.6813100000000001,0.6813100000000001
