,Accuracy,F1 (micro)
Global,0.7729600000000001,0.7729600000000001
