,Accuracy,F1 (micro),Average KL,Average PearsonCorr,Average RMSE
Global,0.7642400000000001,0.7642400000000001,0.07646763839554915,0.8693724363519861,0.07542830110589768
