,Accuracy,F1 (micro),Average KL,Average PearsonCorr
Global,0.8530300000000001,0.8530300000000001,0.2955502403437304,-0.09253559493461953
