,Accuracy,F1 (micro)
Global,0.7445299999999999,0.7445299999999999
