ACC imiting Annotator,CE imiting Annotator
0.46704033486193897,1.7131873510826459
