Groups,Prob,T(g),Entropy,Diag Mean,KL to I,I similar % (JS),Accuracy,F1 (micro)
0.0,0.4085849437862635,40.5,0.9882598340511322,0.7305262982845306,0.3719286143503334,0.8348593713968253,0.7319899999999999,0.7319899999999999
1.0,0.4294350862503052,42.3,1.1742718279361726,0.6452868014574051,0.5527354118030703,0.7667693029675224,0.7299800000000001,0.7299800000000001
2.0,0.1027187678962946,9.8,1.1639001965522766,0.6874817073345184,0.40931005725517033,0.8132802164288059,0.7679600000000001,0.7679600000000001
3.0,0.05926120206713677,5.4,1.433305948972702,0.5411359339952468,0.7607481493102995,0.6896046476861681,0.6066199999999999,0.60662
