,Accuracy,F1 (micro),Average KL,Average PearsonCorr
Global,0.632774,0.632774,0.09160555901591741,0.9381806431164822
