,Accuracy,F1 (micro),Average KL,Average PearsonCorr
Global,0.8145660000000001,0.8145660000000001,0.1905463488787374,0.1320801241239806
