,Accuracy,F1 (micro),Average KL,Average PearsonCorr,Average RMSE
Global,0.6528399999999999,0.6528399999999999,0.7103444135043296,-0.10232640650086097,0.04843147079703669
