,Accuracy,F1 (micro)
Global,0.6006099999999999,0.6006099999999999
