ACC imiting Annotator,CE imiting Annotator
0.35296101072195457,1.7835723991569743
