,Accuracy,F1 (micro),Average KL,Average PearsonCorr,Average RMSE
Global,0.670594,0.670594,0.23589029226587646,0.23800957301636255,0.05284927300865712
