,Accuracy,F1 (micro),Average KL,Average PearsonCorr,Average RMSE
Global,0.6690780000000001,0.6690780000000001,0.9673878811004991,-0.34824059420387254,0.03891412791729313
