ACC imiting Annotator,CE imiting Annotator
0.46748210280132485,1.6586343177653635
