Groups,Prob,Entropy,Diag Mean,KL to I,I similar % (JS),Accuracy,F1 (micro)
0.0,0.2574975028634071,1.2338968828320502,0.6384765923023223,0.5245092690800461,0.7705536480571704,0.74596,0.74596
1.0,0.2624901123344898,1.1331639856100082,0.6886545807123184,0.41702634690210216,0.8112254946017649,0.7681600000000001,0.7681600000000001
2.0,0.22500972747802733,1.371690833568573,0.5963073194026947,0.5717910208869985,0.7468541596946788,0.75142,0.75142
3.0,0.2550026521086693,1.2359218180179596,0.6582462906837463,0.45847050795896677,0.7926253668141615,0.76823,0.76823
