ACC imiting Annotator,CE imiting Annotator
0.41102534488151915,1.7682800602124984
