,Accuracy,F1 (micro)
Global,0.7454000000000001,0.7454000000000001
