,Accuracy,F1 (micro),Average KL,Average PearsonCorr,Average RMSE
Global,0.833742,0.833742,0.1663862804454892,0.3334606890647259,0.03328798496208417
