,Accuracy,F1 (micro),Average KL,Average PearsonCorr,Average RMSE
Global,0.8406560000000001,0.8406560000000001,0.17717697307129301,0.21520066301379076,0.03447365863145073
