,Accuracy,F1 (micro),Average KL,Average PearsonCorr,Average RMSE
Global,0.854398,0.8543979999999998,0.3613608949763018,-0.20330689714122424,0.02889983351428716
