Groups,Prob,Entropy,Diag Mean,KL to I,I similar % (JS),Accuracy,F1 (micro)
0.0,0.37523320503532887,1.44053755402565,0.5362562343478203,0.7504645053214285,0.689692916325537,0.64107,0.64107
1.0,0.4643181413412094,1.0053594708442688,0.7399669051170349,0.32680814266110975,0.8484094273998147,0.7708,0.7708
2.0,0.1159147860482335,1.2939819276332856,0.6231299638748169,0.5528477590115332,0.7610249545223671,0.73401,0.73401
3.0,0.04453385192900896,1.4590863823890685,0.5199606627225876,0.807675545800804,0.6729162834436865,0.63986,0.63986
