,Accuracy,F1 (micro),Average KL,Average PearsonCorr
Global,0.9328259999999998,0.9328259999999998,0.462588862188272,0.8663190923254757
