,Accuracy,F1 (micro),Average KL,Average PearsonCorr
Global,0.8580260000000001,0.8580260000000001,0.371895109676181,-0.2785673672454062
