,Accuracy,F1 (micro),Average KL,Average PearsonCorr
Global,0.62716,0.62716,0.809940527732155,0.722168331702383
