,Accuracy,F1 (micro),Average KL,Average PearsonCorr
Global,0.85305,0.85305,0.272074715565279,-0.21515644935752332
