Groups,Prob,T(g),Entropy,Diag Mean,KL to I,I similar % (JS),Accuracy,F1 (micro)
0.0,0.3050929270684719,30.3,1.1280153036117553,0.6833606719970703,0.44374882747428523,0.8034202790561198,0.7487699999999999,0.7487699999999999
1.0,0.4396922618150711,43.5,1.2802817478775979,0.6087924122810364,0.5977286341188564,0.7445190515971123,0.72246,0.72246
2.0,0.16181013509631156,15.6,1.2037920460104943,0.6489672601222992,0.4988993070391891,0.7802601848950277,0.7075799999999999,0.7075799999999999
3.0,0.09340466000139713,8.8,1.1572775304317475,0.6919729053974152,0.3946271308871126,0.8182531855938855,0.7667700000000001,0.7667700000000001
