,Accuracy,F1 (micro),Average KL,Average PearsonCorr
Global,0.712152,0.712152,0.016403537095959115,0.9767247452885265
