,Accuracy,F1 (micro),Average KL,Average PearsonCorr
Global,0.42501200000000006,0.42501200000000006,0.2175989455445523,0.9326525081962789
