,Accuracy,F1 (micro),Average KL,Average PearsonCorr
Global,0.6431939999999999,0.6431939999999999,0.298812181148414,0.8337717261714006
