,Accuracy,F1 (micro)
Global,0.5915400000000002,0.5915400000000002
