,Accuracy,F1 (micro),Average KL,Average PearsonCorr,Average RMSE
Global,0.760472,0.760472,0.012654437085042589,0.9781152849295772,0.05987371108939974
