,Accuracy,F1 (micro),Average KL,Average PearsonCorr,Average RMSE
Global,0.8593440000000001,0.8593440000000001,0.409768395087397,-0.5076790325552962,0.01821040475567327
