,Accuracy,F1 (micro)
Global,0.41984000000000005,0.41984000000000005
