,Accuracy,F1 (micro)
Global,0.7932400000000002,0.7932400000000001
