,Accuracy,F1 (micro)
Global,0.5831600000000001,0.5831600000000001
