Groups,Prob,T(g),Entropy,Diag Mean,KL to I,I similar % (JS),Accuracy,F1 (micro)
0.0,0.40258716568350794,804.7,1.120191615819931,0.6732188940048218,0.47970732389788606,0.7934727515832798,0.7315699999999999,0.7315699999999999
1.0,0.47611653208732607,951.7,1.3455951809883118,0.6124545335769653,0.5378458432510662,0.760336751171122,0.75783,0.75783
2.0,0.07863703928887844,156.7,1.4912011861801147,0.5329044431447982,0.697186125454089,0.6985110474253712,0.6860899999999999,0.6860899999999999
3.0,0.04265926722437143,84.9,1.3929815411567688,0.5510758996009827,0.7565171390732341,0.6968253087785077,0.64588,0.64588
