,Accuracy,F1 (micro),Average KL,Average PearsonCorr,Average RMSE
Global,0.7513940000000001,0.7513940000000001,0.010087527251972109,0.9821576744699833,0.08346698493584005
