,Accuracy,F1 (micro)
Global,0.7572000000000001,0.7572000000000001
