,Accuracy,F1 (micro),Average KL,Average PearsonCorr
Global,0.61581,0.61581,0.8258694457092867,0.7766363502661938
