ACC imiting Annotator,CE imiting Annotator
0.42474175261696356,1.672162334062289
