,Accuracy,F1 (micro)
Global,0.7643800000000001,0.7643800000000001
