ACC imiting Annotator,CE imiting Annotator
0.45491274407196886,1.6993827537922983
