,Accuracy,F1 (micro),Average KL,Average PearsonCorr
Global,0.852366,0.852366,0.8298873785419971,0.7359283547102844
