,Accuracy,F1 (micro),Average KL,Average PearsonCorr,Average RMSE
Global,0.8246840000000001,0.8246840000000001,0.16899464107444656,-0.03474185561193013,0.031143235895571962
