,Accuracy,F1 (micro),Average KL,Average PearsonCorr
Global,0.632774,0.632774,0.6424620032154847,0.5945692986591019
