,Accuracy,F1 (micro)
Global,0.7849999999999999,0.7849999999999999
