ACC imiting Annotator,CE imiting Annotator
0.4637511372643021,1.6987208582235247
