,Accuracy,F1 (micro)
Global,0.6251099999999999,0.6251099999999999
