,Accuracy,F1 (micro)
Global,0.7623899999999999,0.7623899999999999
