,Accuracy,F1 (micro),Average KL,Average PearsonCorr
Global,0.9348259999999999,0.9348259999999999,0.23601501215638168,0.7961594218956574
