ACC imiting Annotator,CE imiting Annotator
0.47515647926955235,1.6317889160554997
