,Accuracy,F1 (micro),Average KL,Average PearsonCorr
Global,0.9171560000000001,0.9171560000000001,1.0932010673482857,0.6799493990596619
