,Accuracy,F1 (micro),Average KL,Average PearsonCorr
Global,0.9434020000000001,0.9434020000000001,1.2398666818219797,0.6012330076406042
