,Accuracy,F1 (micro)
Global,0.9434020000000001,0.9434020000000001
