,Accuracy,F1 (micro)
Global,0.6850427350427349,0.6850427350427349
