,Accuracy,F1 (micro)
Global,0.6840659340659341,0.6840659340659341
