Groups,Prob,T(g),Entropy,Diag Mean,KL to I,I sim %(JS),Spammer,Accuracy,F1 (micro)
0.0,0.3573005944490433,35.25,0.3147643871605396,0.6644094415009022,1.1432694128547123,0.7247642683589609,0.33107610810548066,0.6172771672771671,0.6172771672771671
1.0,0.3323124386370182,32.7,0.27286017276346686,0.7349560737609864,0.960440274445357,0.7786842174560809,0.401622738444712,0.6648351648351648,0.6648351648351648
2.0,0.3103869616985321,30.45,0.3644237115979195,0.6672349642962218,0.9335268675005212,0.7422446696960525,0.33390163965523245,0.6778998778998779,0.6778998778998779
