,Accuracy,F1 (micro),Mean KL,Mean JS,Mean PearsonCorr
Global,0.6578347578347579,0.6578347578347579,0.16494883276136638,0.046376839757712535,0.8811178759274265
