,Accuracy,F1 (micro)
Global,0.6888278388278386,0.6888278388278386
