,Accuracy,F1 (micro)
Global,0.9233821733821734,0.9233821733821734
