,Accuracy,F1 (micro),Mean KL,Mean JS,Mean PearsonCorr,Average RMSE
Global,0.7064102564102562,0.7064102564102562,0.015421662947290138,0.004205530747325348,0.90506235474594,0.10645800803700467
