,Accuracy,F1 (micro)
Global,0.6843711843711844,0.6843711843711844
