,Accuracy,F1 (micro),Mean KL,Mean JS,Mean PearsonCorr,Average RMSE
Global,0.708933658933659,0.708933658933659,0.018348289439573753,0.005422711160422273,0.9893094193090828,0.18833112399481328
