,Accuracy,F1 (micro),Mean KL,Mean JS,Mean PearsonCorr
Global,0.5506715506715506,0.5506715506715506,2.286014078862423,0.14340379098207987,0.42261149533623676
