ACC imiting Annotator,CE imiting Annotator
0.6793776872937421,0.6823272163366969
