,Accuracy,F1 (micro),Mean KL,Mean JS,Mean PearsonCorr
Global,0.6705331705331705,0.6705331705331706,1.3112686301396403,0.12302006920781161,0.4242102843321634
