,Accuracy,F1 (micro),Mean KL,Mean JS,Mean PearsonCorr
Global,0.46847781847781855,0.46847781847781855,1.848438813283519,0.14229175233188604,0.49020501203742894
