,Accuracy,F1 (micro),Mean KL,Mean JS,Mean PearsonCorr,Average RMSE
Global,0.5061253561253561,0.5061253561253561,0.16660310772593734,0.048883366014899,0.8235339565368385,0.21476214755701903
