,Accuracy,F1 (micro),Mean KL,Mean JS,Mean PearsonCorr
Global,0.5065527065527066,0.5065527065527066,0.31748399862661003,0.07920757258600644,0.821418697150194
