,Accuracy,F1 (micro),Mean KL,Mean JS,Mean PearsonCorr,Average RMSE
Global,0.7117623117623119,0.7117623117623119,0.592590316236911,0.09050304058615546,0.5183150418529481,0.09293936305469291
