,Accuracy,F1 (micro),Mean KL,Mean JS,Mean PearsonCorr
Global,0.8755392755392755,0.8755392755392755,0.01645291525957964,0.0030510724536020784,0.9871541189886924
