,Accuracy,F1 (micro)
Global,0.7133699633699634,0.7133699633699634
