ACC imiting Annotator,CE imiting Annotator
0.6166459524647667,0.8264373749494552
