ACC imiting Annotator,CE imiting Annotator
0.6702221774954973,0.7315655585097458
