Groups,Prob,T(g),Entropy,Diag Mean,KL to I,I sim %(JS),Spammer,Accuracy,F1 (micro)
0.0,0.39546437188982964,39.0,0.31927408687770364,0.6284969432279468,1.1356992462324014,0.6950027222021808,0.29516361448913814,0.636080586080586,0.636080586080586
1.0,0.3240125272423029,31.95,0.2776623122394085,0.7168741054832936,0.8857574735922122,0.7693109613625442,0.3835407587386726,0.7247863247863248,0.7247863247863249
2.0,0.2805231049656868,27.5,0.2673157207667828,0.6094163194298744,1.3174754999063523,0.6637917439639269,0.2760829897131771,0.5614163614163614,0.5614163614163614
