ACC imiting Annotator,CE imiting Annotator
0.594080743837958,0.8240289754089878
