,Accuracy,F1 (micro),Mean KL,Mean JS,Mean PearsonCorr
Global,0.5990231990231992,0.5990231990231992,0.3248955959499594,0.07833528907451055,0.8383485880800816
