,Accuracy,F1 (micro)
Global,0.7963369963369964,0.7963369963369964
