,Accuracy,F1 (micro)
Global,0.6824786324786325,0.6824786324786325
