ACC imiting Annotator,CE imiting Annotator
0.6493295636985097,0.7758019396443043
