,Accuracy,F1 (micro),Mean KL,Mean JS,Mean PearsonCorr,Average RMSE
Global,0.6075295075295074,0.6075295075295074,0.1258713231837619,0.03744086826413402,0.8654443391607446,0.1731404676227387
