,Accuracy,F1 (micro)
Global,0.9316239316239316,0.9316239316239316
