,Accuracy,F1 (micro),Mean KL,Mean JS,Mean PearsonCorr
Global,0.7681115181115181,0.7681115181115181,0.8872901023394183,0.0392921293959972,
