Groups,Prob,T(g),Entropy,Diag Mean,KL to I,I sim %(JS),Spammer,Accuracy,F1 (micro)
0.0,0.36689971163868906,733.2,0.41305085718631745,0.6538060035556554,1.0007927382935713,0.7380502636191242,0.32047268194146455,0.6747252747252748,0.6747252747252748
1.0,0.3473151415586472,694.0,0.37958620935678483,0.6360051557421684,1.105802059476688,0.7163315111153192,0.3026718103559688,0.635042735042735,0.635042735042735
2.0,0.2857851438224316,571.1,0.4041335493326187,0.6600289359688759,1.0220241100069747,0.7415765225157797,0.3266955941915512,0.5909645909645909,0.5909645909645909
