Groups,Prob,T(g),Entropy,Diag Mean,KL to I,I sim %(JS),Spammer,Accuracy,F1 (micro)
0.0,0.31769861504435537,31.35,0.37897922098636627,0.7285376027226448,0.6053068185204675,0.8102024314477125,0.39520426753442733,0.6759462759462759,0.675946275946276
1.0,0.37576929181814195,37.15,0.3973498024046421,0.7044357016682625,0.6577850322063467,0.7922239719302998,0.37110237404704094,0.6633699633699633,0.6633699633699633
2.0,0.30653209388256075,30.25,0.34918657429516314,0.796163572371006,0.4596731472972461,0.8608394386839471,0.4628302428871393,0.76990231990232,0.76990231990232
