,Accuracy,F1 (micro)
Global,0.7070207570207571,0.7070207570207571
