,Accuracy,F1 (micro)
Global,0.5757631257631256,0.5757631257631256
