,Accuracy,F1 (micro)
Global,0.8847374847374848,0.8847374847374848
