,Accuracy,F1 (micro),Mean KL,Mean JS,Mean PearsonCorr,Average RMSE
Global,0.758119658119658,0.758119658119658,0.6961536191076816,0.10380043353245802,0.4070883328178631,0.10156172477877494
