,Accuracy,F1 (micro)
Global,0.6534188034188034,0.6534188034188034
