,Accuracy,F1 (micro)
Global,0.775824175824176,0.775824175824176
