,Accuracy,F1 (micro),Mean KL,Mean JS,Mean PearsonCorr
Global,0.6705331705331705,0.6705331705331706,0.23976494005188903,0.056771143545086354,0.842631657215863
