,Accuracy,F1 (micro),Mean KL,Mean JS,Mean PearsonCorr
Global,0.6164835164835165,0.6164835164835165,1.1843298470128654,0.10071072936731598,0.5833572824950022
