,Accuracy,F1 (micro),Mean KL,Mean JS,Mean PearsonCorr
Global,0.9127187627187627,0.9127187627187627,2.1718944635846245,0.1291505992851269,
