ACC imiting Annotator,CE imiting Annotator
0.6549553308711354,0.8813667446374893
