,Accuracy,F1 (micro),Mean KL,Mean JS,Mean PearsonCorr,Average RMSE
Global,0.6526658526658526,0.6526658526658526,0.7291177400246063,0.10765066173819984,0.5327937697091244,0.19679626097388345
