,Accuracy,F1 (micro),Mean KL,Mean JS,Mean PearsonCorr
Global,0.5506715506715506,0.5506715506715506,0.3288271913374788,0.08148979264287179,0.8017648393122079
