,Accuracy,F1 (micro),Mean KL,Mean JS,Mean PearsonCorr
Global,0.6755596255596257,0.6755596255596257,0.19929235618704097,0.05696041942615635,0.9519405350514409
