,Accuracy,F1 (micro),Mean KL,Mean JS,Mean PearsonCorr
Global,0.6607041107041106,0.6607041107041106,1.3316008699769921,0.12373234943141875,0.40979383650801615
