ACC imiting Annotator,CE imiting Annotator
0.6601225663887738,0.7053868084920827
