ACC imiting Annotator,CE imiting Annotator
0.6656250466760986,0.7290284780558757
