,Accuracy,F1 (micro)
Global,0.6066544566544567,0.6066544566544567
