,Accuracy,F1 (micro)
Global,0.7534798534798537,0.7534798534798537
