,Accuracy,F1 (micro),Mean KL,Mean JS,Mean PearsonCorr,Average RMSE
Global,0.7931216931216931,0.7931216931216931,0.6346489326719901,0.08979962695648562,0.40813846134964765,0.09248253313806541
