,Accuracy,F1 (micro)
Global,0.7168498168498171,0.7168498168498171
