,Accuracy,F1 (micro),Mean KL,Mean JS,Mean PearsonCorr,Average RMSE
Global,0.49287749287749294,0.49287749287749294,0.8918981161704419,0.1318644959570047,0.44654815581948587,0.18495186598950517
