,Accuracy,F1 (micro)
Global,0.9092796092796093,0.9092796092796093
