,Accuracy,F1 (micro)
Global,0.5151404151404152,0.5151404151404152
