ACC imiting Annotator,CE imiting Annotator
0.5582158429694898,0.9057847410440445
