,Accuracy,F1 (micro)
Global,0.5020757020757021,0.5020757020757021
