Groups,Prob,T(g),Entropy,Diag Mean,KL to I,I sim %(JS),Spammer,Accuracy,F1 (micro)
0.0,0.3508091330528259,34.65,0.3572064280509949,0.5754765383899212,1.6296791179644916,0.6404383085311919,0.24214321258477867,0.6229548229548229,0.6229548229548229
1.0,0.3218071937561035,31.7,0.37176798582077025,0.49887005239725113,1.8508175365037072,0.5696211770078592,0.16553671298315747,0.6268620268620269,0.6268620268620267
2.0,0.32738366425037385,32.3,0.39339926317334173,0.5265115296468139,1.6677097410950967,0.6048789449049748,0.19317820337601005,0.6832112332112331,0.6832112332112331
