,Accuracy,F1 (micro)
Global,0.611050061050061,0.611050061050061
