,Accuracy,F1 (micro),Mean KL,Mean JS,Mean PearsonCorr,Average RMSE
Global,0.6756613756613756,0.6756613756613756,0.872197133622407,0.12515905082266904,0.25954289187817814,0.15320416076572124
