,Accuracy,F1 (micro)
Global,0.675213675213675,0.675213675213675
