ACC imiting Annotator,CE imiting Annotator
0.6448603363121752,0.7771633041554479
