,Accuracy,F1 (micro)
Global,0.6147741147741148,0.6147741147741147
