,Accuracy,F1 (micro),Mean KL,Mean JS,Mean PearsonCorr,Average RMSE
Global,0.6953194953194953,0.6953194953194953,0.7593163857971268,0.10339944426997412,0.5062255536981421,0.21387328657483087
