,Accuracy,F1 (micro)
Global,0.6267399267399268,0.6267399267399267
