,Accuracy,F1 (micro),Mean KL,Mean JS,Mean PearsonCorr
Global,0.921001221001221,0.921001221001221,0.011036770623931958,0.002533701080865657,0.9893422002806023
