,Accuracy,F1 (micro),Mean KL,Mean JS,Mean PearsonCorr,Average RMSE
Global,0.6735042735042736,0.6735042735042736,0.7526262734168319,0.11151128490062742,0.49652453869300306,0.20238872988627676
