Groups,Prob,T(g),Entropy,Diag Mean,KL to I,I sim %(JS),Spammer,Accuracy,F1 (micro)
0.0,0.2548959799110889,509.2,0.2905627775937319,0.7203924626111984,0.8489115040475136,0.7764525992572953,0.38705913187004626,0.63009768009768,0.63009768009768
1.0,0.4287856861948967,857.0,0.22354750726372002,0.6847344473004341,1.1561329553630506,0.7314285519641184,0.35140112321823835,0.6280219780219778,0.6280219780219778
2.0,0.316318329423666,632.15,0.244863485917449,0.7011738404631614,1.0013016224425475,0.7545121552190308,0.3678405112121254,0.6365689865689865,0.6365689865689865
