Groups,Prob,T(g),Entropy,Diag Mean,KL to I,I sim %(JS),Spammer,Accuracy,F1 (micro)
0.0,0.3614959269762039,3614.25,0.2563481993973255,0.6307998932898045,1.4748716652893092,0.6829730808498745,0.29746655747294426,0.6484126984126983,0.6484126984126983
1.0,0.24514032825827597,2450.9,0.2839231101796031,0.7883672267198563,0.6852425213371836,0.8379811404114795,0.45503388649667614,0.8231379731379732,0.8231379731379732
2.0,0.3933637484908104,3932.9,0.25698524806648493,0.7449075061827898,1.0162829582644686,0.7908759662228703,0.41157417744398117,0.8661172161172163,0.8661172161172163
