,Accuracy,F1 (micro),Mean KL,Mean JS,Mean PearsonCorr,Average RMSE
Global,0.6989824989824991,0.6989824989824991,0.01709155720771096,0.005015946201008356,0.9887561120183787,0.12726292386611643
