ACC imiting Annotator,CE imiting Annotator
0.6673773467275966,0.729212106986031
