,Accuracy,F1 (micro),Mean KL,Mean JS,Mean PearsonCorr
Global,0.6002238502238502,0.6002238502238502,0.2483636016243988,0.06959853682205937,0.9537377441204444
