,Accuracy,F1 (micro),F1 (macro)
All,0.5933991363355953,0.5933991363355953,0.472438627830498
