,Accuracy,F1 (micro),F1 (macro)
All,0.6090067859346082,0.6090067859346082,0.47748362471847644
