Groups,Prob,Entropy,Diag mean,Isim (JS),S_raykar,S_bias,C_bias,Iner JS,Iner NormF,Accuracy,F1 (micro)
0.0,0.05585325530771503,0.41906812313121033,0.9042745189682139,0.949551092999114,0.8851294227618569,0.02678593791664416,4.4,0.07267851437050263,0.09332776462360828,0.5904318322023443,0.5904318322023443
1.0,0.9303832279017226,0.06517077713210959,0.9890026364604226,0.9944599599913447,0.9868031637525073,0.005240508149372975,1.8,0.07267851437050263,0.09332776462360828,0.595095619987662,0.595095619987662
2.0,0.013763516790562444,0.9031949858672738,0.7375043405436332,0.8497497654421917,0.68500520865236,0.06012760160939821,2.0,0.07267851437050263,0.09332776462360828,0.5681616286243061,0.5681616286243061
