,Accuracy,F1 (micro),F1 (macro),(R) NormF mean,(R) JS mean,(G) NormF,(G) JS
All,0.004206156107311531,0.004206156107311535,0.009327119231340513,0.0031191306825633144,0.004237615043368387,0.006073598928661116,0.006400329352583113
