,Accuracy,F1 (micro),F1 (macro),(R) NormF mean,(R) JS mean,(G) NormF,(G) JS
All,0.00788634883483022,0.007886348834830212,0.00981210824435804,0.006059986134542999,0.011695720781512969,0.012971079561939302,0.014801377707351793
