Groups,Prob,Entropy,Diag mean,Isim (JS),S_raykar,S_bias,C_bias,Iner JS,Iner NormF,Accuracy,F1 (micro)
0.0,0.43652022182941436,0.25448733418856817,0.8345127402400443,0.878652853750161,0.8014152882880534,0.12583498990487502,4.25,0.28558053437460457,0.2812564001796355,0.5214580113343636,0.5214580113343636
1.0,0.3809738103300333,0.16521836925245686,0.908086027327702,0.9313212186754175,0.8897032327932424,0.0691050640339592,2.0,0.28558053437460457,0.2812564001796355,0.5305319422977847,0.5305319422977847
2.0,0.18250586353242398,0.45159856326131254,0.6071985449442141,0.6788078299076418,0.5286382539330571,0.26900078561814433,1.5,0.28558053437460457,0.2812564001796355,0.38973467284904684,0.38973467284904684
