,Accuracy,F1 (micro),F1 (macro),(R) NormF mean,(R) JS mean,(G) NormF,(G) JS
All,0.6802438401634112,0.6802438401634112,0.6008723189456757,0.31856199141011776,0.43254708164452893,0.17689480290635123,0.18491206521131545
