Groups,Prob,Entropy,Diag mean,Isim (JS),S_raykar,S_bias,C_bias,Iner JS,Iner NormF,Accuracy,F1 (micro)
0.0,0.4440470188856125,0.3510004737701662,0.732573650243105,0.7972921904110281,0.6790883802917259,0.11819089161911156,1.0,0.23426574460065447,0.2665539368099915,0.5649471921689851,0.5649471921689851
1.0,0.34998871833086015,0.30400954206908437,0.7587320129419861,0.820593145731569,0.7104784155303834,0.14366130805545668,2.0,0.23426574460065447,0.2665539368099915,0.4535484286450283,0.4535484286450283
2.0,0.2059642717242241,0.09231404351067188,0.9831231727290847,0.9914332507625149,0.9797478072749014,0.008568214446311518,0.7,0.23426574460065447,0.2665539368099915,0.5744332818134982,0.5744332818134982
