,Accuracy,F1 (micro),F1 (macro),(R) NormF mean,(R) JS mean,(R) NormF w,(R) JS w,(G) NormF,(G) JS
All,0.6054576790501723,0.6054576790501723,0.46954667120431237,0.24708281658957834,0.31134847969853957,0.16684951327714617,0.1628291487294757,0.10108737224234907,0.05747298449625295
