,Accuracy,F1 (micro),F1 (macro)
All,0.5746200412158681,0.5746200412158681,0.4645300842709129
