,Accuracy,F1 (micro),F1 (macro),(R) NormF mean,(R) JS mean,(G) NormF,(G) JS
All,0.0037117530497658593,0.0037117530497658593,0.007035945543662951,0.002168333925220244,0.0030752712745923615,0.005110934794598807,0.0054657275640686296
