Groups,Prob,Entropy,Diag mean,Isim (JS),S_raykar,S_bias,C_bias,Iner JS,Iner NormF,Accuracy,F1 (micro)
0.0,0.06260802260506868,0.4045578999979953,0.9007411365241594,0.9469599693223432,0.8808893638289914,0.05154827642072004,5.0,0.08023022099161754,0.10020451182759453,0.5676262235960845,0.5676262235960845
1.0,0.924987456046041,0.05960285090874105,0.9903027243748358,0.9951174593122797,0.9883632692498029,0.0036673825761590227,2.4,0.08023022099161754,0.10020451182759453,0.5703567748583205,0.5703567748583205
2.0,0.012404521348890462,0.9481658353468821,0.7231664720181543,0.8395714972637058,0.6677997664217853,0.053672658952662045,3.0,0.08023022099161754,0.10020451182759453,0.559866048428645,0.559866048428645
