,Accuracy,F1 (micro),F1 (macro),(R) NormF mean,(R) JS mean,(G) NormF,(G) JS
All,0.002410374414099531,0.002410374414099531,0.01178752975479699,0.00035105402032463494,0.0005833312937686864,0.0002873036558748121,0.0005576418324304364
