,Accuracy,F1 (micro),F1 (macro)
All,0.5592606903657907,0.5592606903657907,0.4602930962616008
