,Accuracy,F1 (micro),F1 (macro)
All,0.005025511686706937,0.005025511686706937,0.008353142901003089
