,Accuracy,F1 (micro),F1 (macro),(R) NormF mean,(R) JS mean,(G) NormF,(G) JS
All,0.015679319545236037,0.015679319545236037,0.010370609007398597,0.006775464657277378,0.010438395471778402,0.010039410718270081,0.0110975294446642
