Groups,Prob,Entropy,Diag mean,Isim (JS),S_raykar,S_bias,C_bias,Iner JS,Iner NormF,Accuracy,F1 (micro)
0.0,0.01127528929461188,0.03503817609796669,0.017753058803014476,0.019632585546734072,0.021303670563617403,0.01239563507260378,0.0,0.013138588319435979,0.008380380830196679,0.004533649440167951,0.004533649440167951
0.0,0.007978800565049146,0.0563167377006712,0.02987089614653328,0.022666878163723026,0.03584507537583995,0.00560461973049612,0.0,0.013138588319435979,0.008380380830196679,0.010646692274470904,0.010646692274470904
0.0,0.007649044414050965,0.021235647991409097,0.006586702240048796,0.003432782681643335,0.007904042688058562,0.005529375453112407,0.45825756949558394,0.013138588319435979,0.008380380830196679,0.0038420077234304806,0.0038420077234304806
