Groups,Prob,Entropy,Diag mean,Isim (JS),S_raykar,S_bias,C_bias,Iner JS,Iner NormF,Accuracy,F1 (micro)
0.0,0.0045903264597329145,0.016463645396707395,0.016069812265712788,0.010871155316318989,0.019283774718855305,0.018839110801536222,0.0,0.010837144588894267,0.011140467614841722,0.00973459709932533,0.00973459709932533
0.0,0.007230879561447325,0.015194272439226643,0.003784328988327277,0.0019341681355347564,0.004541194785992721,0.0021116817627641706,1.9078784028338913,0.010837144588894267,0.011140467614841722,0.004963026848736621,0.004963026848736621
0.0,0.0031775867909026216,0.0838816912728447,0.031673979013090825,0.022065069931702243,0.03800877481570901,0.015067903279669979,2.449489742783178,0.010837144588894267,0.011140467614841722,0.01733130431863176,0.01733130431863176
