,Accuracy,F1 (micro),F1 (macro)
All,0.5708397733127255,0.5708397733127255,0.4178413072541651
