,Accuracy,F1 (micro),F1 (macro)
All,0.580873261205564,0.580873261205564,0.43543680935237966
