,Accuracy,F1 (micro),F1 (macro),(R) NormF mean,(R) JS mean,(G) NormF,(G) JS
All,0.6085631303459722,0.6085631303459722,0.4696764952827559,0.18463583144378315,0.20799100185616806,0.17560535249028764,0.16630269692011385
