,Accuracy,F1 (micro),F1 (macro),(R) NormF mean,(R) JS mean,(R) NormF w,(R) JS w,(G) NormF,(G) JS,RMSE mean,RMSE w
All,0.00453345564287746,0.0045334556428774705,0.004642256097759383,0.0024453815307506027,0.002836475868542403,0.004033309340438862,0.0036133999335448645,0.003087601432877478,0.004510373315359708,0.0036645800298845638,0.005545295382970838
