,Accuracy,F1 (micro),F1 (macro)
All,0.004980750057478843,0.0049807500574788515,0.005050641008282883
