,Accuracy,F1 (micro),F1 (macro)
All,0.7546761690422605,0.7546761690422605,0.754446123360062
