,Accuracy,F1 (micro),F1 (macro)
All,0.7416854213553389,0.7416854213553389,0.7416838060715858
