,Accuracy,F1 (micro),F1 (macro),(R) NormF mean,(R) JS mean,(R) NormF w,(R) JS w,(G) NormF,(G) JS,RMSE mean,RMSE w
All,0.00425021470133332,0.004250214701333315,0.0042915696044470205,0.0034894479996941457,0.0014248689282350658,0.005115303928585679,0.0012524198222651488,0.003708760925381259,0.0010987073945717624,0.008229021938161468,0.009611252876084034
