,Accuracy,F1 (micro),F1 (macro),(R) NormF mean,(R) JS mean,(R) NormF w,(R) JS w,(G) NormF,(G) JS
All,0.7887877575515103,0.7887877575515103,0.7878130172866404,0.18689089867957687,0.0610340980453443,0.14380799710725403,0.0281918991085665,0.03101084525769514,0.0010915978894433657
