,Accuracy,F1 (micro),F1 (macro),(R) NormF mean,(R) JS mean,(R) NormF w,(R) JS w,(G) NormF,(G) JS,RMSE mean,RMSE w
All,0.8850570114022803,0.8850570114022803,0.8849845273491809,0.20156395186429452,0.08382033586435587,0.1768181861073308,0.06663174965559539,0.14113798792146118,0.03580248360425368,0.12029336870626055,0.10782455128667194
