ACC imiting Annot mean,F1-mi imiting Annot mean,F1-ma imiting Annot mean,ACC imiting Annot wmean,F1-mi imiting Annot wmean,F1-ma imiting Annot wmean
0.0038699481632223196,0.0038699481632223196,0.0040713629561248,0.002862442478166414,0.0028624424781664255,0.004691022716630591
