ACC imiting Annot mean,F1-mi imiting Annot mean,F1-ma imiting Annot mean,ACC imiting Annot wmean,F1-mi imiting Annot wmean,F1-ma imiting Annot wmean
0.8273085983059139,0.8273085983059139,0.8116208899402452,0.831815396813955,0.831815396813955,0.8231032542920345
