,Accuracy,F1 (micro),F1 (macro)
All,0.7387846961740435,0.7387846961740434,0.7373337877019087
