,Accuracy,F1 (micro),F1 (macro),(R) NormF mean,(R) JS mean,(R) NormF w,(R) JS w,(G) NormF,(G) JS,RMSE mean,RMSE w
All,0.011864059032576304,0.0118640590325763,0.01201806351392556,0.0003829286557661054,0.00010917974963995858,0.00034595540521115364,7.293161098451977e-05,0.0004674646001126989,4.691083662043975e-05,0.0036905383346263238,0.004482542188244535
