,Accuracy,F1 (micro),F1 (macro)
All,0.7446861715428859,0.7446861715428859,0.7438827826414769
