,Accuracy,F1 (micro),F1 (macro),(R) NormF mean,(R) JS mean,(R) NormF w,(R) JS w,(G) NormF,(G) JS,RMSE mean,RMSE w
All,0.8309861972394478,0.8309861972394478,0.8306536951560511,0.09071473715077913,0.028469732824364304,0.03591948712980455,0.0038625040285512604,0.03323024925404656,0.0012048115261570184,0.10493343082966042,0.08984898724140418
