,Accuracy,F1 (micro),F1 (macro)
All,0.013036725719538608,0.01303672571953859,0.014913040046021642
