Groups,Prob,T(g),Entropy,Diag mean,Isim (JS),S_raykar,S_bias,C_bias,Iner JS,Iner NormF,Accuracy,F1 (micro)
0.0,0.4166122168302536,84.05,0.003061287016902659,0.9996584250874155,0.999829798327454,0.9993168501748316,3.232304543836495e-05,0.35,0.17087120917271884,0.2952573894967529,0.7697299324831208,0.7697299324831208
1.0,0.3005865506827831,60.5,0.3890513901477415,0.7528597628771625,0.8490283025530978,0.5057195257543244,0.07977341324300012,0.95,0.17087120917271884,0.2952573894967529,0.6218804701175293,0.6218804701175293
2.0,0.2828012481331825,56.9,0.2699885014142583,0.8210679391220262,0.8895130215618237,0.6421358782440528,0.047133080372434424,0.7,0.17087120917271884,0.2952573894967529,0.6701050262565641,0.6701050262565641
