,Accuracy,F1 (micro),F1 (macro)
All,0.7697299324831208,0.7697299324831208,0.7695124423852492
