,Accuracy,F1 (micro),F1 (macro)
All,0.006187961036376591,0.006187961036376584,0.006205193687867938
