ACC imiting Annot mean,F1-mi imiting Annot mean,F1-ma imiting Annot mean,ACC imiting Annot wmean,F1-mi imiting Annot wmean,F1-ma imiting Annot wmean
0.005221340160816131,0.005221340160816128,0.007933399094301963,0.002160628973466828,0.0021606289734668314,0.0020984769500721374
