,Accuracy,F1 (micro),F1 (macro),(R) NormF mean,(R) JS mean,(R) NormF w,(R) JS w,(G) NormF,(G) JS,RMSE mean,RMSE w
All,0.8998099619923986,0.8998099619923986,0.8997803405964782,0.16584207232988998,0.056590811641485605,0.1135919388301025,0.024132303137634783,0.0990412936311249,0.013837013753240132,0.10851313586558184,0.085999783752613
