,Accuracy,F1 (micro)
All,0.9487179487179487,0.9487179487179487
