,Accuracy,F1 (micro)
All,0.9348799348799349,0.9348799348799349
