,Accuracy,F1 (micro)
Global,0.7415140415140415,0.7415140415140415
