ACC imiting Annotator,CE imiting Annotator
0.6482276988437843,0.7332429950848313
