,Accuracy,F1 (micro),Mean KL,Mean JS,Mean PearsonCorr
Global,0.489092389092389,0.489092389092389,1.697311554479335,0.15380231809596948,0.27087857589040293
