Groups,Prob,T(g),Entropy,Diag Mean,KL to I,I sim %(JS),Spammer,Accuracy,F1 (micro)
0.0,0.349310227483511,34.4,0.35344096943736075,0.6974542587995529,0.9103364983005264,0.7639353019817305,0.3641209345310926,0.7113553113553113,0.7113553113553113
1.0,0.24714959114789964,24.25,0.3377121537923813,0.7298661231994629,0.777290431726925,0.7951645547592257,0.3965327935293317,0.6918803418803419,0.6918803418803419
2.0,0.4035401791334152,39.95,0.3110524255782366,0.7315955072641372,0.7794473362363621,0.7964152576649046,0.3982621562667191,0.8116605616605618,0.8116605616605618
