,Accuracy,F1 (micro),Mean KL,Mean JS,Mean PearsonCorr
Global,0.4329466829466829,0.4329466829466829,2.0031619771399702,0.15397519702690116,0.33386437831078697
