Groups,Prob,T(g),Entropy,Diag Mean,KL to I,I sim %(JS),Spammer,Accuracy,F1 (micro)
0.0,0.37946581467986107,3793.85,0.29916914366185665,0.6386717334389687,1.4452957397141806,0.6981781497139401,0.30533840544521806,0.6517704517704518,0.6517704517704518
1.0,0.267447667196393,2673.7,0.3267530892044306,0.7501339390873909,0.9031347541828552,0.8071884708070186,0.41680060544167646,0.7512820512820512,0.7512820512820512
2.0,0.353086519241333,3530.0,0.3289486810564995,0.7714354425668717,0.7845146863287924,0.8347325733867003,0.4381021140143275,0.8597069597069599,0.8597069597069599
