Mean ACC imiting Annot,Mean cross-entropy,Wmean ACC imiting Annot,wMean cross entropy
0.7482859156872596,0.772878098487854,0.7450628366247756,0.7689058482159317
