,Accuracy,F1 (micro),Mean KL,Mean JS,Mean PearsonCorr
Global,0.8158119658119658,0.8158119658119658,0.02438457460729381,0.0035662599222712975,0.9010468492534869
