,Accuracy,F1 (micro)
Global,0.6853479853479855,0.6853479853479855
