,Accuracy,F1 (micro),Mean KL,Mean JS,Mean PearsonCorr
Global,0.8896825396825395,0.8896825396825395,0.7011558711081055,0.032302406107819634,
