,Accuracy,F1 (micro),Mean KL,Mean JS,Wmean KL,Wmean JS,Mean RMSE,Wmean RMSE
Global,0.7425722425722425,0.7425722425722426,0.6595804286857784,0.13773493797228847,0.669105884938517,0.13796291017099518,0.148862360056554,0.14799249224742939
