,Accuracy,F1 (micro)
Global,0.4698412698412698,0.4698412698412698
