,Accuracy,F1 (micro)
Global,0.7554945054945057,0.7554945054945057
