,Accuracy,F1 (micro)
Global,0.942979242979243,0.942979242979243
