,Accuracy,F1 (micro),Mean KL,Mean JS,Mean PearsonCorr
Global,0.5807488807488806,0.5807488807488808,2.2326108848274804,0.1587356414939472,0.32993428636082356
