,Accuracy,F1 (micro)
Global,0.8592185592185594,0.8592185592185594
