,Accuracy,F1 (micro)
Global,0.8250915750915754,0.8250915750915754
