Groups,Prob,T(g),Entropy,Diag Mean,KL to I,I sim %(JS),Spammer,Accuracy,F1 (micro)
0.0,0.47865443527698515,956.8,0.21088138744235038,0.885438883304596,0.3086359953240504,0.8819821946324261,0.828158300369978,0.8413919413919416,0.8413919413919416
1.0,0.29248919934034345,584.5,0.18879170268774031,0.6050438437610864,1.4316682723453626,0.48492796011993916,0.40756576359272,0.6354090354090355,0.6354090354090355
2.0,0.22885635495185852,457.2,0.355753718316555,0.4779363423585892,1.47514774830653,0.38036522735372497,0.21690452694892884,0.3553113553113553,0.3553113553113553
