,Accuracy,F1 (micro),Mean KL,Mean JS,Wmean KL,Wmean JS,Mean RMSE,Wmean RMSE
Global,0.9000407000407001,0.9000407000407001,0.21404142138944712,0.09052472205932002,0.2030517417332724,0.08601496124890193,0.14124116394952096,0.14116519113867243
