,Accuracy,F1 (micro)
Global,0.7826617826617828,0.7826617826617828
