,Accuracy,F1 (micro)
Global,0.6536019536019537,0.6536019536019537
