,Accuracy,F1 (micro)
Global,0.9391941391941392,0.9391941391941392
