Mean ACC imiting Annot,Mean cross-entropy,Wmean ACC imiting Annot,wMean cross entropy
0.6628864001887346,0.7749994417896182,0.6580776683352172,0.7855721596116387
