Mean ACC imiting Annot,Mean cross-entropy,Wmean ACC imiting Annot,wMean cross entropy
0.6993467525558861,0.6733633698017589,0.6959319405908275,0.6777802531181704
