Groups,Prob,T(g),Entropy,Diag Mean,KL to I,I sim %(JS),Spammer,Accuracy,F1 (micro)
0.0,0.37564885020256045,3723.8,0.25042286366224287,0.9037244915962219,0.11487566288499598,0.9216780010256397,0.8555867373943329,0.7236874236874237,0.7236874236874237
1.0,0.26731169074773786,2649.4,0.3011749431490898,0.5690593034029007,1.3347059747485739,0.4705953415831372,0.35358896031975745,0.4864468864468865,0.4864468864468865
2.0,0.3570394545793533,3539.0,0.18179233148694038,0.6730869054794312,1.099029888428125,0.5797309437615267,0.5096303462982178,0.6301587301587303,0.6301587301587303
