,Accuracy,F1 (micro),Mean KL,Mean JS,Mean PearsonCorr
Global,0.4329466829466829,0.4329466829466829,0.3480641638469475,0.08728685221337448,0.8094970915341596
