,Accuracy,F1 (micro)
Global,0.6451770451770452,0.6451770451770452
