Mean ACC imiting Annot,Mean cross-entropy,Wmean ACC imiting Annot,wMean cross entropy
0.7996142291992857,0.834493750333786,0.7759767773477286,0.8292440573878723
