,Accuracy,F1 (micro)
Global,0.9107448107448107,0.9107448107448107
