,Accuracy,F1 (micro)
Global,0.6543345543345545,0.6543345543345545
