,Accuracy,F1 (micro),Mean KL,Mean JS,Wmean KL,Wmean JS
Global,0.5345136345136344,0.5345136345136344,1.4894769313864253,0.19371192644718294,1.4900952605200288,0.19386788087908813
