,Accuracy,F1 (micro),Mean KL,Mean JS,Mean PearsonCorr
Global,0.6321733821733821,0.6321733821733821,0.29330621160432513,0.07002029639715576,0.8320682463110414
