,Accuracy,F1 (micro),Mean KL,Mean JS,Wmean KL,Wmean JS
Global,0.9288970288970289,0.9288970288970289,3.1756840629245917,0.53101999778835,3.0803882034593717,0.4033740427230712
