,Accuracy,F1 (micro),Mean KL,Mean JS,Wmean KL,Wmean JS
Global,0.7043549043549044,0.7043549043549044,0.5127690188620649,0.15368890741358418,0.5122297048177419,0.1535954241050148
