ACC imiting Annotator,CE imiting Annotator
0.6612046698260344,0.7471794602713506
