,Accuracy,F1 (micro),Mean KL,Mean JS,Wmean KL,Wmean JS,Mean RMSE,Wmean RMSE
Global,0.9127391127391128,0.9127391127391128,0.6143313010885875,0.12711695098481776,0.6213463407723625,0.1276069857694443,0.19119690429060066,0.1906426610689488
