,Accuracy,F1 (micro),Mean KL,Mean JS,Mean PearsonCorr,Average RMSE
Global,0.6365282865282865,0.6365282865282865,0.6627976341857353,0.1028604845389032,0.5154011555970008,0.09975946595126299
