,Accuracy,F1 (micro)
Global,0.9120879120879122,0.9120879120879122
