,Accuracy,F1 (micro),Mean KL,Mean JS,Wmean KL,Wmean JS,Mean RMSE,Wmean RMSE
Global,0.8556369556369559,0.8556369556369559,0.8322987047375502,0.15107496725662567,0.8346745479671513,0.15139441986021301,0.1826854257898693,0.18312411131423928
