,Accuracy,F1 (micro),Mean KL,Mean JS,Wmean KL,Wmean JS
Global,0.6300773300773301,0.6300773300773301,1.7641783338421024,0.18005666675699994,1.757085700985519,0.1796751850106398
