,Accuracy,F1 (micro),Mean KL,Mean JS,Wmean KL,Wmean JS
Global,0.7401302401302401,0.7401302401302401,0.3851341311455797,0.15019175567584384,0.3843240315849911,0.14998279065816655
