,Accuracy,F1 (micro),Mean KL,Mean JS,Mean PearsonCorr,Average RMSE
Global,0.7494098494098493,0.7494098494098493,0.877378577079341,0.1165373738977212,0.370253414988394,0.1854802774187155
