,Accuracy,F1 (micro),Mean KL,Mean JS,Wmean KL,Wmean JS,Mean RMSE,Wmean RMSE
Global,0.9156695156695156,0.9156695156695156,0.015186251658084515,0.006580348482172364,0.015147868019322113,0.0065648166788280626,0.16915074271943537,0.16897014015843997
