,Accuracy,F1 (micro)
Global,0.9200244200244201,0.9200244200244201
