,Accuracy,F1 (micro),Mean KL,Mean JS,Mean PearsonCorr
Global,0.5066341066341066,0.5066341066341066,0.3527852920622766,0.08450977617863925,0.8300181856245228
