,Accuracy,F1 (micro)
Global,0.5603174603174603,0.5603174603174603
