,Accuracy,F1 (micro)
Global,0.518925518925519,0.518925518925519
