,Accuracy,F1 (micro)
Global,0.5134920634920634,0.5134920634920634
