ACC imiting Annotator,CE imiting Annotator
0.6206099796144182,0.8158546636694666
