,Accuracy,F1 (micro)
Global,0.8730158730158731,0.8730158730158731
