,Accuracy,F1 (micro),Mean KL,Mean JS,Wmean KL,Wmean JS,Mean RMSE,Wmean RMSE
Global,0.7736670736670737,0.7736670736670737,0.2516328854659402,0.10545370591390694,0.24122894458588529,0.10110778131081026,0.12854342694717974,0.12737881508078994
