,Accuracy,F1 (micro),Mean KL,Mean JS,Mean PearsonCorr,Average RMSE
Global,0.675234025234025,0.675234025234025,0.6898431518824074,0.09682769115860054,0.5333820429332901,0.1828070876469347
