Groups,Prob,T(g),Entropy,Diag Mean,KL to I,I sim %(JS),Spammer,Accuracy,F1 (micro)
0.0,0.4017395056784153,39.7,0.31521151065826414,0.6751126728951931,1.104199971687419,0.7391466191258107,0.34177935160696504,0.6776556776556777,0.6776556776556777
1.0,0.33301515504717827,32.75,0.3259768933057785,0.6756653845310211,1.0253879236297259,0.7421846190572732,0.34233206044882536,0.7277777777777779,0.7277777777777779
2.0,0.2652453426271677,26.0,0.34790201783180236,0.6360967807471752,1.1260258382207053,0.7090017036733979,0.3027634426951408,0.6645909645909647,0.6645909645909647
