Groups,Prob,T(g),Entropy,Diag Mean,KL to I,I sim %(JS),Spammer,Accuracy,F1 (micro)
0.0,0.38525005280971525,38.0,0.3150571059435606,0.6912833884358406,0.941248555984858,0.7526801421115831,0.3579500543652102,0.6595848595848595,0.6595848595848595
1.0,0.27626646384596826,27.05,0.36077479608356955,0.7620145589113235,0.716442426478506,0.8237868274966911,0.42868122570216655,0.768864468864469,0.768864468864469
2.0,0.33848348520696164,33.55,0.3582659363746643,0.8010051190853119,0.5324520708854653,0.8619674667551219,0.4676717799156904,0.7416971916971918,0.7416971916971918
