,Accuracy,F1 (micro)
Global,0.7902319902319902,0.7902319902319902
