,Accuracy,F1 (micro)
Global,0.5002442002442001,0.5002442002442001
