,Accuracy,F1 (micro)
Global,0.9181929181929183,0.9181929181929183
