,Accuracy,F1 (micro),Mean KL,Mean JS,Mean PearsonCorr,Average RMSE
Global,0.5217541717541716,0.5217541717541716,0.8551218114138497,0.11462742959111913,0.5808875555255406,0.17439261593812236
