,Accuracy,F1 (micro),Mean KL,Mean JS,Wmean KL,Wmean JS,Mean RMSE,Wmean RMSE
Global,0.9027269027269027,0.9027269027269027,0.1840369028046301,0.07382705705503863,0.1749895346217531,0.0700911179334516,0.1454026661368219,0.14386000322945264
