,Accuracy,F1 (micro)
Global,0.6625152625152626,0.6625152625152626
