,Accuracy,F1 (micro),Mean KL,Mean JS,Wmean KL,Wmean JS
Global,0.9261701261701261,0.9261701261701261,0.01062549624261282,0.0036326379997413784,0.010514647945632661,0.003597232606066131
