,Accuracy,F1 (micro),Mean KL,Mean JS,Wmean KL,Wmean JS
Global,0.6514855514855515,0.6514855514855515,1.6778763468500397,0.1812186363867592,1.6772454809001212,0.18114175121296042
