,Accuracy,F1 (micro)
Global,0.9365079365079365,0.9365079365079365
