,Accuracy,F1 (micro)
Global,0.5694139194139194,0.5694139194139194
