,Accuracy,F1 (micro)
Global,0.772893772893773,0.772893772893773
