,Accuracy,F1 (micro)
Global,0.918925518925519,0.918925518925519
