Groups,Prob,T(g),Entropy,Diag Mean,KL to I,I sim %(JS),Spammer,Accuracy,F1 (micro)
0.0,0.35912692695856097,717.65,0.2848111853003502,0.6307096460834145,1.5061719192600345,0.6845733135466985,0.29737631753087046,0.6754578754578754,0.6754578754578754
1.0,0.2805025912821293,560.5,0.3381674621254206,0.6738476756960153,1.1787095245755683,0.7359101701135176,0.34051434402354064,0.7676434676434677,0.7676434676434677
2.0,0.36037048399448396,720.2,0.34383059591054915,0.6365415945649147,1.3191544360881813,0.7049828381442873,0.3032082606689073,0.7744200244200246,0.7744200244200246
