Mean ACC imiting Annot,Mean cross-entropy,Wmean ACC imiting Annot,wMean cross entropy
0.6001253192191125,0.9517474662229037,0.5995339119254259,0.9523829676650388
