,Accuracy,F1 (micro)
Global,0.767032967032967,0.767032967032967
