,Accuracy,F1 (micro),Mean KL,Mean JS,Wmean KL,Wmean JS
Global,0.5416768416768416,0.5416768416768416,2.2449649897269444,0.19806346311906353,2.245266086305825,0.19816750632767
