,Accuracy,F1 (micro)
Global,0.6547008547008548,0.6547008547008548
