Groups,Prob,T(g),Entropy,Diag Mean,KL to I,I sim %(JS),Spammer,Accuracy,F1 (micro)
0.0,0.2932234570384026,585.85,0.45850705206394193,0.4422051248140633,1.7772571311774477,0.5476152229427143,0.10887179651181214,0.5481074481074482,0.5481074481074482
1.0,0.38249730318784714,764.55,0.4670365586876869,0.4989741563796997,1.6470565594312228,0.5980294415207152,0.165640828339383,0.6089743589743588,0.6089743589743588
2.0,0.32427924275398257,647.95,0.4308706149458885,0.42245937790721655,1.8975404489549341,0.5223976685845324,0.08912604060024024,0.5393772893772895,0.5393772893772895
