Mean ACC imiting Annot,Mean cross-entropy,Wmean ACC imiting Annot,wMean cross entropy
0.7291153350316246,0.7934701800346374,0.7236424462486231,0.7916282578998212
