,Accuracy,F1 (micro),Mean KL,Mean JS,Mean PearsonCorr
Global,0.6243386243386244,0.6243386243386244,0.2000360011213352,0.05533080829911267,0.8517949127020847
