,Accuracy,F1 (micro)
Global,0.6503052503052501,0.6503052503052501
