,Accuracy,F1 (micro)
Global,0.774847374847375,0.774847374847375
