Groups,Prob,T(g),Entropy,Diag Mean,KL to I,I sim %(JS),Spammer,Accuracy,F1 (micro)
0.0,0.48186754882335664,963.2,0.17900678962469102,0.9343645334243774,0.08918955370842571,0.9430761225665684,0.9015467584133148,0.86984126984127,0.86984126984127
1.0,0.22773015052080153,455.0,0.33366939425468445,0.5792814463376998,1.2602190299884612,0.49223802022534124,0.3689221620559692,0.410989010989011,0.410989010989011
2.0,0.29040229469537737,580.2,0.1930270165205002,0.6682123482227326,1.0537723155552337,0.5795334842268187,0.5023185193538666,0.6384615384615384,0.6384615384615384
