Mean ACC imiting Annot,Mean cross-entropy,Wmean ACC imiting Annot,wMean cross entropy
0.6816966556185118,0.8507644891738891,0.6754319392862909,0.8512977249969695
