,Accuracy,F1 (micro),Mean KL,Mean JS,Wmean KL,Wmean JS
Global,0.7076109076109076,0.7076109076109076,0.742872879410715,0.1772922144972195,0.7394099118944006,0.17704489159314707
