,Accuracy,F1 (micro),Mean KL,Mean JS,Wmean KL,Wmean JS,Mean RMSE,Wmean RMSE
Global,0.7595441595441597,0.7595441595441594,0.8513067090667754,0.15735498657365746,0.8507382781252432,0.1572804214361527,0.12706374627362457,0.12731275736942962
