Mean ACC imiting Annot,Mean cross-entropy,Wmean ACC imiting Annot,wMean cross entropy
0.6661700278374882,0.7376997709274292,0.6663863497867155,0.7370325665346327
