,Accuracy,F1 (micro),Mean KL,Mean JS,Mean PearsonCorr
Global,0.5807488807488806,0.5807488807488808,0.23932926677476013,0.06734910654855807,0.9532999199622136
