,Accuracy,F1 (micro)
Global,0.5277167277167277,0.5277167277167277
