,Accuracy,F1 (micro)
Global,0.5915140415140415,0.5915140415140415
