,Accuracy,F1 (micro),Mean KL,Mean JS,Wmean KL,Wmean JS
Global,0.7700447700447701,0.7700447700447701,0.38493512690213655,0.1482051655794459,0.3846043817024992,0.14790894323626916
