,Accuracy,F1 (micro),Mean KL,Mean JS,Mean PearsonCorr,Average RMSE
Global,0.6574684574684576,0.6574684574684576,0.7549114149571818,0.1044301752980021,0.3637289582437537,0.23207491276118675
