ACC imiting Annotator,CE imiting Annotator
0.6703553967796717,0.705026134583688
