ACC imiting Annotator,CE imiting Annotator
0.6742446033857232,0.7030544050868559
