Groups,Prob,T(g),Entropy,Diag Mean,KL to I,I sim %(JS),Spammer,Accuracy,F1 (micro)
0.0,0.34283021166920663,685.15,0.5200905486941337,0.6591973446309567,0.8820770722805168,0.7616828761892014,0.3258640140295029,0.6435286935286934,0.6435286935286934
1.0,0.33615067303180696,671.8,0.5196009755134583,0.6618977017700672,0.8650837266589921,0.7650232079542572,0.3285643637180328,0.6567765567765567,0.6567765567765567
2.0,0.32101911306381226,641.65,0.5084931522607803,0.647511176019907,0.9132806593641873,0.7503313157137754,0.3141778476536274,0.6320512820512821,0.6320512820512821
