,Accuracy,F1 (micro),Mean KL,Mean JS,Wmean KL,Wmean JS
Global,0.6404558404558405,0.6404558404558405,1.3571462198884496,0.12957712927066717,1.3599930225043473,0.12953439388204768
