ACC imiting Annotator,CE imiting Annotator
0.6665742496187603,0.7502466089995529
