,Accuracy,F1 (micro)
Global,0.5141636141636141,0.5141636141636141
