,Accuracy,F1 (micro)
Global,0.594017094017094,0.594017094017094
