ACC imiting Annotator,CE imiting Annotator
0.6331642261622522,0.7929189383983613
