Mean ACC imiting Annot,Mean cross-entropy,Wmean ACC imiting Annot,wMean cross entropy
0.7165499102972656,0.665757167339325,0.7163085579157664,0.6660175583255118
