Groups,Prob,T(g),Entropy,Diag Mean,KL to I,I sim %(JS),Spammer,Accuracy,F1 (micro)
0.0,0.3018761545419693,29.7,0.179181008040905,0.588583267852664,1.5691304850859582,0.45581385774821087,0.3828749001026154,0.6406593406593407,0.6406593406593407
1.0,0.46097658276557923,45.6,0.23086635321378707,0.8839338630437851,0.2739198861252937,0.8849990084099743,0.8259008094668389,0.8356532356532357,0.8356532356532357
2.0,0.23714725971221923,23.1,0.3562290593981743,0.5408488631248474,1.3205294377470165,0.4557103866985672,0.31127328872680665,0.397924297924298,0.397924297924298
