,Accuracy,F1 (micro)
Global,0.5826617826617826,0.5826617826617826
