,Accuracy,F1 (micro),Mean KL,Mean JS,Mean PearsonCorr,Average RMSE
Global,0.6442612942612943,0.6442612942612943,1.0348077873246386,0.13854969861050886,0.3555438265728837,0.12386190208626024
