,Accuracy,F1 (micro),Mean KL,Mean JS,Mean PearsonCorr,Average RMSE
Global,0.6893976393976393,0.6893976393976393,0.016867026753108073,0.004974506868182699,0.9886255114066655,0.14120407424317225
