Groups,Prob,T(g),Entropy,Diag Mean,KL to I,I sim %(JS),Spammer,Accuracy,F1 (micro)
0.0,0.44790529608726504,44.2,0.24353256896138192,0.8500262677669526,0.38596856772574034,0.8457864961908005,0.7750393678783439,0.8217338217338218,0.8217338217338218
1.0,0.2276862770318985,22.1,0.36926850974559783,0.5208892986178398,1.3118116193039886,0.4377161646818141,0.2813339322805405,0.4,0.4
2.0,0.32440843135118486,32.0,0.1804242417216301,0.5977770864963532,1.5587259003414458,0.46982636117364907,0.39666564762592316,0.641880341880342,0.641880341880342
