Mean ACC imiting Annot,Mean cross-entropy,Wmean ACC imiting Annot,wMean cross entropy
0.6292316122306877,0.816770339012146,0.6293876567020251,0.8170097229392178
