Groups,Prob,T(g),Entropy,Diag Mean,KL to I,I sim %(JS),Spammer,Accuracy,F1 (micro)
0.0,0.16866011172533035,16.3,0.3431286096572876,0.4545892059803009,1.4436429407801779,0.3506529714751235,0.18188380897045137,0.33724053724053726,0.33724053724053726
1.0,0.5002660363912582,49.7,0.20864446386694907,0.9349970519542694,0.07395604287812725,0.9488011015674387,0.9024955987930298,0.6797313797313799,0.6797313797313799
2.0,0.33107386231422425,32.7,0.16654473692178726,0.6533312201499939,1.251929189038264,0.5465355508463218,0.4799968391656876,0.584126984126984,0.584126984126984
