,Accuracy,F1 (micro)
Global,0.8223443223443224,0.8223443223443224
