ACC imiting Annotator,CE imiting Annotator
0.6087287331069773,0.8170233919175456
