,Accuracy,F1 (micro),Mean KL,Mean JS,Wmean KL,Wmean JS
Global,0.7798534798534799,0.7798534798534799,2.0992835092123663,0.1394045609804679,1.9487739810812417,0.12584933458783287
