,Accuracy,F1 (micro)
Global,0.8952380952380953,0.8952380952380953
