ACC imiting Annotator,CE imiting Annotator
0.6007461467000912,0.8445851892232895
