,Accuracy,F1 (micro)
Global,0.5438339438339437,0.5438339438339437
