Groups,Prob,T(g),Entropy,Diag Mean,KL to I,I sim %(JS),Spammer,Accuracy,F1 (micro)
0.0,0.2901042617857456,579.75,0.3772467590868473,0.6602907106280327,0.8626547193092542,0.7474641165475191,0.32695737946778536,0.5562271062271062,0.5562271062271062
1.0,0.3867226913571358,773.0,0.37456969618797303,0.6561901614069938,0.8950376450933607,0.7415754278140926,0.322856829315424,0.6098290598290597,0.6098290598290597
2.0,0.323173051327467,645.85,0.3591760566458106,0.6750020675361157,0.8502065475369195,0.7567685538723566,0.3416687252931297,0.5988400488400487,0.5988400488400487
