,Accuracy,F1 (micro),Mean KL,Mean JS,Wmean KL,Wmean JS
Global,0.6412291412291412,0.6412291412291412,1.1047194935673759,0.11312911417915003,1.1017723468940674,0.11282830085437334
