,Accuracy,F1 (micro),Mean KL,Mean JS,Wmean KL,Wmean JS,Mean RMSE,Wmean RMSE
Global,0.8657712657712657,0.8657712657712657,0.7786450073581819,0.14664110620331566,0.7803325150793992,0.1468924171590126,0.15278143405963776,0.1528969784635166
