,Accuracy,F1 (micro),Mean KL,Mean JS,Mean PearsonCorr
Global,0.4526048026048025,0.4526048026048025,0.28460344862050524,0.07880857893091772,0.9089303673151179
