,Accuracy,F1 (micro),Mean KL,Mean JS,Wmean KL,Wmean JS
Global,0.5534391534391534,0.5534391534391534,2.2507801252109796,0.19656446281292747,2.251320976757904,0.1965898213628239
