,Accuracy,F1 (micro),Mean KL,Mean JS,Mean PearsonCorr,Average RMSE
Global,0.543080993080993,0.543080993080993,0.2377567138913717,0.06962834181135721,,0.2134170991268422
