,Accuracy,F1 (micro)
Global,0.7151404151404153,0.7151404151404153
