,Accuracy,F1 (micro)
Global,0.5843711843711844,0.5843711843711844
