,Accuracy,F1 (micro)
Global,0.6296092796092795,0.6296092796092796
