Mean ACC imiting Annot,Mean cross-entropy,Wmean ACC imiting Annot,wMean cross entropy
0.6247259881614696,0.8767099363224793,0.6244891326426976,0.8766484092621288
