,Accuracy,F1 (micro)
Global,0.6943223443223443,0.6943223443223443
