,Accuracy,F1 (micro),Mean KL,Mean JS,Wmean KL,Wmean JS,Mean RMSE,Wmean RMSE
Global,0.8993487993487994,0.8993487993487994,0.017402801819400564,0.007481481830373527,0.0173188298065121,0.007447546639172717,0.10579129157674343,0.10618502058955434
