,Accuracy,F1 (micro)
Global,0.7600732600732603,0.7600732600732603
