,Accuracy,F1 (micro)
Global,0.9235653235653236,0.9235653235653236
