,Accuracy,F1 (micro),Mean KL,Mean JS,Mean PearsonCorr
Global,0.8977411477411475,0.8977411477411475,2.177849489620262,0.12999868893607747,
