ACC imiting Annotator,CE imiting Annotator
0.6025984044671515,0.8258741559485046
