,Accuracy,F1 (micro),Mean KL,Mean JS,Wmean KL,Wmean JS
Global,0.6460724460724461,0.6460724460724461,1.4640634863443207,0.17479260461228352,1.4576789337750102,0.17448877480123048
