,Accuracy,F1 (micro)
Global,0.9130647130647132,0.9130647130647132
