Mean ACC imiting Annot,Mean cross-entropy,Wmean ACC imiting Annot,wMean cross entropy
0.6198850040076922,0.7689424767535715,0.6199372120520243,0.7693888212712571
