,Accuracy,F1 (micro),Mean KL,Mean JS,Wmean KL,Wmean JS,Mean RMSE,Wmean RMSE
Global,0.9121286121286121,0.9121286121286121,0.013698675879076232,0.005476668782782262,0.013669312353310707,0.005462748925854049,0.10613442894010827,0.10493812279009966
