,Accuracy,F1 (micro)
Global,0.7435897435897438,0.7435897435897438
