,Accuracy,F1 (micro),Mean KL,Mean JS,Wmean KL,Wmean JS,Mean RMSE,Wmean RMSE
Global,0.8880341880341881,0.8880341880341881,0.3319303980120607,0.13852615777091645,0.30849201047768526,0.12911336322887804,0.13271341453583735,0.14227133835811773
