,Accuracy,F1 (micro)
Global,0.7118437118437119,0.7118437118437119
