,Accuracy,F1 (micro),Mean KL,Mean JS,Mean PearsonCorr
Global,0.5130850630850631,0.5130850630850631,1.7488124971473957,0.12873212039745113,0.4635923176533921
