ACC imiting Annotator,CE imiting Annotator
0.6415991372371088,0.7795330285468687
