,Accuracy,F1 (micro),Mean KL,Mean JS,Mean PearsonCorr
Global,0.4961945461945462,0.4961945461945462,0.2564690854351111,0.07153871291169293,0.9127700642388975
