Groups,Prob,T(g),Entropy,Diag Mean,KL to I,I sim %(JS),Spammer,Accuracy,F1 (micro)
0.0,0.3364757619798183,33.1,0.3567758694291115,0.6143967561423779,1.4789018106405658,0.6755233904908099,0.2810634334222414,0.6002442002442001,0.6002442002442001
1.0,0.3380675047636032,33.3,0.43788683265447614,0.612176688015461,1.2534969121352189,0.6974577429965589,0.2788433484500274,0.6113553113553112,0.6113553113553112
2.0,0.32545673847198486,31.95,0.4496306739747524,0.5349290326237679,1.446528438764687,0.6294278062020022,0.20159569550305606,0.6144078144078142,0.6144078144078142
