,Accuracy,F1 (micro),Mean KL,Mean JS,Wmean KL,Wmean JS
Global,0.5695563695563695,0.5695563695563695,1.903302107040135,0.1881358912856829,1.9037559001396112,0.18815726054702234
