Groups,Prob,T(g),Entropy,Diag Mean,KL to I,I sim %(JS),Spammer,Accuracy,F1 (micro)
0.0,0.3231080673635006,3230.35,0.37527163363993166,0.7204974859952926,0.9266252831428698,0.7910040154492046,0.38716416256502273,0.7550061050061051,0.7550061050061051
1.0,0.3314109191298485,3313.3,0.39922704473137854,0.6855150133371353,0.9810335197652993,0.767647413274235,0.35218168459832666,0.6454212454212452,0.6454212454212452
2.0,0.3454810120165348,3454.15,0.3850393213331699,0.7083766758441925,0.9064788173140309,0.7833829262722187,0.37504334338154877,0.6982905982905981,0.6982905982905981
