,Accuracy,F1 (micro)
Global,0.6664224664224664,0.6664224664224664
