Groups,Prob,T(g),Entropy,Diag Mean,KL to I,I sim %(JS),Spammer,Accuracy,F1 (micro)
0.0,0.3174187853932381,3173.45,0.49691095054149625,0.5580060975626111,1.3107878845204404,0.6678966154727937,0.2246727709658444,0.6393162393162393,0.6393162393162393
1.0,0.32086399495601653,3207.85,0.4981056585907936,0.5601826645433903,1.3059616160473102,0.6700207014248207,0.22684932729853244,0.6434065934065935,0.6434065934065935
2.0,0.3617172181606293,3616.6,0.4953745648264885,0.5565214905887842,1.328386258206271,0.6663769195255934,0.22318815833423286,0.6344932844932845,0.6344932844932845
