,Accuracy,F1 (micro),Mean KL,Mean JS,Mean PearsonCorr
Global,0.6243386243386244,0.6243386243386244,1.2109646651049093,0.1087881874187863,0.4264809986915606
