Groups,Prob,T(g),Entropy,Diag Mean,KL to I,I sim %(JS),Spammer,Accuracy,F1 (micro)
0.0,0.37511411011219026,749.7,0.14890478700399398,0.6574893891811371,1.2733603459919887,0.5477690998509133,0.48623406291008,0.5512820512820511,0.5512820512820511
1.0,0.4512626349925995,902.0,0.25730768889188765,0.9152015507221222,0.09719365272779898,0.9328058386522006,0.872802323102951,0.6682539682539683,0.6682539682539683
2.0,0.1736232668161392,346.8,0.35961160957813265,0.5292116671800613,1.2763579563027359,0.44059618702229547,0.29381750114262106,0.3516483516483517,0.3516483516483517
