,Accuracy,F1 (micro)
Global,0.6335164835164835,0.6335164835164835
