,Accuracy,F1 (micro)
Global,0.6830891330891332,0.6830891330891332
