,Accuracy,F1 (micro)
Global,0.9390720390720391,0.9390720390720391
