,Accuracy,F1 (micro)
Global,0.8575091575091575,0.8575091575091575
