,Accuracy,F1 (micro),Mean KL,Mean JS,Mean PearsonCorr
Global,0.517826617826618,0.517826617826618,0.34231876436250114,0.08559800293312277,0.8010258678188238
