,Accuracy,F1 (micro)
Global,0.5287545787545787,0.5287545787545787
