,Accuracy,F1 (micro)
Global,0.9025641025641027,0.9025641025641027
