,Accuracy,F1 (micro),Mean KL,Mean JS,Wmean KL,Wmean JS,Mean RMSE,Wmean RMSE
Global,0.9030932030932031,0.9030932030932031,0.5156548970133503,0.11807923938754794,0.541639555867018,0.11956577673442403,0.16770080774077648,0.1700040741495213
