Mean ACC imiting Annot,Mean cross-entropy,Wmean ACC imiting Annot,wMean cross entropy
0.697871326513847,0.69818913413395,0.6938109420260291,0.7056080347464552
