,Accuracy,F1 (micro),Mean KL,Mean JS,Mean PearsonCorr
Global,0.4526048026048025,0.4526048026048025,1.81948424373481,0.16331743085226264,0.38814323972422776
