,Accuracy,F1 (micro),Mean KL,Mean JS,Wmean KL,Wmean JS,Mean RMSE,Wmean RMSE
Global,0.8515262515262515,0.8515262515262515,0.6351021984436349,0.13464690022398146,0.6435562211850909,0.13514299557804893,0.17742493415006005,0.17613316470156257
