,Accuracy,F1 (micro),Mean KL,Mean JS,Wmean KL,Wmean JS
Global,0.672039072039072,0.672039072039072,1.2133894541965398,0.18346754917405242,1.208063212440802,0.18323933202670176
