,Accuracy,F1 (micro)
Global,0.5753357753357753,0.5753357753357753
