Mean ACC imiting Annot,Mean cross-entropy,Wmean ACC imiting Annot,wMean cross entropy
0.7515872188606453,0.6028803863165786,0.7359543695253616,0.6269004533674357
