,Accuracy,F1 (micro)
Global,0.6915140415140416,0.6915140415140416
