,Accuracy,F1 (micro),F1 (macro)
All,0.005276422777661449,0.0052764227776614615,0.005629115449500939
