,Accuracy,F1 (micro),F1 (macro)
All,0.7442985746436609,0.7442985746436609,0.7430588362081727
