,Accuracy,F1 (micro),F1 (macro)
All,0.015408087437809184,0.015408087437809179,0.018998842064508168
