ACC imiting Annot mean,F1-mi imiting Annot mean,F1-ma imiting Annot mean,ACC imiting Annot wmean,F1-mi imiting Annot wmean,F1-ma imiting Annot wmean
0.7767488007163927,0.7767488007163927,0.7209871151058092,0.7618863980393572,0.7618863980393572,0.7322493240258982
