,Accuracy,F1 (micro),F1 (macro)
All,0.742248062015504,0.742248062015504,0.7413338355775999
