,Accuracy,F1 (micro),F1 (macro),(R) NormF mean,(R) JS mean,(R) NormF w,(R) JS w,(G) NormF,(G) JS,RMSE mean,RMSE w
All,0.012419484339809071,0.012419484339809052,0.012718290898610703,0.0005569710497066835,0.0001477708543192986,0.0005718601131933047,0.00011546261856367393,0.0005371939891646964,5.454214269962435e-05,0.004845474451056851,0.004872302589566505
