,Accuracy,F1 (micro),F1 (macro),(R) NormF mean,(R) JS mean,(R) NormF w,(R) JS w,(G) NormF,(G) JS,RMSE mean,RMSE w
All,0.0025993465276265516,0.002599346527626539,0.0026180962684029282,0.00473318858485733,0.0023685808671918326,0.0057049709465056215,0.0019206966682790497,0.006437987830472432,0.0021647592567567327,0.0065406359562130804,0.010306741540664553
