Groups,Prob,T(g),Entropy,Diag mean,Isim (JS),S_raykar,S_bias,C_bias,Iner JS,Iner NormF,Accuracy,F1 (micro)
0.0,0.010406750935805245,2.051828452868319,0.01900759091652767,0.005752219635196871,0.002954381510254821,0.011504439270393768,0.007167446550523627,0.4974937185533101,0.030197713095017214,0.028486563960001425,0.00502636542102253,0.005026365421022519
0.0,0.011414636665640463,2.3124662159694354,0.060334023119283486,0.01638217786864242,0.034455046265211876,0.032764355737284846,0.02295066634136366,0.0,0.030197713095017214,0.028486563960001425,5.551115123125783e-17,5.551115123125783e-17
0.0,0.019456801279068382,3.8894086954188807,0.0994709081078709,0.04815261437369516,0.07465533231527417,0.0963052287473903,0.0532207729947633,0.0,0.030197713095017214,0.028486563960001425,0.0,0.0
