,Accuracy,F1 (micro),F1 (macro)
All,0.7521380345086272,0.7521380345086272,0.7512947695679951
