ACC imiting Annot mean,F1-mi imiting Annot mean,F1-ma imiting Annot mean,ACC imiting Annot wmean,F1-mi imiting Annot wmean,F1-ma imiting Annot wmean
0.0026573768343301557,0.0026573768343301617,0.003481734264054047,0.002296657288559121,0.0022966572885591277,0.0035979213033231023
