ACC imiting Annot mean,F1-mi imiting Annot mean,F1-ma imiting Annot mean,ACC imiting Annot wmean,F1-mi imiting Annot wmean,F1-ma imiting Annot wmean
0.0057709141126491585,0.0057709141126491585,0.003881949497258908,0.002786699859951267,0.0027866998599512696,0.005246399802289109
