ACC imiting Annot mean,F1-mi imiting Annot mean,F1-ma imiting Annot mean,ACC imiting Annot wmean,F1-mi imiting Annot wmean,F1-ma imiting Annot wmean
0.0052747286187983106,0.0052747286187983106,0.00680825573289179,0.004091504871576864,0.004091504871576864,0.004438489095199387
