,Accuracy,F1 (micro),F1 (macro)
All,0.007229996674197107,0.0072299966741971025,0.0076405420568757074
