,Accuracy,F1 (micro),F1 (macro)
All,0.7572768192048012,0.7572768192048012,0.7568218579290382
