,Accuracy,F1 (micro),F1 (macro),(R) NormF mean,(R) JS mean,(R) NormF w,(R) JS w,(G) NormF,(G) JS,RMSE mean,RMSE w
All,0.8296759351870374,0.8296759351870374,0.8293079331566486,0.09092703912891173,0.028504850139129713,0.03615246786234026,0.0039018339539050573,0.033504503980437896,0.0012253131224553401,0.10511705397561488,0.09046349023282634
