,Accuracy,F1 (micro),F1 (macro),(R) NormF mean,(R) JS mean,(R) NormF w,(R) JS w,(G) NormF,(G) JS
All,0.016745329235468603,0.016745329235468596,0.018743420118230113,8.326672684688674e-17,2.0816681711721685e-17,2.7755575615628914e-17,6.938893903907228e-18,6.938893903907228e-18,0.0
