,Accuracy,F1 (micro),F1 (macro)
All,0.004689644807287308,0.004689644807287308,0.007559642208701142
