,Accuracy,F1 (micro),F1 (macro)
All,0.6786827152196493,0.6786827152196493,0.5706629533756885
