,Accuracy,F1 (micro),F1 (macro),(R) NormF mean,(R) JS mean,(G) NormF,(G) JS
All,0.708575864588407,0.708575864588407,0.6321320568177226,0.2763414796463026,0.35732020012902016,0.11818689104604926,0.10108958352706506
