,Accuracy,F1 (micro),F1 (macro)
All,0.00458031372341536,0.00458031372341536,0.009359556833755578
