,Accuracy,F1 (micro),F1 (macro)
All,0.005761743284875375,0.005761743284875375,0.009277696227243656
