,Accuracy,F1 (micro),F1 (macro)
All,0.5948365206662555,0.5948365206662555,0.4744789997239593
