,Accuracy,F1 (micro),F1 (macro)
All,0.653251339503166,0.653251339503166,0.5353101260408034
