,Accuracy,F1 (micro),F1 (macro),(R) NormF mean,(R) JS mean,(G) NormF,(G) JS
All,0.7095896249391135,0.7095896249391135,0.6148315501878334,0.26444891903696355,0.3429854636715056,0.0974532039029206,0.08783204864500305
