,Accuracy,F1 (micro),F1 (macro),(R) NormF mean,(R) JS mean,(G) NormF,(G) JS
All,0.7163876035070628,0.7163876035070628,0.6300523501942299,0.30805007926513384,0.41096040156261093,0.15658562356185599,0.15573933414446745
