,Accuracy,F1 (micro),F1 (macro),(R) NormF mean,(R) JS mean,(G) NormF,(G) JS
All,0.0043491243424034105,0.004349124342403417,0.006971807399977279,0.0019093611609742123,0.005073742152387442,0.002206910419673856,0.00600406426894967
