,Accuracy,F1 (micro),F1 (macro),(R) NormF mean,(R) JS mean,(G) NormF,(G) JS
All,0.0016624664801734334,0.0016624664801734334,0.008217940726768945,0.00030706000811143487,0.0005008505413804243,0.00021637881707365096,0.00039245795979963926
