,Accuracy,F1 (micro),F1 (macro)
All,0.003276092604119102,0.003276092604119102,0.010349330512920137
