Groups,Prob,Entropy,Diag mean,Isim (JS),S_raykar,S_bias,C_bias,Iner JS,Iner NormF,Accuracy,F1 (micro)
0.0,0.009160660567252893,0.043044245969879075,0.023913806840627275,0.0166914416835141,0.02869656820875274,0.014466015962756507,1.2,0.012055571687463037,0.012090363349934404,0.003913028862158907,0.003913028862158907
0.0,0.010740429864018965,0.025960669874131516,0.009961293975092163,0.005410633021695471,0.011953552770110508,0.00843580108062435,0.30000000000000004,0.012055571687463037,0.012090363349934404,0.004521104666397341,0.004521104666397341
0.0,0.013466690103039072,0.02919322960121414,0.02378782337329471,0.0212589401093365,0.028545388047953625,0.007458772042666654,0.0,0.012055571687463037,0.012090363349934404,0.009589562468995356,0.00958956246899535
