,Accuracy,F1 (micro),F1 (macro),(R) NormF mean,(R) JS mean,(R) NormF w,(R) JS w,(G) NormF,(G) JS
All,0.6190787871407697,0.6190787871407697,0.4689754960728826,0.2450387189799855,0.29275667764442775,0.19544283972073095,0.2121523928049131,0.06888241125186442,0.030376258999254994
