,Accuracy,F1 (micro),F1 (macro),(R) NormF mean,(R) JS mean,(R) NormF w,(R) JS w,(G) NormF,(G) JS
All,0.0026730823750643344,0.0026730823750643344,0.006271241166879362,1.3877787807814457e-16,5.551115123125783e-17,2.7755575615628914e-17,0.0,0.0,2.7755575615628914e-17
