Groups,Prob,Entropy,Diag mean,Isim (JS),S_raykar,S_bias,C_bias,Iner JS,Iner NormF,Accuracy,F1 (micro)
0.0,0.0834551780812422,0.08633133118553937,0.06363054256969393,0.053467586066086877,0.07635665108363275,0.05535980286844178,1.8020821290940099,0.08932375604523732,0.051027015466581005,0.03287723317167865,0.03287723317167865
0.0,0.07487380120750538,0.10438574229183922,0.1009487816725261,0.08519541514233468,0.12113853800703131,0.06367184581492494,1.624807680927192,0.08932375604523732,0.051027015466581005,0.04388299846481037,0.04388299846481037
0.0,0.07640515515872899,0.14890790709935986,0.12978304304835464,0.11706394317328835,0.15573965165802556,0.0866954427126038,1.452583904633395,0.08932375604523732,0.051027015466581005,0.14279354076688483,0.14279354076688483
