,Accuracy,F1 (micro),F1 (macro),(R) NormF mean,(R) JS mean,(R) NormF w,(R) JS w,(G) NormF,(G) JS
All,0.6220196054554311,0.6220196054554311,0.4805879705222593,0.23937424831651724,0.29497138322027283,0.1554229704799934,0.14579858595161402,0.11263163467653747,0.06436335397814494
