Groups,Prob,Entropy,Diag mean,Isim (JS),S_raykar,S_bias,C_bias,Iner JS,Iner NormF,Accuracy,F1 (micro)
0.0,0.43057897835969927,0.39850898989311745,0.7539973478583921,0.8364653680602796,0.7047968174300707,0.15613027631072995,4.6,0.20012330694446287,0.2411788830550437,0.5417088217149908,0.5417088217149908
1.0,0.23525687530636788,0.10586543451828419,0.9768323896737598,0.9880109006220943,0.9721988676085116,0.013768258474108402,0.9,0.20012330694446287,0.2411788830550437,0.592658852560148,0.592658852560148
2.0,0.3341640368103981,0.3139104428832336,0.7656605905514898,0.8338464299846132,0.7187927086617878,0.1364084987054091,2.0,0.20012330694446287,0.2411788830550437,0.46528685996298585,0.46528685996298585
