,Accuracy,F1 (micro),F1 (macro),(R) NormF mean,(R) JS mean,(R) NormF w,(R) JS w,(G) NormF,(G) JS
All,0.6241171456405261,0.6241171456405261,0.48874267262524446,0.22990165752531766,0.2702682028591673,0.1810487276682703,0.19499873855201502,0.026072782035246538,0.003016960506962158
