,Accuracy,F1 (micro),F1 (macro)
All,0.614065180102916,0.614065180102916,0.4850116187598606
