,Accuracy,F1 (micro),F1 (macro)
All,0.002190093055074978,0.002190093055074978,0.006587456512909258
