,Accuracy,F1 (micro),F1 (macro)
All,0.5915977791486736,0.5915977791486736,0.4353739182174897
