,Accuracy,F1 (micro),F1 (macro),(R) NormF mean,(R) JS mean,(R) NormF w,(R) JS w,(G) NormF,(G) JS
All,0.0035760393231274164,0.0035760393231274164,0.00982852942880027,0.0,1.1102230246251565e-16,2.7755575615628914e-17,5.551115123125783e-17,3.469446951953614e-18,8.673617379884035e-19
