,Accuracy,F1 (micro)
Global,0.6736874236874237,0.6736874236874237
