,Accuracy,F1 (micro),Mean KL,Mean JS,Mean PearsonCorr,Average RMSE
Global,0.6701668701668699,0.6701668701668699,0.983550843191731,0.12034188335451643,0.6497958780069887,0.1604625581939056
