Groups,Prob,T(g),Entropy,Diag Mean,KL to I,I sim %(JS),Spammer,Accuracy,F1 (micro)
0.0,0.3552789680659771,710.15,0.21428764276206494,0.6248601947445422,1.5074094726508824,0.6687915304669206,0.4372902993112803,0.5751526251526251,0.5751526251526251
1.0,0.32414259389042854,647.8,0.23533657751977444,0.5385499343276023,1.7360227653404785,0.5975015326637403,0.3078248864156194,0.5228937728937728,0.5228937728937728
2.0,0.32057843133807185,640.65,0.21219865828752518,0.5373380015604198,1.837953302444507,0.5853728722695525,0.3060070091858506,0.5784493284493284,0.5784493284493284
