Groups,Prob,T(g),Entropy,Diag Mean,KL to I,I sim %(JS),Spammer,Accuracy,F1 (micro)
0.0,0.3442716423422098,33.9,0.2588444478809834,0.6786578163504601,1.1703492254784371,0.733625247466952,0.517986740777269,0.6588522588522588,0.6588522588522588
1.0,0.343000254034996,33.9,0.30433076750487087,0.6678500458598137,1.0830638744363859,0.7309416326947492,0.5017750675790011,0.55,0.55
2.0,0.312728101760149,30.65,0.22142378352582454,0.5556209966540336,1.7169057068085316,0.6021104938931175,0.33343150233849883,0.5748473748473748,0.5748473748473748
