ACC imiting Annotator,CE imiting Annotator
0.6280161432232014,0.887155995332013
