Groups,Prob,T(g),Entropy,Diag Mean,KL to I,I sim %(JS),Spammer,Accuracy,F1 (micro)
0.0,0.3906803369522095,38.6,0.2285005994141102,0.5474977703765035,1.695446928254389,0.5998405463980989,0.3212466511875391,0.5788766788766789,0.5788766788766789
1.0,0.2898196056485176,28.45,0.29571213349699976,0.5108031600713729,1.7497157681704085,0.5832327788541602,0.2662047420628369,0.45757020757020755,0.45757020757020755
2.0,0.3195000573992729,31.5,0.2180480608716607,0.5010808547958732,2.031945464362434,0.5531688819502,0.2516212766990066,0.49572649572649585,0.49572649572649585
