,Accuracy,F1 (micro)
Global,0.6105616605616605,0.6105616605616605
