ACC imiting Annotator,CE imiting Annotator
0.5772699917565365,0.9222228809553815
