ACC imiting Annotator,CE imiting Annotator
0.6810123357000343,0.7655360118548717
