,Accuracy,F1 (micro)
Global,0.6776556776556778,0.6776556776556778
