ACC imiting Annotator,CE imiting Annotator
0.6471305779670828,0.8531953076828243
