,Accuracy,F1 (micro),Mean KL,Mean JS,Mean PearsonCorr,Average RMSE
Global,0.6543142043142043,0.6543142043142043,1.0707487530342532,0.13166137508990153,0.5113400492189218,0.18225052503214387
