,Accuracy,F1 (micro),F1 (macro)
All,0.585741885625966,0.585741885625966,0.45264543764011406
