,Accuracy,F1 (micro),F1 (macro),(R) NormF mean,(R) JS mean,(R) NormF w,(R) JS w,(G) NormF,(G) JS
All,0.002823553066439511,0.002823553066439511,0.007869799594102115,0.0,0.0,5.551115123125783e-17,0.0,1.3877787807814457e-17,5.204170427930421e-18
