,Accuracy,F1 (micro),F1 (macro),(R) NormF mean,(R) JS mean,(R) NormF w,(R) JS w,(G) NormF,(G) JS
All,0.003283181862561056,0.003283181862561056,0.009008706237347838,5.551115123125783e-17,1.6653345369377348e-16,2.7755575615628914e-17,0.0,1.3877787807814457e-17,2.7755575615628914e-17
