,Accuracy,F1 (micro),F1 (macro)
All,0.6560066385803651,0.6560066385803651,0.5394795978838066
