,Accuracy,F1 (micro),F1 (macro)
All,0.5697707367336424,0.5697707367336424,0.4589274220719948
