,Accuracy,F1 (micro),F1 (macro)
All,0.002877481955971191,0.002877481955971191,0.007945768432196099
