Groups,Prob,Entropy,Diag mean,Isim (JS),S_raykar,S_bias,C_bias,Iner JS,Iner NormF,Accuracy,F1 (micro)
0.0,0.1253632856616254,0.10901905300329132,0.07827426808041935,0.06208173499743584,0.09392912169650318,0.058475173395712586,1.5124483462254175,0.07565569381496316,0.0391113604256527,0.029855911156046046,0.029855911156046046
0.0,0.1114081896916626,0.14581474356347557,0.17131622886643857,0.1497195419722503,0.2055794746397263,0.1493030130545769,1.5491933384829668,0.07565569381496316,0.0391113604256527,0.09260178444934795,0.09260178444934795
0.0,0.08020060828167218,0.17029556452173472,0.15312909208000886,0.13684080971831605,0.18375491049601064,0.14481827097795896,1.6583123951777,0.07565569381496316,0.0391113604256527,0.14848568131169912,0.14848568131169912
