,Accuracy,F1 (micro),F1 (macro)
All,0.01538602053272898,0.01538602053272898,0.008018316058608522
