,Accuracy,F1 (micro),F1 (macro),(R) NormF mean,(R) JS mean,(G) NormF,(G) JS
All,0.0033969508960979685,0.0033969508960979685,0.006990958102587599,0.0025191760312414046,0.006134112222961327,0.0027968731203118764,0.007055128859616638
