,Accuracy,F1 (micro),F1 (macro)
All,0.0021867499802098937,0.0021867499802098937,0.01186521329205897
