,Accuracy,F1 (micro),F1 (macro),(R) NormF mean,(R) JS mean,(R) NormF w,(R) JS w,(G) NormF,(G) JS
All,0.6011362185624921,0.6011362185624921,0.4508658345204994,0.2566077293877879,0.312857656010423,0.21154713751381907,0.23648916266750764,0.09239054616391049,0.05000844803158102
