,Accuracy,F1 (micro),F1 (macro),(R) NormF mean,(R) JS mean,(G) NormF,(G) JS
All,0.6679592748627602,0.6679592748627602,0.5947399519056908,0.28305757294752354,0.37058394106929576,0.13087994621735877,0.11384375783561747
