,Accuracy,F1 (micro),F1 (macro)
All,0.5956980937661,0.5956980937661,0.4639296388084702
