,Accuracy,F1 (micro),F1 (macro),(R) NormF mean,(R) JS mean,(G) NormF,(G) JS
All,0.6804129962977146,0.6804129962977146,0.5949153305740882,0.2709396227101809,0.3512821976532429,0.10622755981459471,0.09535956917725345
