,Accuracy,F1 (micro),F1 (macro)
All,0.5872617207624936,0.5872617207624936,0.4411524129847823
