,Accuracy,F1 (micro),F1 (macro)
All,0.005304604418730239,0.005304604418730239,0.008206963954092221
