,Accuracy,F1 (micro),F1 (macro)
All,0.004196035771825124,0.004196035771825124,0.006854271839190812
