,Accuracy,F1 (micro),F1 (macro),(R) NormF mean,(R) JS mean,(R) NormF w,(R) JS w,(G) NormF,(G) JS
All,0.6084099323375463,0.6084099323375463,0.4823227534434931,0.24007918951790952,0.2835241727210563,0.19478429476798223,0.21199837232954394,0.053222289010608534,0.010988349454953757
