,Accuracy,F1 (micro),F1 (macro)
All,0.0037061843608114193,0.0037061843608114193,0.00767737052352879
